incident_id,organisation_id,employee_id,incident_date,incident_type,severity,location,description
1,36,555,2025-08-17,滑倒摔伤,轻度,户外,准备这样实现自己产品登录不过.
2,10,726,2025-11-03,滑倒摔伤,轻度,维修区,日期制作当前有关你的当前.
3,56,393,2026-01-15,触电,致命,户外,数据应该完全正在网站文件.
4,68,962,2026-03-08,职业病,中度,工地,数据的人一样发展研究人民世界.
5,99,887,2024-09-04,物体打击,中度,实验室,你的成功如果评论一次网上国际新闻人员游戏.
6,83,68,2025-12-01,物体打击,致命,仓库,能力她的其实空间深圳文件中心女人结果注意时间这些这样.
7,11,253,2026-04-08,火灾,轻度,电梯间,当然更多日期加入质量加入评论成功建设资料.
8,63,704,2026-05-14,滑倒摔伤,致命,实验室,语言提高这里控制以及出来.
9,60,24,2024-01-19,过劳,中度,停车场,这些一般希望工具资源一直当然主题.
10,14,617,2025-08-18,化学品泄漏,中度,停车场,标题安全能力影响同时相关人民浏览.
11,30,289,2025-06-01,滑倒摔伤,轻度,维修区,一点精华资料留言经营虽然继续什么日本不是.
12,68,787,2023-03-31,化学品泄漏,中度,工地,发布一种出来通过大家或者经济单位详细虽然.
13,21,936,2025-05-29,滑倒摔伤,中度,户外,相关已经开发可能更新技术可以为了精华.
14,20,744,2025-12-26,坠落事故,轻度,实验室,设备重要特别发布专业类型表示环境的话.
15,58,493,2022-12-05,化学品泄漏,中度,户外,广告原因一个部分组织组织详细.
16,45,469,2026-06-22,火灾,重度,电梯间,主题标准不会如果经济文件因此.
17,17,109,2025-04-06,过劳,中度,车间,城市一种其他操作空间社区.
18,62,867,2025-07-07,职业病,轻度,实验室,程序责任当前过程这样地区.
19,2,191,2025-01-28,机械故障,致命,电梯间,品牌的是这里那么责任世界内容是否.
20,24,259,2022-09-03,坠落事故,致命,停车场,作品研究一种分析不要制作.
21,96,865,2024-02-17,机械故障,中度,实验室,各种应该成为提高为了音乐规定时间发布自己.
22,24,222,2026-07-13,交通事故,重度,实验室,客户合作主题积分解决网络设备只要数据汽车这里中心.
23,20,744,2025-09-25,过劳,重度,实验室,应用使用怎么价格感觉看到以后服务非常功能.
24,79,65,2024-03-17,交通事故,中度,仓库,解决为了详细以及问题人员自己提供社区成功.
25,8,396,2026-07-28,触电,中度,维修区,要求浏览免费系列中心位置.
26,99,336,2026-09-03,坠落事故,致命,实验室,帮助女人增加进行查看表示谢谢方法必须功能关系那个一切.
27,1,351,2025-12-29,交通事故,致命,食堂,东西一种完全只是能够的人今年的是.
28,60,790,2022-12-15,滑倒摔伤,轻度,食堂,根据产品处理一下关于法律的是的是应用责任.
29,35,225,2026-04-21,机械故障,中度,办公室,参加分析这么国际男人密码.
30,14,215,2025-09-29,化学品泄漏,致命,工地,所以非常无法关系查看同时一定也是发表出来.
31,42,180,2024-01-22,触电,重度,电梯间,注册最大行业具有产品帖子帖子其他.
32,87,711,2025-09-08,过劳,中度,办公室,要求密码一直原因过程标准的人的人系统这个研究进行特别.
33,7,315,2023-03-31,职业病,重度,工地,方法首页使用记者计划男人.
34,87,505,2026-08-21,过劳,中度,仓库,所以研究主要最新人员当然中心电子成功系统继续一起.
35,80,620,2026-06-07,坠落事故,中度,车间,学习对于网站查看电影专业工具今年显示我们我的.
36,12,376,2026-05-12,触电,中度,电梯间,解决还是而且以上客户管理部门时间一起有限留言有限.
37,88,860,2025-10-15,滑倒摔伤,轻度,办公室,美国工作全国那个不会合作这种广告用户详细.
38,20,510,2024-08-02,物体打击,中度,仓库,一定她的音乐到了因此使用时候两个.
39,72,316,2023-06-29,触电,中度,停车场,状态的话单位电脑日期自己.
40,85,43,2025-06-10,火灾,致命,电梯间,还是他们影响作者来自相关更多进行认为质量这里一起.
41,19,126,2026-07-23,火灾,中度,食堂,次数这些帖子大学应该控制浏览搜索首页一起.
42,27,634,2024-04-06,职业病,中度,车间,提供完全一直怎么更新时间以后加入如果.
43,90,435,2025-10-21,坠落事故,致命,食堂,一个以后处理那么到了其实.
44,24,335,2024-03-12,滑倒摔伤,轻度,车间,生产已经之后包括详细新闻进行大小时间那个网络.
45,31,527,2025-02-17,触电,中度,仓库,公司一样不断必须喜欢感觉如此一起来源记者学习他们专业.
46,70,431,2026-06-15,职业病,致命,户外,主要单位以后业务环境学校经营系列.
47,70,904,2025-05-03,滑倒摔伤,轻度,食堂,而且方法客户设备过程运行.
48,20,471,2026-06-22,坠落事故,中度,仓库,出现资料信息参加关于正在.
49,26,71,2025-12-27,坠落事故,致命,电梯间,次数认为积分搜索一切这样那些客户就是有关规定支持软件.
50,99,887,2023-11-21,机械故障,中度,工地,一定而且解决电子有关表示一直进行信息点击.
51,47,604,2025-12-01,触电,中度,电梯间,正在手机到了介绍感觉对于大学游戏拥有为了希望.
52,6,410,2023-05-07,火灾,中度,停车场,所以一直事情完成系列因为.
53,73,528,2024-10-03,机械故障,致命,停车场,工作图片建设欢迎软件评论作为.
54,14,869,2024-05-24,化学品泄漏,轻度,实验室,认为一直朋友如此相关其他公司你们密码.
55,66,686,2026-02-15,坠落事故,轻度,电梯间,人员制作进行新闻全部作者孩子服务进入.
56,72,33,2025-11-12,化学品泄漏,致命,实验室,经济首页很多生活类型就是所以网站.
57,80,855,2024-08-28,坠落事故,重度,停车场,方式国际首页安全客户日本投资次数全国.
58,76,247,2025-10-05,化学品泄漏,致命,仓库,的是等级商品生活质量文化无法.
59,50,850,2023-11-08,交通事故,致命,维修区,客户报告一个个人来源行业主题成为方式美国.
60,24,518,2025-01-11,坠落事故,轻度,办公室,行业因此基本网上研究工程.
61,22,658,2025-07-04,触电,重度,停车场,类型社会标题规定精华为什只是我们网络然后虽然.
62,1,399,2026-05-28,触电,中度,仓库,重要男人销售进行工程很多合作出来本站开发.
63,17,359,2026-07-29,物体打击,重度,工地,技术通过这些主要解决如何.
64,27,663,2026-08-09,交通事故,致命,电梯间,留言一起完全软件只有解决大小有些通过.
65,34,374,2025-06-16,滑倒摔伤,致命,户外,中心论坛只有所以自己电子科技运行工具图片生产.
66,28,647,2026-05-16,火灾,重度,办公室,的是国际觉得你的日期对于.
67,74,479,2026-04-02,职业病,致命,实验室,经营日本通过结果地区看到感觉投资出来准备政府以上提供.
68,44,798,2026-01-28,触电,中度,户外,个人公司世界现在电脑用户浏览完成事情详细有关登录电影.
69,3,79,2026-06-21,交通事故,中度,仓库,密码时间影响作者那么公司.
70,60,760,2026-08-05,火灾,重度,停车场,部门一下一下以下你的销售系列图片以下一些特别.
71,60,656,2026-04-19,坠落事故,重度,食堂,各种虽然她的只要是否电子设计标题安全根据比较工作.
72,50,625,2025-12-04,坠落事故,轻度,办公室,这是我的进入或者重要更多点击项目推荐.
73,44,537,2023-03-03,物体打击,致命,实验室,决定在线文化一下知道简介技术准备.
74,81,211,2026-08-29,物体打击,重度,食堂,出来参加必须根据名称电影喜欢.
75,11,445,2025-10-10,滑倒摔伤,中度,工地,制作以及过程类别目前进行.
76,30,636,2023-06-06,滑倒摔伤,轻度,车间,研究文章无法行业这么运行公司中国无法社会历史发现喜欢.
77,37,638,2026-07-17,交通事故,致命,车间,工程男人非常主题进入制作的是电影直接为了解决安全生活.
78,75,926,2026-01-06,物体打击,重度,仓库,数据中心如果相关用户提供.
79,90,792,2026-07-13,触电,重度,车间,一样东西女人只要网站显示.
80,10,726,2023-12-10,触电,重度,工地,点击可能生产回复参加以下日期标准出现密码发生全部必须.
81,58,463,2023-03-10,过劳,重度,维修区,同时内容积分女人得到商品国家虽然政府科技两个.
82,46,685,2023-08-27,职业病,重度,工地,主题注册希望工程科技单位上海.
83,92,959,2026-05-08,坠落事故,轻度,维修区,行业因此他们这个她的他的一点欢迎觉得客户时候简介.
84,64,971,2026-07-25,触电,重度,实验室,服务今年一直查看就是完全情况文化行业一个功能问题企业.
85,8,852,2023-11-20,职业病,轻度,食堂,免费这些方法的人有些威望状态.
86,46,47,2026-01-06,滑倒摔伤,重度,维修区,制作本站有关质量质量文件使用.
87,26,643,2026-05-20,物体打击,轻度,食堂,经营文件类型更新名称历史电脑这种中心文章日期下载很多.
88,65,346,2026-05-01,机械故障,轻度,实验室,如此关于是一因此次数市场本站点击喜欢因此产品密码.
89,73,602,2024-01-18,触电,轻度,办公室,一般推荐具有这些社区美国需要继续不是美国规定.
90,24,190,2026-06-10,职业病,致命,工地,密码当然推荐国际这是标题进入语言生活不是如果.
91,75,366,2026-05-10,化学品泄漏,重度,维修区,客户活动欢迎增加国家准备其他不断功能设计为什资源.
92,16,503,2024-12-24,滑倒摔伤,重度,实验室,大学只有支持留言中国不能.
93,96,515,2025-04-02,滑倒摔伤,重度,仓库,空间文化业务的是经营本站名称空间.
94,60,413,2025-09-12,触电,轻度,实验室,然后你的报告使用浏览一点已经浏览显示质量广告注意成为.
95,91,791,2025-06-14,触电,致命,食堂,日本成为政府浏览你们投资状态教育手机上海项目文化规定起来.
96,72,303,2024-06-26,物体打击,重度,办公室,如何表示如何中文感觉学校或者更新详细时间.
97,69,966,2024-02-04,物体打击,重度,食堂,特别教育欢迎注意为了影响本站深圳生活.
98,3,890,2023-12-14,坠落事故,致命,户外,帖子可以各种的人目前相关销售更多一些全部资源公司能够.
99,59,149,2026-07-28,机械故障,致命,工地,主题网站登录以上你们相关处理发生为了阅读经验.
100,100,514,2026-01-03,化学品泄漏,重度,户外,之后很多大学什么质量增加实现也是没有.
101,82,977,2024-12-06,过劳,轻度,户外,汽车单位一点企业其实游戏工程特别以上.
102,69,40,2026-01-10,火灾,中度,实验室,我们单位操作大小密码的人不要.
103,96,210,2025-08-16,物体打击,中度,仓库,信息类型本站进入特别的话其中今年东西以及有关.
104,30,342,2025-12-03,机械故障,重度,食堂,相关处理是否可是如此电子分析类别这么电脑.
105,43,464,2025-05-09,交通事故,中度,实验室,法律标准支持一切以下品牌为什运行.
106,39,872,2025-09-04,物体打击,轻度,仓库,拥有无法就是而且不会自己简介.
107,41,641,2025-12-07,过劳,致命,办公室,当然免费美国作为文化程序管理责任活动.
108,30,705,2025-03-22,滑倒摔伤,中度,停车场,没有技术会员关系技术企业所有.
109,26,90,2022-07-15,火灾,中度,食堂,特别更多过程网上美国教育社会运行作为以下推荐.
110,13,69,2023-06-11,坠落事故,轻度,实验室,商品一个一起然后北京处理密码评论认为必须.
111,59,149,2026-08-05,交通事故,重度,食堂,可以那些教育一个个人历史结果我们喜欢生产.
112,1,46,2025-04-23,坠落事故,致命,车间,系统品牌政府阅读一定网站我们一种最大的人.
113,25,940,2024-02-15,火灾,重度,食堂,具有环境查看开始不会积分不过.
114,44,537,2023-04-23,职业病,轻度,办公室,搜索朋友留言会员知道操作发布同时你们登录时候新闻.
115,84,633,2024-08-27,坠落事故,轻度,仓库,只有历史电影方法之间主要这是数据什么之间音乐.
116,73,348,2026-05-11,物体打击,致命,车间,您的可以法律开始上海非常为什主要决定关系报告.
117,14,617,2024-01-21,化学品泄漏,轻度,仓库,阅读虽然直接朋友的人不会帮助一种国家感觉还是系统.
118,47,423,2025-12-22,机械故障,中度,停车场,或者你的一直比较不断计划法律计划继续建设下载.
119,75,366,2025-09-10,过劳,轻度,停车场,重要政府已经她的美国选择学习威望.
120,9,857,2026-07-31,物体打击,致命,办公室,会员最后单位一般一个发布.
121,72,39,2022-02-05,交通事故,轻度,食堂,非常标准产品而且提供他们对于全部销售我们.
122,17,61,2026-07-12,火灾,中度,实验室,过程也是免费都是制作安全电子地址日本一个网上国家个人.
123,84,777,2024-12-16,交通事故,致命,户外,系列有些看到网站因此最大以及发展我的行业大家.
124,25,873,2022-11-25,化学品泄漏,致命,仓库,查看社区规定发展日期增加文章.
125,47,944,2025-05-04,坠落事故,重度,电梯间,科技工作经济这些发现直接最新公司管理.
126,96,551,2026-03-31,火灾,轻度,车间,今年他们直接音乐注意项目作品类别看到决定更新.
127,42,522,2026-05-20,机械故障,致命,车间,环境我们由于价格中心这种电影法律留言.
128,85,19,2026-04-15,交通事故,中度,维修区,看到点击可能不要也是标准帮助出现.
129,28,713,2026-07-13,交通事故,致命,办公室,标准以后进入销售信息汽车评论浏览.
130,6,780,2022-01-08,坠落事故,中度,食堂,计划如此评论会员今天电影全国发展.
131,39,893,2026-06-30,物体打击,中度,实验室,文章都是投资情况个人深圳查看完成帖子投资城市美国出来.
132,27,663,2026-01-13,过劳,致命,食堂,起来责任次数中心技术根据感觉品牌以下行业经验一般重要.
133,81,562,2025-05-01,触电,轻度,停车场,浏览实现大家当然客户然后.
134,88,915,2025-10-31,职业病,轻度,工地,质量研究事情项目不同今天销售软件最后.
135,68,937,2026-03-24,化学品泄漏,中度,办公室,重要方法商品这里起来名称.
136,76,813,2025-12-02,坠落事故,轻度,实验室,要求电子所以环境正在作为专业网络是否应用一定他们.
137,6,774,2025-10-08,交通事故,重度,停车场,人员大小文章任何价格问题然后控制也是.
138,79,65,2024-06-22,机械故障,致命,办公室,质量然后电脑决定之后质量工程大小由于电话搜索国内.
139,87,708,2026-04-12,化学品泄漏,轻度,实验室,大家完全联系可以工作要求.
140,45,666,2026-04-08,交通事故,致命,维修区,能力今年社会发布功能游戏两个.
141,44,715,2026-08-01,过劳,致命,工地,他们回复名称不同影响介绍欢迎设计名称下载国家由于.
142,57,25,2024-12-14,坠落事故,轻度,食堂,工作下载大学一样帮助基本.
143,60,908,2023-10-29,职业病,轻度,停车场,地方工具经济其他那个设备看到来自状态城市经济信息电子.
144,1,623,2026-07-25,过劳,重度,实验室,使用希望经验地址详细论坛工程说明工程论坛进入社会最后.
145,35,225,2026-08-29,滑倒摔伤,重度,食堂,规定到了以下美国资源参加你的拥有这个方法一点全部.
146,58,868,2024-05-30,职业病,致命,维修区,一下威望生活日期最新说明具有支持学习.
147,76,761,2026-06-19,机械故障,中度,实验室,查看主要活动当前登录系统论坛部门目前密码其中计划.
148,93,728,2026-04-02,火灾,致命,工地,类别人员投资类型设备欢迎报告.
149,52,980,2025-10-14,滑倒摔伤,致命,维修区,文件今年免费经验正在生活欢迎今年.
150,14,391,2025-11-09,化学品泄漏,重度,工地,威望环境类别成功地区说明.
151,92,596,2026-04-04,化学品泄漏,重度,车间,销售操作质量参加全国建设用户首页.
152,96,515,2025-12-24,交通事故,中度,办公室,会员电子联系不能完全能力.
153,1,653,2025-12-28,触电,致命,车间,结果这里电影程序实现或者历史在线作品一直表示.
154,12,288,2023-03-05,触电,中度,工地,注意等级开发你的行业当然搜索各种.
155,94,622,2026-02-03,滑倒摔伤,中度,实验室,感觉论坛任何文化要求觉得或者运行完成.
156,21,888,2026-04-06,物体打击,轻度,户外,专业很多环境系统日期中心威望能力显示法律.
157,13,993,2025-09-30,坠落事故,中度,实验室,信息那么留言地址北京更新免费一样大学文件人民文件你们.
158,41,220,2023-01-28,化学品泄漏,重度,办公室,上海重要特别地址留言市场增加重要.
159,14,93,2025-08-24,物体打击,致命,车间,女人他的学生密码这是您的.
160,83,497,2023-08-11,化学品泄漏,轻度,食堂,工程一些点击合作其中学生登录内容最后网络表示.
161,19,839,2025-09-14,坠落事故,致命,办公室,广告信息支持说明责任如此大学孩子其实提供起来生活中心客户.
162,73,130,2022-05-23,过劳,致命,办公室,因此时候如此地方主题还有这些经济我的.
163,34,570,2026-02-09,交通事故,致命,电梯间,类别增加而且问题学习主要数据回复谢谢一点情况个人知道.
164,8,552,2025-06-03,职业病,致命,实验室,知道教育那么客户质量管理不断销售开始一下影响那些.
165,43,375,2026-04-04,物体打击,轻度,工地,研究由于作者注册但是本站不是看到所以教育.
166,36,529,2026-05-12,机械故障,中度,仓库,拥有其中环境科技其他应该部门觉得提高以后有些文件世界.
167,6,780,2023-07-23,交通事故,轻度,食堂,希望部门原因数据的人汽车文化这些论坛.
168,3,995,2023-04-23,触电,重度,车间,论坛规定历史时候一切一直世界显示然后出来只有.
169,90,924,2024-12-05,职业病,中度,办公室,网上人民增加最大电脑知道支持中国继续或者.
170,68,8,2023-10-22,机械故障,重度,食堂,电脑这里生产客户公司主要其实.
171,93,618,2026-06-09,过劳,轻度,维修区,用户之后推荐看到网站控制.
172,40,36,2025-12-27,机械故障,致命,车间,说明全国什么作为成为环境.
173,24,335,2022-01-21,滑倒摔伤,重度,食堂,注册新闻威望规定分析喜欢可能威望公司是否一种也是.
174,31,447,2026-07-31,化学品泄漏,致命,工地,没有国家觉得功能如何日本对于已经资源.
175,22,473,2026-08-23,化学品泄漏,重度,车间,那些希望品牌市场文件网上可是因为政府那个知道.
176,72,644,2026-07-20,火灾,中度,停车场,中文如果不是信息一点工具最新新闻会员.
177,16,350,2026-09-04,火灾,致命,维修区,影响为什企业不要谢谢全国计划音乐只有.
178,96,991,2026-08-29,触电,致命,工地,作者通过您的可以标题地方学生有些一下得到专业.
179,70,683,2025-12-22,职业病,致命,维修区,点击那么一切因此重要来自合作社区你的那些.
180,48,344,2026-03-12,触电,重度,食堂,或者汽车成为成为标准问题位置.
181,41,377,2024-05-16,过劳,轻度,电梯间,简介学习电脑这是信息之后国内最大中心一种城市同时全部.
182,92,959,2026-06-23,交通事故,致命,车间,其他怎么服务他的更新之间以下文化.
183,56,189,2024-08-08,物体打击,轻度,电梯间,比较最新内容只要得到以后怎么选择是否不会如此.
184,45,312,2026-07-26,交通事故,中度,车间,等级客户本站电子用户生活完全一点拥有.
185,92,84,2024-08-22,触电,致命,户外,发现空间不断设计通过增加.
186,68,962,2025-03-13,触电,致命,停车场,她的因此设备这里处理所以状态电子时候简介.
187,35,368,2025-01-02,火灾,中度,办公室,表示工具的人现在决定解决一般.
188,77,657,2024-11-04,坠落事故,轻度,维修区,名称这么数据事情点击能够.
189,73,602,2024-11-22,职业病,重度,户外,那么帮助根据同时很多不要应用所以基本.
190,82,492,2026-07-27,机械故障,致命,户外,中国资料阅读说明不能这个过程感觉大学继续现在对于实现.
191,58,868,2023-09-04,职业病,致命,车间,得到不断产品基本方式问题免费客户一次教育地区.
192,79,361,2026-01-03,滑倒摔伤,重度,办公室,这种可以环境影响起来主要首页情况.
193,87,708,2025-03-06,职业病,轻度,办公室,注册方式简介到了方法一点需要留言作为公司来自商品.
194,10,789,2024-09-08,滑倒摔伤,轻度,车间,帖子其实然后认为威望工具工程特别.
195,91,499,2025-07-10,滑倒摔伤,致命,户外,发生处理可以完成一样政府部分网络这些有限情况业务.
196,9,675,2025-06-30,职业病,重度,工地,搜索比较为了阅读公司积分有些得到帖子方式系列社会.
197,52,38,2026-03-27,交通事故,轻度,维修区,比较关于空间查看客户标准一次处理下载所有浏览管理学习.
198,47,80,2024-08-31,物体打击,致命,实验室,但是任何社区学生法律还是部门怎么原因回复.
199,46,250,2025-11-07,机械故障,中度,办公室,一直设备品牌一点电话根据今天全部作为.
200,93,728,2024-10-11,火灾,重度,办公室,是否图片所以为什开始很多进行功能必须法律.
201,73,602,2024-04-26,机械故障,轻度,车间,投资完成成为作者登录发展公司软件.
202,95,803,2024-07-06,职业病,中度,仓库,以上这么一定次数查看社区本站应该希望.
203,58,717,2026-05-13,过劳,轻度,工地,一点新闻名称企业世界时间积分到了最大过程网络当前主要.
204,30,705,2026-07-14,坠落事故,致命,工地,的人时间任何说明她的可以自己地方我的服务那些法律一种.
205,70,904,2024-12-19,触电,轻度,实验室,全国只是状态使用免费全国设计.
206,75,236,2025-06-17,触电,轻度,工地,只有威望登录不同教育知道不会得到而且以下.
207,74,802,2026-07-03,滑倒摔伤,致命,办公室,方法上海问题会员这些服务名称这种计划研究知道.
208,14,480,2026-03-22,化学品泄漏,致命,仓库,联系选择组织包括说明文件这是.
209,40,673,2026-07-07,触电,重度,电梯间,关系运行谢谢一样地方进行时候国家特别参加决定.
210,91,42,2026-01-08,火灾,重度,办公室,信息单位方式表示选择东西社会.
211,81,562,2026-04-11,滑倒摔伤,重度,停车场,原因分析以及设备电影全部.
212,27,508,2026-05-08,交通事故,重度,办公室,一个能够生活同时得到之后国内人民信息.
213,61,116,2025-09-15,过劳,中度,实验室,积分一个登录电话同时两个参加继续关于游戏知道一下具有.
214,92,265,2026-06-03,职业病,中度,停车场,通过现在商品研究中心客户信息.
215,78,690,2026-01-07,职业病,重度,办公室,一直研究这些经验国家到了详细朋友开发报告电话系列.
216,28,536,2024-01-21,坠落事故,重度,仓库,那个资源起来得到主题功能不会谢谢对于.
217,96,865,2026-06-16,物体打击,重度,工地,工具政府朋友完成分析投资当然服务.
218,7,878,2025-06-19,坠落事故,致命,电梯间,孩子今年工程大学只有如此目前一些可以现在实现来自音乐.
219,90,775,2026-07-30,机械故障,轻度,车间,开发手机得到对于系列发现发表阅读不同.
220,11,378,2025-04-11,触电,轻度,停车场,那些研究帮助这个原因免费.
221,55,439,2025-12-08,物体打击,重度,停车场,女人最大大学经验不能开始欢迎一般之间.
222,10,257,2023-10-05,物体打击,轻度,工地,方法欢迎报告直接帮助完成生产不同.
223,26,90,2022-08-21,职业病,重度,电梯间,为了网站工程程序结果只有人民经济实现增加报告无法网站.
224,10,384,2025-12-10,火灾,致命,工地,自己网络不断分析实现作品.
225,59,358,2022-07-18,过劳,重度,车间,设备特别决定关于以上所有搜索.
226,21,328,2023-07-12,物体打击,重度,电梯间,自己设备法律显示一下合作选择.
227,1,785,2025-05-03,滑倒摔伤,轻度,维修区,一下成为大学如果投资完成安全为什这里这里他们信息.
228,52,478,2023-03-08,滑倒摔伤,轻度,维修区,世界这个次数发现来源感觉.
229,26,219,2024-04-23,交通事故,重度,维修区,操作看到质量这里但是需要威望.
230,30,289,2023-06-03,物体打击,致命,办公室,系统关系网络工程商品位置处理进行有些一种.
231,26,71,2023-01-03,化学品泄漏,中度,实验室,精华能力这么为什我们得到他们.
232,13,69,2024-12-04,化学品泄漏,致命,食堂,你的准备文件主题行业全部全部一定需要准备继续管理.
233,96,991,2026-07-29,化学品泄漏,中度,户外,那个用户准备电子都是生产推荐产品.
234,29,255,2024-05-15,交通事故,中度,维修区,你们报告政府虽然市场本站行业用户留言女人工程.
235,79,361,2026-01-03,火灾,中度,仓库,不同这些希望系统一切查看这样更多今年时候个人用户具有.
236,26,689,2024-08-01,物体打击,轻度,停车场,大家然后有限您的准备还有可能你们的人.
237,7,292,2025-05-09,触电,中度,户外,游戏来源知道由于基本一样什么查看正在首页发展完成其中.
238,41,990,2025-11-13,化学品泄漏,中度,停车场,免费男人这样免费个人女人您的任何历史.
239,26,689,2024-07-16,化学品泄漏,轻度,办公室,政府网络要求一些出来提高国内环境得到一起业务评论.
240,25,764,2024-07-12,滑倒摔伤,重度,仓库,操作组织喜欢到了使用进入因为的是如何类别.
241,51,858,2026-04-18,职业病,致命,仓库,工具设备积分这样政府选择很多加入根据提高一般功能.
242,73,323,2024-10-14,化学品泄漏,中度,仓库,地址一些今年技术单位情况不能价格世界建设完全密码.
243,96,884,2025-07-08,物体打击,致命,维修区,表示经济公司中国图片一些有限次数程序.
244,52,123,2026-04-04,交通事故,重度,工地,包括推荐会员世界一次论坛人民这里结果虽然各种.
245,41,641,2026-02-22,滑倒摔伤,中度,电梯间,业务正在由于可以情况在线显示价格工程责任留言推荐无法.
246,38,598,2026-08-30,机械故障,重度,食堂,类型技术那些用户自己深圳时候中文用户来源北京.
247,8,552,2023-07-01,触电,重度,户外,方法提供或者搜索中文国内发布产品大学.
248,15,694,2023-02-21,化学品泄漏,重度,食堂,大家等级不同音乐如果电脑这种.
249,5,338,2023-01-01,触电,致命,停车场,所以如果注意之间情况以后很多价格日本网络.
250,1,209,2026-08-22,滑倒摔伤,重度,食堂,有限这里来自阅读之间可能为了认为次数阅读.
251,81,331,2026-06-19,物体打击,中度,食堂,准备学校开始进入大小目前一次.
252,70,621,2025-10-11,机械故障,重度,仓库,设备首页那个非常这里那么这些状态进入个人一样论坛要求.
253,88,326,2025-08-12,坠落事故,中度,仓库,价格时间以后发现人员文章.
254,33,193,2026-05-04,职业病,轻度,办公室,因为目前已经过程最大部门当然这么原因能够本站可能.
255,45,970,2025-03-28,机械故障,重度,办公室,全国公司要求运行来自出来自己您的什么问题搜索任何.
256,92,921,2024-02-21,过劳,轻度,停车场,这里就是的人主题之间情况更多你们都是音乐中文.
257,22,473,2026-08-28,滑倒摔伤,致命,停车场,公司的是合作任何管理比较作者要求.
258,47,923,2022-11-29,过劳,致命,工地,女人非常关系销售历史不是.
259,95,746,2024-02-28,火灾,轻度,工地,国内她的她的类型这种这些朋友经验标准这种手机显示.
260,28,536,2024-05-20,触电,轻度,维修区,一个部分注意控制留言为什开发起来显示名称一般北京服务.
261,28,101,2023-08-05,物体打击,中度,仓库,喜欢增加商品日本帖子作品注册网络公司关于工作生活相关.
262,28,536,2026-07-02,物体打击,轻度,车间,东西联系学校精华政府感觉影响包括不会.
263,8,852,2023-03-07,物体打击,轻度,办公室,程序作者学习你们大小规定不同城市今天.
264,30,812,2023-01-28,化学品泄漏,致命,食堂,时间但是图片你的孩子今天市场.
265,42,522,2026-01-03,交通事故,致命,维修区,音乐免费大家能力以后因为科技公司发布记者觉得生产.
266,35,697,2025-05-31,机械故障,中度,仓库,那个而且这样这么影响地区重要.
267,66,213,2025-06-16,职业病,轻度,食堂,欢迎一些详细需要是否行业之间然后之间学校过程支持.
268,99,274,2026-06-18,坠落事故,中度,电梯间,精华喜欢更多学校已经解决方面.
269,60,698,2026-03-12,滑倒摔伤,重度,实验室,地区一样法律要求没有表示虽然电影支持需要你们新闻孩子.
270,97,200,2026-04-14,物体打击,中度,仓库,这里目前功能可是公司发生一点他们是一.
271,5,500,2025-11-19,火灾,中度,维修区,电影内容内容作者选择市场作为进入出来产品科技.
272,83,68,2025-09-10,火灾,致命,停车场,直接来源中心其实说明发展帮助更新.
273,49,911,2026-09-02,触电,中度,户外,发布成为单位你们密码经济为了包括音乐成为这里价格.
274,66,978,2024-11-04,火灾,重度,仓库,就是通过简介功能帖子留言支持积分网站商品作品特别.
275,7,964,2025-04-03,物体打击,轻度,停车场,一定美国设计使用部分中国电话以上点击然后方式文化.
276,3,573,2025-09-03,过劳,致命,车间,一次国家所以各种必须网上.
277,73,214,2025-10-14,化学品泄漏,中度,仓库,计划你的应该基本显示游戏都是得到结果.
278,28,713,2026-06-05,化学品泄漏,中度,办公室,关于一些两个发表帮助其中一点合作.
279,2,453,2025-03-27,交通事故,致命,工地,有些公司而且所以标题那些有些能力一样.
280,12,376,2026-02-24,交通事故,轻度,工地,很多提高进行具有安全电脑分析帮助合作方面准备公司商品.
281,82,91,2025-01-18,过劳,重度,食堂,游戏新闻发表研究等级大小显示那个电子语言程序工作无法.
282,41,641,2026-01-28,触电,轻度,食堂,正在空间得到不断处理日期更多具有.
283,41,220,2023-03-05,火灾,重度,食堂,但是大学公司发表学生喜欢通过.
284,84,633,2026-05-21,火灾,重度,办公室,有些产品类型一切项目欢迎登录所有直接密码联系他的看到.
285,39,607,2026-08-30,职业病,中度,维修区,专业为了他们不断起来出来.
286,24,259,2025-07-06,交通事故,致命,停车场,个人目前下载名称感觉都是.
287,18,716,2025-08-20,过劳,致命,办公室,地址社区状态网上应用特别成为类别这是自己.
288,49,75,2026-03-18,职业病,中度,电梯间,技术问题非常简介等级决定文章新闻可能运行一次由于国际.
289,8,920,2024-10-11,火灾,重度,食堂,控制我们今天显示积分这些如何.
290,99,133,2026-09-03,职业病,重度,办公室,基本建设是一国际谢谢名称方式那些深圳成为学生.
291,73,130,2023-10-09,过劳,致命,停车场,不能历史一般企业教育来自密码发生.
292,43,483,2026-03-26,滑倒摔伤,轻度,工地,发现对于应用内容发表来自.
293,53,914,2026-05-30,物体打击,重度,停车场,是否准备希望比较表示都是.
294,68,962,2026-04-26,坠落事故,中度,户外,一个论坛中心文件销售没有项目以及当然合作一下管理.
295,36,961,2025-01-02,火灾,致命,工地,经营情况企业下载提高认为控制您的需要.
296,5,300,2022-12-16,职业病,致命,车间,这些能够感觉控制所以出现过程电话帖子只有密码.
297,6,343,2023-01-26,过劳,致命,维修区,责任一定查看来源东西首页专业管理.
298,16,99,2023-06-06,过劳,中度,工地,参加那么自己发现我的主题生产更多网络.
299,25,940,2026-06-21,职业病,轻度,户外,搜索标准名称专业女人专业工作类型但是什么要求.
300,2,191,2022-12-25,机械故障,中度,户外,运行影响希望看到继续大小记者一个关于主要技术记者.
301,43,375,2025-06-26,物体打击,中度,实验室,的是很多自己发生出现软件网络.
302,44,668,2025-05-21,坠落事故,轻度,仓库,注册需要人民运行表示是一手机今天.
303,41,66,2026-02-17,过劳,中度,户外,资料部门名称国内地址介绍.
304,39,766,2025-11-02,物体打击,中度,食堂,只有手机社区孩子品牌能够活动你的系列.
305,7,877,2025-05-25,职业病,致命,办公室,同时的人你的时候使用深圳.
306,40,337,2026-08-30,坠落事故,致命,户外,完全用户您的信息国际我们结果游戏以上.
307,40,772,2025-04-04,交通事故,致命,停车场,男人包括国内销售组织单位选择这么.
308,60,619,2023-10-04,坠落事故,重度,仓库,责任其他作者汽车基本注意特别中心使用这些你的.
309,81,30,2025-11-19,交通事故,中度,仓库,网站对于音乐次数出来方式感觉联系网上.
310,17,258,2026-08-30,触电,轻度,电梯间,两个不能而且全部社会根据单位完全孩子谢谢一点社会.
311,60,615,2025-10-20,火灾,轻度,办公室,今年全国音乐解决原因因为中文业务处理加入那个之间.
312,48,153,2024-12-02,火灾,中度,办公室,计划他们喜欢注意名称信息.
313,73,397,2024-10-22,化学品泄漏,致命,停车场,科技空间没有部门一些同时空间手机积分服务发展有关可能.
314,11,311,2025-12-22,触电,重度,户外,阅读进行点击基本直接而且可以的是由于密码投资.
315,42,138,2026-06-26,触电,轻度,户外,全部计划下载社会然后更新.
316,30,342,2021-11-19,坠落事故,中度,电梯间,一起规定用户以及具有国内新闻中心就是商品类别今年.
317,45,970,2024-12-31,机械故障,致命,车间,学习不会上海项目企业直接结果帮助而且运行不同完成.
318,86,456,2026-08-13,物体打击,中度,办公室,品牌发现法律那么最新次数运行系统经济同时.
319,45,312,2026-09-05,火灾,重度,仓库,个人新闻时候时间详细电影.
320,81,211,2026-08-17,过劳,中度,停车场,继续是否结果以下语言新闻因此要求服务一个关于你的介绍处理.
321,16,751,2022-02-10,过劳,轻度,维修区,方面浏览免费主要行业记者那个之间不能评论.
322,90,814,2026-06-29,交通事故,重度,食堂,主题回复经验来自技术类别.
323,84,15,2026-01-28,火灾,中度,办公室,上海一直以上公司国家上海分析所以.
324,94,188,2025-10-05,过劳,重度,工地,下载拥有可以地址系统今年安全.
325,34,769,2025-05-15,火灾,致命,工地,您的的话国家经验责任用户.
326,26,90,2026-05-26,过劳,致命,仓库,投资你的专业知道的是报告国家但是具有北京只有全部精华.
327,99,86,2024-02-14,火灾,致命,办公室,登录免费中国数据特别质量.
328,53,833,2026-07-25,滑倒摔伤,中度,停车场,活动报告最新图片处理根据更多进入大学.
329,85,206,2023-06-04,职业病,轻度,办公室,这里只要处理投资次数经营首页.
330,5,496,2023-09-13,坠落事故,重度,电梯间,回复文件发生大家自己主要的话.
331,10,600,2023-12-27,滑倒摔伤,中度,车间,影响有限这个完成之后运行资源同时.
332,27,37,2023-12-06,火灾,致命,工地,人民关于关系广告部分就是希望行业国家.
333,58,601,2024-01-13,滑倒摔伤,重度,办公室,首页显示客户全国学生国家质量.
334,12,386,2026-06-26,过劳,致命,工地,成功可能其实要求一个结果.
335,10,384,2026-02-13,滑倒摔伤,重度,食堂,这里她的什么文化一次状态分析女人浏览其实这是广告问题.
336,93,590,2023-07-21,物体打击,重度,仓库,表示功能一点知道喜欢任何品牌关系女人应用汽车.
337,39,507,2026-02-12,触电,中度,户外,我们其实有些而且包括设备项目时候广告.
338,46,78,2025-09-25,火灾,中度,工地,网上全部当前过程工程报告本站还有一样成功搜索用户.
339,17,61,2026-08-23,滑倒摔伤,重度,办公室,自己这是就是具有详细搜索最大具有发布项目精华来自.
340,88,252,2026-08-15,过劳,重度,停车场,最新继续他的为了如此你们任何这些中国要求用户这么原因.
341,67,424,2023-09-09,职业病,致命,停车场,或者行业浏览进行其中功能.
342,54,894,2025-09-11,触电,致命,电梯间,为了单位用户只有次数查看查看也是显示完成.
343,61,116,2025-10-06,机械故障,中度,停车场,以下基本各种语言阅读作品文件事情政府.
344,100,557,2024-04-14,滑倒摔伤,重度,户外,原因成为女人国内电脑系统价格现在名称.
345,24,794,2023-02-12,职业病,中度,维修区,学生电影不是介绍搜索各种成功留言.
346,81,597,2026-03-18,职业病,致命,实验室,可以品牌操作一点包括分析喜欢.
347,50,595,2025-09-10,交通事故,致命,食堂,选择如何最大如此大学广告其中那些一点方面更多论坛资源.
348,57,380,2025-09-11,交通事故,中度,工地,不会看到质量注册的是发生不会应该表示只是作者感觉.
349,100,549,2026-04-10,触电,中度,电梯间,那些进入文章汽车然后法律应该开始当然您的.
350,88,586,2025-11-13,机械故障,轻度,工地,中文政府如果情况最新地方之后使用个人能够有些责任没有.
351,5,300,2023-11-17,坠落事故,轻度,仓库,时候发生技术类型以下增加.
352,94,204,2026-07-25,机械故障,轻度,电梯间,得到选择精华可能电话可以什么这么网络.
353,47,901,2025-04-11,职业病,重度,实验室,不要欢迎一点城市行业这个主要任何还有的是.
354,37,942,2026-07-06,滑倒摔伤,致命,维修区,电子觉得日期成功目前点击需要详细环境过程有限.
355,85,509,2026-06-23,化学品泄漏,重度,仓库,社区政府学习可是作为标题就是等级.
356,28,35,2025-12-27,火灾,中度,户外,提供现在品牌开始实现环境对于新闻.
357,56,932,2024-02-21,坠落事故,中度,停车场,汽车是一地方开发其实他的不要密码科技.
358,97,200,2026-06-04,物体打击,致命,仓库,但是一般不断网上一般这里可是.
359,32,679,2023-07-16,火灾,致命,户外,主要运行有限完成影响不同.
360,23,968,2025-01-14,滑倒摔伤,轻度,办公室,中国是否一定部门没有因为基本方法部门不会增加这样.
361,77,770,2026-07-08,触电,中度,办公室,帮助但是查看比较搜索如何一起那些很多说明知道深圳规定.
362,98,60,2024-02-02,职业病,重度,工地,作者最新这些两个其实必须关于.
363,58,482,2026-03-29,滑倒摔伤,致命,食堂,一个不是能力电影新闻还是法律活动的是重要最后.
364,2,195,2024-11-07,滑倒摔伤,中度,办公室,或者使用系统手机然后浏览类型学校你的然后手机位置应该.
365,52,478,2026-05-14,职业病,中度,食堂,他们政府说明组织有关过程.
366,40,114,2026-01-15,过劳,重度,办公室,类别系列市场一种类别你们无法.
367,36,383,2025-09-30,触电,致命,食堂,谢谢本站事情组织希望生活准备之间东西详细作品虽然软件.
368,14,182,2023-01-24,机械故障,重度,实验室,全部的是不同自己进行中文支持影响电影深圳.
369,41,2,2026-09-06,机械故障,轻度,车间,手机的人各种个人目前环境以上会员.
370,81,211,2026-09-02,化学品泄漏,轻度,维修区,人民文件女人他们用户密码不能.
371,21,196,2025-01-10,交通事故,重度,维修区,自己电话一般参加政府制作认为成功.
372,73,707,2026-09-07,火灾,重度,户外,如此品牌认为有限表示手机这里发布.
373,54,530,2026-08-03,坠落事故,重度,仓库,相关价格组织作者直接要求朋友品牌.
374,64,394,2026-02-19,交通事故,中度,车间,情况这么开始完全男人产品主要虽然如此看到一种所以继续.
375,1,399,2025-09-27,职业病,致命,工地,具有什么软件发布制作其他觉得各种需要教育手机.
376,88,252,2026-01-05,交通事故,中度,户外,经验提供自己控制你们介绍内容不会时候等级.
377,59,723,2025-09-03,职业病,轻度,车间,不要完全直接根据经营制作成为推荐科技其中这里.
378,54,827,2023-06-25,交通事故,重度,电梯间,经验只是更多的是朋友报告还是应该为什.
379,76,624,2025-01-13,交通事故,中度,食堂,空间帮助质量更新文章起来同时客户因此之后功能.
380,87,820,2025-10-29,触电,轻度,食堂,所以首页因为论坛准备浏览如果状态用户开始更多学习日期.
381,13,859,2024-06-18,化学品泄漏,轻度,车间,部分还有中心合作东西管理科技当前为什报告不会会员.
382,24,305,2026-07-06,物体打击,致命,仓库,作品积分最大自己自己最新欢迎.
383,53,736,2026-01-04,坠落事故,轻度,食堂,如何一点可能电脑价格经营目前国内最新一点感觉可能操作.
384,36,416,2023-04-09,职业病,致命,仓库,登录其他作品开始来自看到资料安全发展怎么个人各种.
385,68,122,2025-08-02,滑倒摔伤,致命,仓库,积分这是结果运行教育成功中心国内她的.
386,14,93,2023-02-16,物体打击,轻度,办公室,进行生活女人记者一点如此控制她的你的那个显示结果美国.
387,3,995,2023-11-17,滑倒摔伤,重度,维修区,当然成功来源东西信息表示政府您的管理.
388,75,236,2024-11-20,化学品泄漏,致命,实验室,认为拥有科技上海这个部分目前.
389,45,840,2025-10-10,坠落事故,中度,仓库,游戏能力正在人员之后只有软件密码社会一定地方投资.
390,44,363,2024-09-05,物体打击,中度,户外,价格这种经验所以结果方式.
391,30,705,2025-09-17,机械故障,轻度,停车场,合作记者密码新闻中文主要国际之后.
392,83,581,2026-08-04,过劳,重度,停车场,生活研究提高威望国际资料合作作品阅读.
393,95,455,2025-11-15,化学品泄漏,致命,维修区,开始当然回复一直发生程序合作商品一起.
394,16,121,2024-03-18,职业病,中度,仓库,根据起来设备无法你的一些生产电影所以这个认为为什责任.
395,85,128,2023-10-27,火灾,重度,仓库,计划地区最新发布论坛技术关于商品特别文化由于那个搜索.
396,33,276,2025-09-18,火灾,致命,车间,设备起来发现出来城市学习这个地区不是商品公司得到上海.
397,61,516,2026-06-27,坠落事故,轻度,电梯间,就是一下技术管理继续进入新闻运行社区信息.
398,10,384,2026-07-08,触电,中度,户外,加入不同软件国内关系状态所有那么对于这里一些经济设计.
399,21,263,2026-06-08,过劳,中度,仓库,各种还是任何那个网站图片.
400,85,128,2022-10-08,机械故障,致命,办公室,发现服务不过这是那个一直.
401,18,779,2025-08-14,化学品泄漏,中度,户外,作为现在分析中心我的政府不同因为对于免费详细相关包括.
402,40,996,2026-03-22,职业病,重度,车间,运行评论一切数据显示两个可以我的教育类别.
403,15,593,2022-06-02,触电,重度,户外,的是城市科技各种专业最新通过注册发生本站.
404,87,767,2024-11-24,过劳,致命,户外,技术女人电子管理学校进行关于产品.
405,16,110,2026-08-03,过劳,轻度,工地,标题正在开发具有更多发展品牌加入应该.
406,77,506,2023-09-27,物体打击,致命,食堂,或者以及当然之后简介系统一次帮助行业包括.
407,99,608,2026-09-05,化学品泄漏,致命,办公室,还有制作组织影响资料那么影响也是不过自己成为介绍作品.
408,6,415,2025-02-20,职业病,致命,维修区,公司今年上海数据关于程序工作一般.
409,73,662,2026-04-30,机械故障,重度,停车场,环境通过方面下载看到来源完全出来音乐.
410,37,639,2026-05-30,职业病,中度,工地,方式经验记者阅读作者解决企业所以一切企业不断今天.
411,88,586,2024-08-26,机械故障,轻度,办公室,其实搜索不同推荐不会这里文件.
412,20,403,2023-08-17,职业病,致命,工地,一切活动到了目前记者所以工程的是下载.
413,30,158,2024-04-05,火灾,中度,食堂,进行电话合作目前帮助报告客户销售大小这样能力.
414,68,925,2026-05-23,物体打击,重度,食堂,应用加入基本事情以上社会项目文化大学网络今年北京计划.
415,65,346,2025-12-23,坠落事故,轻度,户外,当然浏览软件具有操作最大本站一直运行北京历史组织.
416,80,819,2025-08-04,机械故障,中度,食堂,主题数据时候关系知道在线责任如果她的为了要求如果.
417,16,67,2026-03-25,化学品泄漏,轻度,户外,主题次数网络电子教育知道.
418,1,553,2026-03-25,坠落事故,中度,电梯间,详细学校教育事情开始如何评论感觉一般加入控制.
419,6,415,2025-12-04,机械故障,轻度,食堂,完成喜欢可是所有网络有限手机重要处理北京.
420,98,94,2026-07-08,机械故障,重度,电梯间,过程进入标准国家电子地区标题您的上海中文增加.
421,18,74,2022-08-04,火灾,轻度,食堂,完成继续没有事情当然我的当然其实需要.
422,29,929,2024-10-04,滑倒摔伤,轻度,维修区,地方他的这样出现程序大小决定发布网站大家人民.
423,2,649,2026-06-01,化学品泄漏,中度,工地,能力文化服务结果学习手机继续状态游戏日本当然服务一直.
424,92,921,2024-07-29,化学品泄漏,轻度,车间,文件比较一点个人两个朋友部分图片业务个人经营女人价格.
425,84,41,2023-10-28,机械故障,中度,实验室,只要联系网站浏览手机重要一切运行日本价格威望文件.
426,30,705,2026-05-10,交通事故,轻度,食堂,人民北京如果基本必须安全大学人民汽车开发.
427,73,214,2025-09-20,机械故障,重度,工地,的话国际其中觉得然后积分各种一起一种.
428,79,361,2026-04-20,滑倒摔伤,致命,车间,名称公司回复个人标准政府这种进行详细影响中国.
429,6,325,2022-06-22,化学品泄漏,轻度,工地,非常问题内容主要北京合作这种或者所有这些作为没有.
430,16,350,2026-09-02,触电,轻度,工地,阅读两个开发帮助如此影响开始文化非常.
431,90,435,2026-07-02,坠落事故,重度,户外,应用问题商品业务电话一种登录说明服务论坛.
432,95,159,2026-03-16,过劳,中度,食堂,您的联系责任语言处理方法不要学生.
433,97,229,2024-09-11,职业病,致命,实验室,经济的话他们同时他的公司部门是否还有精华注意.
434,81,273,2025-01-15,交通事故,中度,户外,政府系统可能国内主要方法由于行业以及工具.
435,41,990,2025-06-25,火灾,轻度,工地,参加国家关系以后文章他的学习专业教育网上之间.
436,76,11,2023-10-24,滑倒摔伤,致命,办公室,社区软件这里标题新闻类别.
437,96,357,2026-07-28,化学品泄漏,轻度,食堂,一个这种游戏一个大小搜索中文用户环境结果起来.
438,95,757,2026-04-19,过劳,轻度,仓库,相关人民生活朋友当然发布女人网上大学应该文化.
439,18,163,2026-07-05,职业病,中度,户外,技术提供网络结果因为成为世界系统你的在线历史那些北京.
440,19,646,2026-09-04,过劳,重度,户外,教育不过人民看到她的人民.
441,6,963,2026-06-20,职业病,重度,维修区,内容运行中国地区拥有这个拥有目前得到进行而且更多工程.
442,87,505,2025-03-06,过劳,中度,电梯间,拥有电脑两个一个就是具有不同那么行业一些报告.
443,48,355,2024-12-02,过劳,致命,户外,查看喜欢什么汽车谢谢制作说明只有对于品牌内容.
444,33,193,2025-05-06,化学品泄漏,致命,食堂,工程经济很多环境他的特别操作.
445,29,255,2025-02-10,物体打击,轻度,办公室,生活安全投资详细经济地址.
446,60,656,2025-06-27,坠落事故,重度,食堂,他的这么提供图片无法知道首页作品支持.
447,44,363,2025-10-23,坠落事故,轻度,停车场,来自经济其中出来上海感觉虽然关于表示.
448,41,377,2026-02-09,坠落事故,中度,停车场,环境虽然表示方面部门这么女人.
449,40,958,2023-07-31,过劳,轻度,维修区,显示选择介绍电子资源可是两个什么.
450,27,732,2026-09-01,触电,致命,食堂,如何感觉手机方法一直地址.
451,31,527,2024-07-01,滑倒摔伤,重度,维修区,全部精华注意联系她的使用.
452,6,410,2026-05-04,火灾,轻度,办公室,服务因为深圳没有国家电脑技术次数到了.
453,87,735,2026-07-06,火灾,轻度,食堂,责任教育标准地方行业应用不同如此价格.
454,9,569,2024-01-01,火灾,重度,停车场,音乐基本使用因为不过出现时候只是科技国际具有一下.
455,77,373,2025-01-03,滑倒摔伤,致命,实验室,时候还有就是美国完全名称为什出现可能客户感觉选择.
456,12,386,2025-12-17,过劳,致命,维修区,生产或者语言价格当前没有国内.
457,13,859,2024-11-04,过劳,轻度,仓库,过程历史觉得但是只是能力本站不断.
458,73,543,2023-08-05,滑倒摔伤,中度,办公室,资料处理得到东西很多完成根据.
459,32,999,2023-11-20,坠落事故,致命,工地,类型用户公司喜欢公司功能以及.
460,64,951,2024-12-17,火灾,中度,实验室,内容上海广告没有系统文化全国.
461,54,827,2026-07-24,过劳,中度,维修区,资料可能不断可以一起就是手机为了首页.
462,16,67,2025-10-23,化学品泄漏,中度,停车场,时间要求一定看到简介一点具有汽车活动日期应用直接决定.
463,29,18,2026-04-21,火灾,轻度,电梯间,发表特别分析密码工具管理社区.
464,59,444,2025-06-27,化学品泄漏,中度,停车场,这样提供欢迎完成地方知道以上.
465,75,941,2026-06-21,化学品泄漏,轻度,电梯间,我们位置知道销售必须资源是否联系.
466,7,917,2026-04-16,职业病,致命,维修区,增加网站他们支持网站历史正在他们内容单位国际全国这个一个.
467,70,683,2026-01-01,职业病,轻度,户外,质量需要不是加入你的上海他们帖子.
468,43,680,2024-05-26,化学品泄漏,重度,实验室,社区社会完成发展任何说明作品作品.
469,6,410,2024-09-11,触电,中度,户外,下载科技为什比较研究在线经济如此人员您的处理人民.
470,91,42,2025-05-01,触电,重度,仓库,没有不是应用那个方式你们出现加入能够男人.
471,64,559,2026-05-31,职业病,轻度,维修区,正在具有日期工作之间只有今年首页查看生活男人学习我们.
472,44,715,2025-09-22,机械故障,中度,实验室,免费记者然后男人有限参加大家实现位置影响.
473,6,269,2023-05-22,机械故障,重度,停车场,广告更新系统上海更新信息一定选择自己不要继续.
474,63,567,2022-06-23,火灾,重度,车间,为什联系认为精华资料最大我们文化中国为了已经只有设计.
475,37,639,2026-08-02,化学品泄漏,致命,工地,两个朋友现在孩子你的如何继续你们由于其他东西.
476,58,868,2025-01-09,触电,中度,实验室,重要管理密码发布全国点击就是方法设备.
477,62,956,2022-12-19,坠落事故,重度,维修区,管理非常内容这个的是日期比较.
478,100,783,2026-08-13,机械故障,中度,维修区,应该加入网络成为技术如果操作以上还有感觉.
479,57,85,2026-05-15,滑倒摔伤,轻度,停车场,您的作品这里服务项目大学其他介绍资源.
480,24,475,2025-09-20,坠落事故,致命,停车场,具有地区论坛很多城市个人一点谢谢不能技术使用实现他们.
481,16,235,2026-02-12,火灾,轻度,仓库,学习标题服务功能一下城市各种实现质量阅读运行.
482,67,424,2023-08-14,物体打击,重度,户外,他的应该大小影响开发准备.
483,24,794,2023-03-22,过劳,重度,停车场,报告这么就是他的能够类别起来管理历史个人公司汽车.
484,44,537,2025-10-22,化学品泄漏,中度,仓库,状态说明简介进入怎么游戏.
485,6,808,2026-07-05,交通事故,致命,食堂,政府经营一定数据浏览当前文化标准出来一次没有怎么阅读.
486,4,154,2026-04-18,化学品泄漏,中度,车间,根据威望原因世界音乐阅读科技.
487,34,420,2025-11-24,触电,致命,停车场,上海为了需要重要开始由于希望类型欢迎大学自己直接.
488,3,845,2024-11-04,过劳,中度,户外,点击联系能力全部完全一起重要就是社会一种联系.
489,50,741,2026-08-10,触电,重度,车间,记者安全网络责任国际所有一下.
490,59,714,2025-03-25,滑倒摔伤,重度,车间,成功其中电子文章更多原因.
491,63,442,2025-12-12,物体打击,中度,办公室,以后没有推荐东西帖子加入数据朋友孩子必须.
492,30,812,2024-08-05,过劳,轻度,办公室,手机积分发现更新地址她的能够市场浏览电子.
493,48,344,2026-03-04,触电,重度,车间,加入是否更新北京留言会员.
494,18,561,2026-05-09,化学品泄漏,重度,仓库,之后所以注意国家信息你们自己.
495,92,265,2025-03-11,触电,重度,仓库,地方积分说明必须今年推荐发生.
496,70,327,2026-04-30,滑倒摔伤,轻度,户外,可是威望或者简介虽然浏览规定说明作者部分.
497,67,392,2026-04-15,触电,轻度,仓库,没有主要情况是否虽然帖子全部运行业务类型联系技术公司.
498,98,875,2025-02-06,交通事故,致命,食堂,完成解决信息进行电话主题关系搜索选择.
499,48,355,2025-08-14,交通事故,致命,食堂,搜索责任能力可能精华在线有限之间.
500,41,2,2026-08-14,物体打击,轻度,户外,东西市场产品都是以上客户觉得有关美国.
501,63,192,2025-09-21,过劳,重度,维修区,音乐精华我的直接类型这种类别日本成功都是论坛具有作品.
502,90,611,2026-02-18,交通事故,轻度,电梯间,准备现在积分学习首页提高.
503,47,31,2026-06-04,交通事故,致命,车间,准备功能如何研究作为有些觉得作为所以方式.
504,9,687,2026-08-01,触电,重度,仓库,建设工程美国日本关于质量那些各种广告中文注意知道看到.
505,40,996,2025-08-29,触电,重度,户外,地址得到次数必须本站感觉北京如何自己回复.
506,19,646,2026-09-07,物体打击,中度,电梯间,个人文章方面使用而且成为以后比较具有.
507,1,46,2024-07-28,化学品泄漏,轻度,维修区,学生知道名称自己她的环境我们.
508,22,880,2025-12-04,职业病,中度,车间,来源女人学习威望根据点击大小来源必须那些是一.
509,90,73,2025-08-06,机械故障,致命,工地,我们国内大学结果联系大学出来只要她的提供日本也是.
510,42,180,2025-10-23,过劳,轻度,办公室,不是你的继续专业本站记者帮助问题来源.
511,17,407,2026-01-12,触电,重度,工地,计划虽然出来两个注意关于不是不会文件一般位置.
512,56,118,2025-03-28,过劳,致命,户外,原因无法电话是否内容基本建设大小联系具有原因文件本站.
513,75,960,2024-06-19,化学品泄漏,中度,维修区,全部作品还是点击文件怎么网上正在人员投资这是但是.
514,32,667,2024-03-19,化学品泄漏,致命,实验室,作品文件任何查看一般要求准备.
515,46,531,2026-03-14,化学品泄漏,致命,电梯间,留言可能这个介绍销售开始状态结果商品这个以后商品行业.
516,20,744,2025-04-06,触电,轻度,车间,现在介绍得到原因任何选择空间只要直接主题类别.
517,85,242,2026-03-09,坠落事故,轻度,电梯间,发表可能合作语言公司浏览应该.
518,46,724,2026-04-04,机械故障,致命,户外,服务如何就是支持提高内容为什进行.
519,99,186,2024-01-22,滑倒摔伤,中度,食堂,标题为了一定正在准备搜索游戏为什如何.
520,98,283,2025-09-25,过劳,轻度,仓库,不会支持软件地方安全搜索浏览品牌.
521,12,965,2026-06-08,交通事故,致命,维修区,方面由于原因解决不同使用积分.
522,11,260,2025-12-30,职业病,轻度,实验室,拥有电话说明以后各种中国地址方式地址专业一个.
523,58,601,2023-11-14,触电,重度,维修区,首页手机管理国内新闻浏览因此大学工程政府觉得.
524,69,40,2025-11-20,过劳,轻度,工地,成功没有各种类别文章首页孩子应用提高必须完全.
525,86,404,2026-06-11,化学品泄漏,中度,办公室,但是国际只有信息这个还是大学浏览相关市场精华.
526,92,223,2025-08-06,交通事故,致命,停车场,这种起来如果回复之间社区.
527,60,178,2024-08-14,职业病,重度,仓库,行业管理觉得工作联系能力.
528,2,841,2026-02-02,交通事故,重度,车间,以及组织电子标准到了但是设备方法喜欢无法专业支持留言.
529,61,83,2024-03-26,过劳,致命,停车场,销售程序同时有些出来系统的话威望.
530,68,122,2026-07-26,滑倒摔伤,重度,仓库,发展回复当前文化业务完全本站开发标准.
531,60,886,2023-12-27,火灾,中度,食堂,分析日本汽车一次产品能够广告社会的人行业一直报告国内.
532,99,438,2026-06-20,触电,轻度,车间,这么密码工程学生同时更多.
533,64,394,2025-10-12,职业病,中度,仓库,等级都是根据注意之间状态那么当然设备没有.
534,51,637,2023-08-14,火灾,重度,实验室,问题参加时间不断要求原因有限本站处理广告出来.
535,41,660,2026-07-18,触电,中度,食堂,什么功能计划大小合作部分发布不是城市两个工程社会有限.
536,30,289,2024-12-10,火灾,致命,食堂,更多增加当前活动原因任何上海都是电子网站客户影响以及来自.
537,46,47,2025-12-23,交通事故,轻度,实验室,帮助大小生活活动拥有所以这个朋友国内日本.
538,91,42,2023-10-17,过劳,重度,车间,来源工作提高表示发现信息孩子产品.
539,21,900,2024-12-11,触电,中度,实验室,留言资料最大一样首页产品.
540,56,430,2024-12-02,物体打击,重度,停车场,起来发生北京那个是一生产通过不同操作.
541,36,983,2026-03-08,火灾,轻度,维修区,开发日期东西本站等级进行.
542,82,977,2025-04-14,火灾,致命,户外,的话生产之间专业网络位置发生运行最后通过次数一定帮助.
543,76,247,2024-08-01,机械故障,重度,实验室,学习进入通过制作事情方法然后只是以后目前.
544,80,819,2022-02-08,机械故障,中度,办公室,地方帮助以下有些根据所有阅读而且.
545,60,676,2023-08-08,坠落事故,中度,车间,名称系列为了免费一起首页不能评论这些经验名称作品帖子.
546,46,78,2024-11-24,滑倒摔伤,致命,实验室,位置人员问题用户当然事情时间.
547,17,750,2024-12-16,坠落事故,中度,工地,新闻推荐精华国际注意相关只有男人运行.
548,2,768,2026-01-10,交通事故,轻度,办公室,最新分析工程学习参加类别来自社会个人影响游戏.
549,10,297,2025-05-22,职业病,轻度,车间,行业直接这里没有她的影响国际可以两个其他.
550,21,196,2026-07-25,触电,致命,户外,还是其中我们不是包括有些等级一样今天更新基本.
551,36,558,2026-03-24,火灾,中度,维修区,环境汽车更多我的功能积分分析积分实现女人.
552,69,605,2026-01-06,职业病,致命,办公室,政府地址查看到了时间信息发生她的详细城市.
553,24,305,2026-02-23,滑倒摔伤,中度,实验室,用户完全可能就是然后不断.
554,59,444,2026-06-13,坠落事故,轻度,车间,部分提供浏览帮助所有广告.
555,90,934,2024-09-10,职业病,轻度,维修区,选择工作更新上海只是一直工具资料这样语言法律数据.
556,2,191,2023-09-28,火灾,轻度,户外,技术同时比较相关这种新闻登录北京表示一起时候.
557,34,244,2024-03-12,滑倒摔伤,重度,户外,作品成为本站到了全部人员东西作为.
558,26,230,2024-03-02,火灾,重度,实验室,价格位置状态情况产品之间谢谢东西个人.
559,98,94,2025-12-10,交通事故,轻度,户外,质量不过制作国际电脑这是各种类型.
560,38,566,2026-02-23,滑倒摔伤,中度,工地,以及学生语言知道这样城市汽车他们这种为了一点一些.
561,33,753,2026-04-15,过劳,中度,户外,一定全国学校一下免费记者原因以后大小操作文件免费责任.
562,11,378,2025-12-17,坠落事故,重度,工地,加入大家国际起来专业不要回复欢迎中文日期.
563,86,832,2026-08-28,化学品泄漏,致命,电梯间,表示帮助到了具有她的个人看到.
564,66,978,2025-04-06,火灾,重度,实验室,世界更多看到什么特别工具类别.
565,52,788,2026-07-19,化学品泄漏,中度,食堂,的是一次服务记者实现程序联系资源功能.
566,69,896,2025-07-03,物体打击,轻度,停车场,制作浏览点击方面生产的话下载来源所以那些基本.
567,57,256,2022-03-07,触电,轻度,仓库,环境责任操作对于说明软件研究原因同时只有设计业务.
568,59,594,2025-06-29,职业病,轻度,仓库,图片不要你们生活全部一次的是发现报告只有最新控制生活.
569,7,964,2024-10-29,机械故障,重度,维修区,发表当然具有只要当然城市事情大小语言免费也是方式.
570,81,562,2025-02-28,触电,重度,仓库,以上同时学习精华不过发生这个.
571,70,621,2024-05-24,物体打击,重度,仓库,自己单位之后资料程序所以他的学习所以要求已经.
572,68,8,2026-03-18,坠落事故,重度,工地,根据有限分析他的直接应用.
573,25,254,2025-09-30,化学品泄漏,中度,户外,点击语言文件提高文化制作记者功能日本.
574,36,172,2026-08-19,火灾,轻度,车间,手机一下一种非常设计建设.
575,45,885,2023-04-16,交通事故,中度,停车场,今天密码作者不过觉得解决可是的人位置成为内容两个这样.
576,7,877,2024-11-22,机械故障,致命,停车场,帖子同时直接查看当前现在政府一定应该报告今天标题您的.
577,100,408,2023-12-05,滑倒摔伤,重度,户外,电子孩子完成操作下载时间有关能力成功操作全国提供.
578,84,777,2026-05-18,触电,轻度,户外,单位来自最后在线表示作者分析.
579,5,300,2025-02-10,过劳,致命,食堂,世界正在设计参加参加时间作品发生不要为了.
580,73,214,2024-08-21,机械故障,轻度,仓库,市场增加大家世界商品不过她的.
581,22,702,2025-09-05,坠落事故,轻度,户外,工程全国进行人员发展一种国内只要到了服务.
582,77,373,2025-08-09,机械故障,中度,仓库,开始情况城市浏览孩子各种.
583,55,148,2023-04-27,过劳,致命,实验室,基本下载怎么具有程序日本品牌科技.
584,85,206,2024-06-19,火灾,致命,停车场,也是全部游戏不能北京其中而且学生还有.
585,27,732,2025-12-07,物体打击,中度,实验室,关系一下会员之后销售论坛如果.
586,37,96,2026-06-04,化学品泄漏,中度,办公室,不要参加会员看到城市方面重要东西说明销售质量详细发布网上.
587,41,304,2023-10-22,职业病,致命,停车场,各种相关系统全部的话您的一样参加怎么为什积分.
588,30,58,2026-02-03,触电,轻度,办公室,发现位置增加简介公司计划经济.
589,8,5,2026-08-27,交通事故,重度,仓库,决定计划基本很多说明只要.
590,27,851,2026-04-01,坠落事故,重度,停车场,建设商品比较希望一种是否的人设备当前标准广告这种学生.
591,41,660,2026-08-08,职业病,致命,车间,市场浏览企业操作今天次数也是深圳.
592,24,1000,2025-07-17,化学品泄漏,重度,车间,历史销售正在积分以后包括标准看到设备准备.
593,33,267,2026-06-22,机械故障,中度,电梯间,知道出来使用然后出现生产国内地区也是软件联系只要.
594,7,964,2025-01-08,触电,中度,户外,质量经济一点说明市场虽然具有.
595,91,659,2024-01-04,机械故障,轻度,停车场,信息不会这么时候更新还是文件这么表示.
596,9,293,2025-03-30,火灾,重度,实验室,介绍设计你们地址名称那么不能国际支持广告我的.
597,24,654,2026-01-19,滑倒摔伤,中度,停车场,女人基本其他地址男人因此汽车知道推荐成为中心.
598,16,99,2023-04-02,滑倒摔伤,轻度,停车场,专业用户服务有限汽车企业可能全国.
599,92,546,2024-01-31,物体打击,中度,实验室,是一希望影响作为一定商品专业方面.
600,63,192,2025-08-04,坠落事故,致命,工地,也是您的工程然后发现的是当前发展准备最后信息我的加入.
601,6,780,2023-01-03,滑倒摔伤,中度,仓库,就是只要浏览今天继续空间游戏大学相关还是出现.
602,24,222,2026-02-03,交通事故,重度,维修区,能够重要免费个人个人你的.
603,57,380,2025-07-23,化学品泄漏,轻度,实验室,浏览生产手机管理社会阅读没有大家那些信息重要首页组织.
604,92,700,2025-12-28,物体打击,轻度,电梯间,资料一种她的需要或者次数发布一些具有或者名称欢迎就是.
605,79,218,2026-03-11,坠落事故,中度,食堂,新闻主题决定表示关于生产程序不能同时政府国际类别.
606,47,923,2024-01-09,职业病,中度,办公室,发展类别显示你的北京加入但是一些不断为什工具一切.
607,10,257,2023-07-24,坠落事故,重度,车间,一定发布发表投资过程一定公司特别.
608,91,175,2026-05-02,物体打击,重度,户外,中国电子世界感觉然后经营工程建设有限发表.
609,92,84,2022-09-23,触电,中度,办公室,这是状态计划如果感觉法律名称今年解决城市.
610,75,366,2025-08-01,火灾,致命,食堂,朋友那么只是发展以及如此他们控制商品控制控制这是.
611,57,137,2025-03-11,化学品泄漏,中度,办公室,这么人员网络拥有科技规定大学女人最新研究.
612,4,409,2026-09-08,职业病,重度,车间,精华帮助广告公司学生历史.
613,50,27,2025-06-08,触电,轻度,仓库,发展语言发布软件出来加入内容手机如何还有.
614,10,227,2024-05-22,触电,轻度,停车场,就是品牌谢谢全部认为组织他们可能认为.
615,90,435,2025-08-31,坠落事故,轻度,车间,来自时候那些留言登录美国作为评论这么回复.
616,87,767,2022-10-26,过劳,中度,电梯间,因此而且手机有关这么安全音乐.
617,53,672,2026-02-19,火灾,中度,维修区,重要最新全国密码历史历史介绍分析操作之间威望数据.
618,96,551,2026-08-21,坠落事故,中度,实验室,功能全部支持发展有些这样其他.
619,2,649,2023-10-10,触电,重度,办公室,出现电影以上完成可以影响活动安全.
620,96,991,2026-07-31,化学品泄漏,中度,车间,程序之后大学可以安全次数客户目前方面而且规定问题应该.
621,12,224,2026-02-27,化学品泄漏,轻度,停车场,自己游戏同时一起女人为了最新.
622,2,453,2023-05-29,职业病,致命,食堂,作为到了包括其他网上一样.
623,90,435,2024-07-31,职业病,轻度,工地,业务其他浏览原因这么网上如果世界主要阅读如此.
624,92,279,2022-09-07,机械故障,致命,办公室,有些地方价格是否时间更多决定帮助发生选择.
625,73,997,2025-08-16,职业病,重度,工地,应该浏览直接开发当前可以以及.
626,6,780,2024-09-01,触电,轻度,户外,单位如果会员内容最后您的公司标题感觉你的网络全国所以标题.
627,97,466,2024-02-13,火灾,重度,食堂,发表不同得到显示学校由于城市网络关系.
628,38,566,2026-07-21,物体打击,重度,维修区,所有日期成功搜索游戏等级电话深圳应该详细知道免费是否.
629,68,962,2026-08-16,滑倒摔伤,致命,车间,社区今天显示标准简介很多虽然会员作者继续实现如果.
630,85,550,2026-05-28,触电,致命,户外,最新更多我们显示免费详细方法一般日期.
631,19,126,2026-06-11,滑倒摔伤,轻度,停车场,目前决定各种的人深圳自己还是电话任何.
632,41,739,2024-01-31,坠落事故,中度,户外,男人详细以及今天不是活动政府当前东西各种历史.
633,79,65,2026-07-30,机械故障,重度,户外,当前生产科技这是投资表示电脑报告客户.
634,71,107,2024-11-19,过劳,重度,车间,当前事情市场部分事情如何主要可能知道技术.
635,62,703,2026-02-16,化学品泄漏,轻度,办公室,控制说明以下发展作者电子能够.
636,81,49,2023-07-05,职业病,轻度,维修区,可是支持网络市场活动城市一种名称深圳朋友分析工作来源.
637,24,12,2024-08-31,物体打击,致命,户外,威望希望这是一定还有系统.
638,83,243,2026-03-31,物体打击,中度,仓库,一种正在选择比较计划政府不会工具规定商品事情.
639,85,448,2025-11-03,坠落事故,中度,电梯间,软件成为经济需要日本文章安全特别.
640,75,236,2026-06-10,火灾,轻度,电梯间,不断单位或者之后各种销售公司作品制作.
641,59,444,2026-08-06,化学品泄漏,重度,电梯间,都是品牌来自可以品牌最大记者安全什么同时准备.
642,98,94,2026-06-27,交通事故,致命,食堂,各种可以法律必须关系品牌搜索.
643,95,284,2025-04-22,火灾,致命,停车场,部门会员位置发现空间继续分析影响以下历史.
644,83,490,2022-09-28,化学品泄漏,重度,办公室,报告时候个人行业时候公司如此分析具有电子单位你的.
645,29,692,2026-02-07,机械故障,致命,工地,类型通过朋友状态对于任何销售成为.
646,18,540,2025-09-01,机械故障,重度,维修区,记者方式起来新闻应该情况其实具有不能电脑以上.
647,25,587,2024-02-02,过劳,中度,仓库,介绍虽然时候帮助说明直接.
648,99,755,2025-03-18,过劳,重度,仓库,历史以上项目必须的话虽然北京.
649,90,775,2024-12-08,坠落事故,致命,办公室,这个包括你们特别之后无法处理关于帖子以后为了点击.
650,43,483,2026-04-09,职业病,轻度,食堂,部分以后新闻实现图片一切论坛一切主要但是学生.
651,18,163,2025-09-24,物体打击,致命,户外,的话各种也是之间主题出来制作.
652,87,708,2025-11-11,触电,重度,仓库,学生设备可是系统网站资源更新今天注意不会之后.
653,10,748,2025-01-10,机械故障,中度,食堂,实现单位一样规定组织积分语言地区日期.
654,12,376,2026-09-01,触电,重度,仓库,分析发布以后一起根据运行.
655,81,331,2024-11-19,火灾,重度,实验室,是否业务位置所有可以标准.
656,16,110,2026-08-23,职业病,重度,电梯间,我们软件朋友政府最大作品各种以后决定.
657,79,879,2022-09-28,滑倒摔伤,轻度,电梯间,来自生产名称时候分析提供产品.
658,45,312,2026-07-19,过劳,致命,实验室,工程必须责任得到可以开始标题使用注意工具名称汽车价格.
659,41,990,2026-08-19,化学品泄漏,轻度,电梯间,位置管理成功次数增加下载游戏应该.
660,25,648,2023-03-21,职业病,中度,停车场,点击全国美国市场工程名称因此.
661,30,892,2025-08-14,过劳,中度,仓库,学校不能起来其他处理网站一定.
662,37,96,2026-06-10,机械故障,致命,办公室,一点公司质量能够参加感觉提供都是虽然还是完全.
663,74,487,2026-07-01,交通事故,致命,户外,应用标准文化关系今天选择.
664,87,14,2026-06-11,物体打击,重度,户外,这种注意当前过程日本中国.
665,91,799,2025-01-22,触电,重度,车间,就是增加电子质量广告品牌的话国家新闻帖子责任.
666,3,573,2024-08-11,触电,中度,仓库,相关电影以及大小工程管理简介历史以上投资比较继续实现.
667,93,212,2026-07-28,物体打击,中度,办公室,能力选择主要会员不能因为介绍以上完全深圳得到.
668,25,764,2024-08-03,坠落事故,致命,停车场,详细作品大家合作男人以后应用积分内容一下品牌.
669,90,934,2022-08-15,滑倒摔伤,轻度,车间,必须方法操作经营关于留言不断不要进行首页国内主要.
670,97,899,2026-03-28,坠落事故,重度,实验室,详细标题也是教育帮助网络有限这么有关对于.
671,92,360,2025-05-13,火灾,致命,维修区,都是时间可是特别内容合作起来项目地址本站同时其实评论.
672,84,205,2026-06-14,物体打击,致命,食堂,或者影响其实正在不断图片密码如此新闻是一公司.
673,40,958,2024-12-29,过劳,中度,食堂,正在环境状态也是部门工程全国新闻包括价格之后环境.
674,13,859,2022-05-23,机械故障,致命,实验室,文化美国一种网站进行对于.
675,39,627,2023-03-18,坠落事故,中度,户外,注册以下免费设计所以大学正在世界这是留言.
676,74,487,2025-09-22,化学品泄漏,重度,户外,地方操作一切评论现在一般设备使用全部日本单位开发.
677,6,325,2026-05-12,坠落事故,重度,食堂,进入价格上海一般成功不同感觉为了能够.
678,43,324,2026-04-17,滑倒摔伤,中度,车间,技术直接介绍怎么学生这是最大一种环境.
679,26,90,2022-12-07,机械故障,重度,车间,回复一些说明特别我们特别朋友.
680,84,134,2026-03-30,化学品泄漏,致命,仓库,功能大小因此各种不同专业设备.
681,53,417,2025-03-11,机械故障,中度,仓库,当前为了国家发现空间地址环境来自个人工具今天.
682,51,381,2026-03-21,职业病,轻度,实验室,不是主题标题发展一般组织是一密码计划一样网络产品.
683,84,800,2026-07-08,坠落事故,中度,仓库,一般最大操作类型单位程序提高必须支持内容空间这些.
684,14,480,2026-03-19,滑倒摔伤,中度,维修区,非常内容他的品牌运行表示看到.
685,65,693,2025-02-16,交通事故,重度,车间,出来公司资源地址一样提供方面.
686,64,418,2025-05-07,火灾,致命,办公室,合作发展系列单位根据的话同时操作地址为什等级.
687,58,482,2024-03-26,火灾,重度,维修区,手机有些数据关于关系分析或者软件增加.
688,68,937,2024-04-29,职业病,中度,食堂,事情你们资源学生我的您的最大解决.
689,40,976,2026-05-25,机械故障,致命,停车场,报告只是音乐不会方法次数只要部分男人公司完成.
690,17,54,2026-01-06,职业病,重度,停车场,市场密码电脑品牌类型开发不会.
691,87,664,2025-10-05,职业病,轻度,户外,合作女人的人电脑一定当前.
692,100,302,2025-03-18,化学品泄漏,重度,实验室,社区还有完全开发不是所有.
693,62,870,2026-07-17,交通事故,中度,车间,研究学生加入通过网站记者两个以下.
694,86,472,2025-10-27,过劳,轻度,维修区,不同那个新闻控制能力为了生活工作主题回复网络.
695,63,567,2025-07-03,职业病,轻度,工地,可能论坛的话最后显示产品作品根据为了以下上海地区.
696,37,356,2023-12-24,过劳,重度,车间,不会不是这里已经不是直接人员自己环境评论虽然.
697,75,236,2024-09-27,火灾,轻度,维修区,帮助男人不断不过来自时候一下次数设计之间.
698,77,506,2026-01-21,化学品泄漏,中度,车间,所有选择解决看到文章通过看到人员一个以后日本.
699,77,770,2026-06-21,滑倒摔伤,重度,办公室,资源帖子美国以及建设生产留言一下实现客户.
700,46,78,2026-03-20,火灾,重度,电梯间,帖子论坛资源工程应该工程希望单位首页.
701,58,493,2025-03-24,化学品泄漏,重度,车间,在线能够不会系列当然美国希望不同.
702,4,632,2025-06-29,火灾,中度,食堂,网站朋友更新我的主要介绍.
703,90,924,2024-11-07,物体打击,轻度,食堂,可能对于位置公司下载感觉要求评论原因.
704,66,308,2025-01-04,物体打击,轻度,车间,不断就是这是感觉文化商品下载所以已经一些方法.
705,48,355,2026-06-28,过劳,重度,车间,部分加入方面只有无法通过过程等级.
706,30,636,2022-02-06,触电,重度,工地,全国中国经验可以国家部分今年出现.
707,6,793,2022-08-05,职业病,重度,停车场,企业帖子是一电影都是产品都是学习事情一般.
708,11,445,2026-08-18,物体打击,轻度,仓库,来自位置能够新闻男人网上类型国际问题.
709,90,73,2026-04-09,化学品泄漏,轻度,车间,应该知道注册希望国际问题投资都是很多希望电子.
710,68,925,2026-07-12,触电,轻度,办公室,参加以及以上为了这么记者必须一定.
711,21,936,2026-02-11,职业病,轻度,仓库,电脑成为深圳系统今天知道设计商品标准详细类型.
712,81,49,2023-01-24,火灾,重度,实验室,工程在线继续什么谢谢然后一些生活大学各种.
713,90,435,2025-09-21,交通事故,重度,户外,作品或者如此一点空间有限不能.
714,6,286,2023-06-30,滑倒摔伤,致命,停车场,次数最后主要浏览一下手机电影.
715,17,54,2023-08-28,触电,轻度,户外,名称制作主要状态全部拥有包括都是原因能力就是.
716,100,972,2024-05-24,触电,中度,停车场,单位一种名称方法有关回复到了这个就是就是产品.
717,92,546,2023-03-04,机械故障,重度,实验室,还是文章应该设计正在这里一样我们.
718,49,911,2026-09-05,坠落事故,中度,实验室,经营是否社会分析作者影响销售有关人员电脑一种手机报告.
719,12,224,2024-08-06,火灾,致命,办公室,包括任何运行不是必须教育责任完成一起当然相关电影大学.
720,73,652,2025-04-07,职业病,重度,车间,选择正在系列出来状态这里的人法律所以语言认为.
721,1,623,2026-07-14,物体打击,致命,电梯间,由于影响一定日本来源全国合作希望那个不是认为更多.
722,27,501,2026-03-26,化学品泄漏,轻度,办公室,设备进行项目重要之间简介建设的是不过那些组织人员.
723,65,92,2024-05-28,过劳,中度,电梯间,浏览支持拥有起来系列地方之间地方完成起来提供对于已经.
724,7,315,2023-06-08,物体打击,重度,电梯间,网站只是管理孩子城市完全开发朋友什么功能首页以后.
725,14,895,2026-08-22,坠落事故,重度,食堂,威望人民如果当然次数世界记者参加因此影响还是个人提高.
726,95,159,2026-08-04,交通事故,致命,仓库,应该不同网站怎么论坛社区朋友结果学生出现.
727,3,845,2024-02-19,触电,重度,工地,进入深圳处理有些来自企业经营以下报告.
728,83,650,2026-01-16,物体打击,轻度,工地,服务时间情况企业生活这个任何问题这个数据大小.
729,93,728,2026-03-31,过劳,轻度,食堂,当前起来国家更新一切法律.
730,81,562,2025-05-11,过劳,重度,仓库,部分新闻在线学校记者而且世界中文需要.
731,11,260,2025-12-02,过劳,轻度,办公室,系列发表操作空间电话文章所有帖子.
732,7,292,2025-08-06,坠落事故,致命,仓库,应该最新单位游戏怎么手机控制自己选择国内的是是否准备.
733,87,202,2026-05-04,火灾,轻度,仓库,威望公司显示不过工具程序需要之间但是一直名称操作资源.
734,95,455,2026-06-28,过劳,轻度,电梯间,非常基本是否这里很多还有日期.
735,85,128,2023-11-23,物体打击,致命,食堂,计划地方图片会员加入以后最后进入位置业务.
736,44,363,2025-02-08,坠落事故,致命,维修区,选择问题大小开发价格数据本站在线世界非常.
737,37,942,2025-12-28,坠落事故,中度,户外,世界记者这个那个技术登录手机.
738,46,531,2026-07-09,职业病,致命,维修区,为了使用地址社区加入的话单位孩子数据回复今年实现方法.
739,92,959,2026-03-20,触电,轻度,维修区,也是大小您的国际空间威望虽然操作只是.
740,40,958,2022-05-19,触电,重度,户外,我的网络人民说明数据当前质量其实增加首页.
741,92,596,2025-02-04,化学品泄漏,轻度,实验室,空间发布继续朋友类型提供服务.
742,64,971,2026-07-21,火灾,中度,办公室,销售比较任何更多结果过程以下很多觉得根据.
743,19,846,2025-12-13,坠落事故,轻度,停车场,特别合作功能项目没有网络.
744,92,684,2026-05-19,过劳,致命,仓库,过程欢迎首页孩子不会最后需要觉得发布.
745,59,149,2026-09-01,火灾,致命,停车场,规定中心具有学生免费广告回复客户起来.
746,19,846,2026-03-24,化学品泄漏,致命,电梯间,其中所以方式发布的话重要开发生活帖子使用.
747,47,248,2025-10-12,坠落事故,中度,维修区,其他标题大小还有一起如果帮助完成如果那些基本.
748,62,867,2025-08-16,过劳,轻度,工地,日期环境进入资料当前希望质量单位发展无法如果.
749,26,81,2024-11-19,火灾,重度,维修区,作为实现科技公司日本那些点击组织国家可以今天.
750,87,708,2025-12-30,火灾,中度,食堂,环境点击不断然后显示你们非常你的.
751,95,284,2025-12-29,交通事故,轻度,仓库,电脑相关语言地区以上次数更新一般更多政府业务认为语言部分.
752,45,666,2026-08-09,触电,重度,维修区,生产威望那个等级人民部门特别一起到了广告主题方法.
753,24,12,2024-08-13,交通事故,重度,办公室,中文这是位置最大部分历史也是不是来自时候质量加入没有.
754,100,783,2025-03-03,触电,重度,车间,喜欢人民程序重要上海广告报告大家一个.
755,82,228,2026-08-31,火灾,重度,食堂,原因报告点击最新处理就是中国具有.
756,29,255,2024-09-08,火灾,重度,维修区,日期责任北京自己标准历史解决已经提供业务可是.
757,96,865,2026-06-23,机械故障,中度,户外,所有拥有专业说明不能开始一次.
758,41,616,2026-08-10,过劳,致命,办公室,没有部门价格原因类型通过历史公司产品地址.
759,24,12,2025-08-10,机械故障,致命,维修区,分析注意时间发生环境需要什么专业.
760,42,402,2025-07-28,机械故障,轻度,办公室,控制汽车图片投资可是不要相关名称经济内容不同.
761,91,799,2025-03-02,触电,轻度,户外,本站你的国家作为搜索制作.
762,76,778,2024-05-31,交通事故,中度,车间,发生有限安全正在资料开发工程那么文章建设.
763,94,907,2026-05-28,职业病,中度,工地,虽然日期密码增加决定出现非常两个日本时候研究.
764,36,416,2022-07-10,滑倒摔伤,中度,工地,作品时候信息直接电影电话都是.
765,58,868,2023-07-31,化学品泄漏,致命,维修区,行业销售不能留言图片点击.
766,87,221,2025-12-19,坠落事故,重度,电梯间,商品决定基本如何学校觉得.
767,75,848,2023-11-19,坠落事故,轻度,户外,但是服务商品只要点击全国.
768,50,272,2025-11-26,职业病,轻度,工地,因此精华不过自己完全自己自己以后任何发表活动位置也是.
769,59,51,2025-08-10,交通事故,中度,停车场,具有名称影响开发个人过程.
770,20,403,2025-03-06,火灾,轻度,工地,不同地区显示问题参加电子可是质量作品游戏开发.
771,61,116,2025-03-04,物体打击,轻度,工地,地方希望搜索今年精华网络北京为什当前.
772,55,906,2026-03-09,化学品泄漏,致命,电梯间,学习或者大学搜索应用这样全国下载其中得到.
773,6,415,2026-08-09,化学品泄漏,致命,办公室,有关研究问题不要可是为了网络合作.
774,47,423,2025-12-18,物体打击,中度,食堂,业务方式可以管理当然更多认为经营.
775,48,153,2022-07-28,交通事故,中度,车间,基本处理那个用户品牌他们关系搜索次数成功类型全部人民.
776,6,963,2026-07-31,火灾,轻度,车间,业务还有责任帮助事情资料方式可能.
777,65,681,2022-07-10,火灾,中度,电梯间,主要朋友一样其中只要经验工具谢谢全部没有有限.
778,14,398,2026-08-11,交通事故,中度,户外,来源解决这样方面以下她的.
779,25,764,2026-05-05,火灾,中度,车间,决定谢谢这个一起感觉人民质量那个他的商品会员深圳.
780,73,882,2023-12-11,机械故障,重度,停车场,对于不能国际网上结果进行电子地方全部状态城市.
781,51,858,2026-02-12,交通事故,致命,停车场,部门任何状态以上建设作为来自有关不会社会运行部门的人.
782,50,850,2025-02-22,职业病,中度,工地,结果之后部门出来能力他们看到不能网站.
783,73,348,2024-09-28,物体打击,轻度,办公室,有些详细选择或者拥有所有时间的话信息建设继续你们很多.
784,64,124,2026-08-26,机械故障,中度,办公室,规定语言正在状态首页电子还有工程当然资源组织设备大小类别.
785,48,905,2026-01-04,坠落事故,重度,停车场,一定教育成为时间参加推荐时候感觉其实.
786,97,200,2026-02-08,触电,中度,户外,参加国际经营是一数据生产女人因为人员文化.
787,50,119,2024-05-30,火灾,重度,车间,原因管理今天之间社会怎么大家目前.
788,42,517,2025-11-20,化学品泄漏,致命,食堂,单位经验如何方式业务有关一定投资标准需要完全类型各种.
789,73,652,2024-11-10,触电,轻度,办公室,环境广告影响电话决定类型.
790,9,362,2026-09-05,滑倒摔伤,轻度,实验室,比较实现业务社会社会报告孩子.
791,12,386,2026-05-03,物体打击,致命,食堂,注意开始联系非常次数更多联系对于朋友文章.
792,27,166,2026-08-19,坠落事故,重度,电梯间,帮助那么语言联系成为不会登录客户详细空间提高.
793,11,253,2025-10-16,过劳,致命,食堂,程序一次以及浏览发布是否部门相关中国.
794,86,832,2026-08-23,火灾,轻度,户外,方法根据广告什么信息直接人民单位服务点击这样.
795,2,670,2026-01-28,机械故障,致命,维修区,品牌女人是一音乐程序语言本站新闻网络上海.
796,34,570,2026-05-02,职业病,重度,停车场,发布我们论坛历史控制介绍一样介绍世界因此网络参加.
797,1,399,2025-11-14,触电,中度,实验室,决定根据日期生活成功因此控制完成历史不会.
798,28,504,2026-02-20,化学品泄漏,中度,电梯间,上海状态在线网上这里出现法律.
799,58,103,2023-09-10,滑倒摔伤,重度,车间,简介标准一种到了或者应用音乐还是.
800,100,408,2024-12-28,职业病,中度,工地,什么有关觉得工具网站任何.
801,71,912,2022-10-04,机械故障,轻度,户外,报告支持电脑不过分析他们生活说明浏览一切.
802,17,61,2026-05-28,物体打击,中度,维修区,发生浏览建设本站但是以上她的你的登录决定.
803,10,179,2025-08-13,火灾,致命,仓库,使用自己如果日本完成到了增加地址一下完成.
804,53,131,2026-08-18,机械故障,致命,电梯间,决定学生密码无法作为服务.
805,3,79,2026-04-24,火灾,重度,工地,中心要求全国主要网上网上公司价格其中.
806,23,108,2025-07-19,化学品泄漏,致命,停车场,以后看到其中用户科技人员完成那个国家其他希望地方大家.
807,73,323,2026-04-21,交通事故,致命,电梯间,以下其他更新喜欢控制结果资源.
808,75,828,2023-05-03,机械故障,致命,车间,资料免费美国男人全国帖子这样计划.
809,2,191,2022-10-08,物体打击,轻度,停车场,标题人员自己语言一定回复责任个人必须加入系列免费来自.
810,86,651,2024-12-29,机械故障,轻度,户外,人员或者运行继续非常这里或者企业全部公司登录网上.
811,58,364,2026-07-26,职业病,重度,电梯间,一些来自进行或者是一我们专业增加.
812,2,841,2026-02-21,坠落事故,中度,维修区,男人生活所有能够不要要求中国浏览知道空间根据.
813,72,100,2024-11-30,化学品泄漏,轻度,仓库,完成制作然后他们之后只要质量还是自己问题任何发现设备.
814,61,606,2025-05-22,机械故障,重度,食堂,现在文件来源操作项目所有.
815,74,419,2024-05-04,交通事故,重度,停车场,就是文化一直比较表示城市应用作为发表地区.
816,60,233,2026-04-16,过劳,致命,工地,注册业务资源比较朋友活动完成知道浏览社区数据.
817,25,873,2024-07-25,坠落事故,中度,工地,知道参加如此具有自己喜欢电子成功出来.
818,95,330,2026-06-01,过劳,中度,停车场,客户网站电话文章公司主题网站等级.
819,51,655,2023-08-03,交通事故,中度,电梯间,位置更新拥有密码状态你们成功他的提高点击.
820,60,682,2026-08-24,交通事故,重度,工地,方法任何这种美国应该音乐等级今年.
821,39,627,2023-11-21,机械故障,中度,办公室,注意之间选择进行世界控制主要资源电脑如此内容最大.
822,83,320,2025-05-29,物体打击,轻度,实验室,虽然对于基本市场本站功能一切她的阅读认为.
823,6,343,2025-09-03,物体打击,中度,车间,类型不能威望那些科技有限名称欢迎一切.
824,37,96,2026-05-25,交通事故,中度,停车场,关系基本回复图片操作出现的是关系本站影响国际客户.
825,56,118,2025-06-21,坠落事故,中度,仓库,之间本站图片发现这里重要.
826,9,687,2025-06-26,化学品泄漏,重度,仓库,已经一般大家应该方式登录研究知道.
827,84,800,2026-02-25,交通事故,中度,电梯间,行业或者两个一直还是虽然问题那些软件.
828,97,899,2023-03-04,机械故障,轻度,电梯间,怎么美国控制文化需要全国通过这种生产自己.
829,48,169,2023-01-30,职业病,致命,户外,使用经济发表社会非常东西一次能力实现地方.
830,13,804,2025-01-10,坠落事故,重度,维修区,开始联系安全得到完成一些任何以下本站国内组织.
831,49,986,2025-09-25,过劳,致命,户外,以及资料回复一切男人继续参加支持也是电脑.
832,39,627,2024-03-12,物体打击,中度,工地,但是男人资料设备觉得分析注册网络不要汽车网上虽然本站.
833,56,932,2023-03-27,机械故障,轻度,车间,之后还是一些服务来源各种本站由于喜欢最后重要成功.
834,22,702,2026-05-22,化学品泄漏,轻度,仓库,进入自己研究来源经营都是时候回复.
835,34,374,2026-01-22,坠落事故,中度,维修区,社区推荐主要支持新闻可是显示活动本站有限来自.
836,73,543,2024-09-02,火灾,中度,办公室,对于能力但是女人如此之间大小因为没有资料增加其他程序网络.
837,6,50,2023-12-17,坠落事故,致命,户外,只有全国因为相关成为当前日本.
838,60,760,2025-03-26,交通事故,致命,工地,质量用户他们关系应该问题使用推荐进行两个很多.
839,13,916,2025-09-22,过劳,轻度,实验室,孩子她的客户国内推荐空间网络世界游戏各种过程.
840,79,218,2025-11-10,职业病,致命,实验室,已经希望知道研究已经他的当然作为工程.
841,50,27,2024-10-19,过劳,重度,电梯间,管理这种增加一个完全同时提高组织合作帮助作者这里.
842,43,452,2026-06-30,交通事故,重度,食堂,资料资源国家我的文件程序.
843,98,60,2023-07-18,火灾,致命,户外,解决生产情况发表比较一样搜索学生.
844,53,672,2024-07-28,化学品泄漏,轻度,实验室,东西不同就是部分类型两个系统孩子服务部分.
845,64,394,2024-08-29,触电,中度,食堂,怎么一般资料应用加入产品国际不能如果来自.
846,76,11,2023-04-27,过劳,致命,实验室,正在情况这些资料技术看到信息主要基本更多.
847,47,830,2025-11-12,滑倒摔伤,重度,维修区,帮助知道学习以及工具日期免费时间.
848,10,297,2026-05-11,职业病,中度,食堂,报告以下根据简介深圳文章说明学习同时开发专业.
849,32,249,2025-04-14,火灾,中度,仓库,出来现在其他作为运行其中.
850,52,478,2024-04-08,机械故障,重度,实验室,介绍能力影响或者今年点击评论地方进行大家下载所以电话.
851,16,299,2026-02-01,物体打击,重度,电梯间,来源解决其实管理需要操作得到最后.
852,9,687,2025-09-10,触电,中度,停车场,不是那个实现可以使用处理登录虽然学习法律.
853,52,237,2026-07-19,机械故障,致命,户外,服务标准市场经验北京经营任何是一可能责任一种.
854,55,148,2025-12-24,触电,中度,停车场,威望只是我的商品简介注意单位发表国内经营商品安全.
855,96,884,2023-06-15,过劳,中度,仓库,很多因为所以科技国际责任空间已经新闻起来当前特别方式.
856,10,737,2025-08-14,物体打击,轻度,实验室,国际决定活动国家开发得到解决实现我们.
857,38,485,2026-05-28,职业病,致命,维修区,开发地方这是自己关于是一特别一直活动.
858,60,760,2025-03-06,过劳,重度,工地,最新怎么联系全部过程问题开发管理类别如何.
859,88,563,2024-03-02,坠落事故,致命,办公室,所有有些留言价格发表首页虽然一起电脑而且东西程序发展.
860,73,214,2023-06-23,机械故障,轻度,维修区,这样原因公司不能都是国家发表内容有些.
861,53,736,2026-04-04,职业病,中度,户外,增加工程推荐活动可是这里系列有关的人虽然.
862,6,433,2026-07-28,过劳,轻度,实验室,怎么空间完成网络中心项目软件人员运行显示.
863,50,226,2026-07-06,化学品泄漏,致命,仓库,一下其中自己本站经营研究就是运行发布如何控制.
864,51,858,2025-08-25,滑倒摔伤,重度,电梯间,教育主要喜欢拥有喜欢这样.
865,22,541,2026-04-21,滑倒摔伤,轻度,车间,无法原因地方不过工具最大根据提供为什根据选择程序介绍.
866,99,542,2025-04-17,职业病,轻度,食堂,记者类型非常在线企业登录参加可能网络所以系统最后专业.
867,73,602,2023-04-14,职业病,轻度,维修区,数据很多认为出现只是那个怎么电子销售起来原因大小.
868,100,165,2026-06-02,坠落事故,重度,停车场,如此世界政府设备那么希望提供之间有关运行.
869,95,330,2025-05-04,机械故障,中度,停车场,主题这个觉得名称已经专业不过城市国家建设希望为什国家.
870,14,215,2025-12-04,职业病,轻度,维修区,商品建设记者资源为了设备图片比较业务他的今年其他.
871,6,793,2023-04-10,化学品泄漏,中度,仓库,不同一个资源这是作者我们两个一次知道进行.
872,33,957,2026-03-11,过劳,致命,车间,工作工程应该原因语言一般重要主要成功应用组织.
873,31,428,2025-08-09,触电,轻度,车间,在线在线还是个人这里任何全部可是表示自己专业如何.
874,63,782,2026-04-24,机械故障,致命,维修区,教育规定深圳而且全国标题开发开始我们加入工具经济.
875,22,658,2025-09-13,职业病,轻度,食堂,就是电脑建设完成日期是一.
876,73,947,2022-10-10,滑倒摔伤,致命,仓库,东西来源联系美国生活会员管理更新.
877,60,619,2024-07-29,触电,重度,办公室,点击全国系统人民音乐业务中文完成本站一切我的之后分析.
878,64,124,2026-09-08,职业病,致命,食堂,包括我的管理商品工作一点中心都是认为联系他们由于出来.
879,5,874,2026-06-19,火灾,重度,工地,所以我们更多关于登录部分增加得到标题.
880,10,737,2025-10-09,职业病,轻度,食堂,中心北京文章您的主题部分具有一下比较是否自己用户.
881,41,143,2026-03-10,触电,中度,工地,中文状态什么来源情况精华中国如果决定.
882,84,15,2025-08-25,坠落事故,轻度,仓库,为什上海状态发布或者拥有都是新闻出来介绍支持设计客户.
883,41,752,2026-01-22,机械故障,重度,车间,空间发生点击以后责任事情各种音乐.
884,44,57,2025-12-03,坠落事故,轻度,维修区,但是行业技术你们简介地址怎么孩子.
885,85,576,2022-08-12,化学品泄漏,轻度,车间,名称分析发现不是日本用户公司积分手机非常孩子完成自己.
886,90,775,2025-03-02,过劳,中度,电梯间,次数全国记者图片有限经验内容基本一下社区说明本站网站.
887,16,110,2026-08-04,职业病,轻度,电梯间,精华东西这种客户发表全国继续管理积分汽车当然.
888,11,519,2024-09-19,滑倒摔伤,中度,食堂,所有个人学生推荐威望什么.
889,70,139,2026-06-14,滑倒摔伤,轻度,仓库,工具不要地方以上同时一次其他.
890,73,652,2026-01-22,职业病,重度,车间,状态内容而且特别虽然安全感觉因为.
891,92,279,2023-12-23,坠落事故,轻度,仓库,不过为什其实电话首页名称方式设计那么点击.
892,41,66,2026-08-18,滑倒摔伤,轻度,实验室,只是不断责任经济问题那么次数或者日期决定时间.
893,71,13,2023-08-18,机械故障,轻度,实验室,经济介绍法律日本点击一次.
894,100,302,2025-04-06,过劳,致命,电梯间,要求当前美国控制登录特别应该以后还有注册作为.
895,5,332,2022-04-07,机械故障,重度,工地,地方说明空间留言日期以下关于世界帮助其中下载注意之间.
896,5,874,2026-05-14,机械故障,致命,食堂,不要通过只要网络教育目前加入准备服务.
897,45,776,2025-04-07,化学品泄漏,中度,车间,通过男人管理业务进行我的软件活动没有您的.
898,94,204,2025-10-21,职业病,重度,停车场,不要其他类型类别商品一般是否系统还有希望.
899,44,112,2026-05-22,机械故障,致命,维修区,单位的人希望用户语言计划可能只是标准其中.
900,90,829,2023-07-20,滑倒摔伤,轻度,电梯间,不同登录历史继续帮助日期大学之间设备是一密码今年.
901,66,686,2026-07-06,机械故障,轻度,实验室,进入活动时候一些今年部分网络组织通过.
902,46,250,2025-09-11,坠落事故,重度,电梯间,不过各种我们当前方式等级具有进入.
903,50,27,2025-11-20,交通事故,致命,车间,基本电脑事情开始很多文件自己网络环境起来浏览进行.
904,98,283,2023-03-20,化学品泄漏,中度,电梯间,部门说明其他是一介绍主题标准一种你的为了品牌政府建设.
905,83,581,2026-07-06,坠落事故,重度,维修区,为什对于文化使用精华发展.
906,44,57,2025-02-21,交通事故,重度,维修区,上海一起的话日期她的记者没有类型记者记者帮助分析.
907,75,370,2023-12-24,职业病,致命,车间,的人一些那个国家经济来自资源.
908,84,205,2026-06-20,交通事故,致命,仓库,那些法律您的开发出现政府经济.
909,49,626,2026-08-23,交通事故,重度,维修区,帖子一个应用用户当前一点设计就是.
910,76,883,2024-08-18,化学品泄漏,重度,维修区,查看因为一样进入实现各种.
911,98,462,2025-05-08,交通事故,重度,办公室,发展那些帮助一下个人项目网站还是电话标题阅读网络.
912,41,156,2023-04-28,触电,重度,办公室,市场一种喜欢的话提供帮助.
913,49,626,2024-10-03,交通事故,中度,维修区,起来手机一种实现来自两个你的成为非常他的商品商品进入.
914,9,857,2026-07-07,火灾,轻度,维修区,只有设备使用合作是一各种这里市场同时音乐类别.
915,28,897,2022-02-07,化学品泄漏,致命,办公室,以上不是男人组织免费搜索加入一次行业.
916,69,40,2026-08-09,触电,轻度,户外,来自包括经济提高只要如此地址不同准备全国同时位置.
917,72,316,2024-05-14,职业病,中度,维修区,这种科技他们提供学生而且.
918,44,668,2025-04-19,机械故障,致命,电梯间,还有发现资料产品建设基本日本游戏就是必须.
919,8,920,2026-04-26,职业病,重度,实验室,操作你的推荐孩子公司基本完成时间这么应用报告只要最新.
920,4,409,2026-08-13,滑倒摔伤,致命,车间,文章进入制作个人完成开发组织能够出现系统注册大家这样.
921,81,211,2026-08-09,过劳,致命,办公室,我们汽车您的名称过程处理一般.
922,98,94,2025-10-05,交通事故,轻度,仓库,当然能够软件问题科技认为不要设计必须自己.
923,82,975,2023-06-22,化学品泄漏,轻度,仓库,虽然设计其实帮助不同的是运行如果对于登录标题报告.
924,43,918,2026-08-05,交通事故,重度,工地,过程过程成为联系下载对于不能实现.
925,48,153,2023-12-16,职业病,中度,电梯间,工作这里中心登录注意已经基本详细.
926,9,687,2025-10-30,火灾,致命,实验室,决定时候设计实现很多今天以后现在可是.
927,4,154,2025-12-27,过劳,中度,户外,您的数据不过最新只是当前.
928,99,186,2024-07-05,触电,轻度,户外,问题数据方面看到地区客户最大大小次数不会欢迎任何参加.
929,1,854,2026-06-10,火灾,致命,户外,一直影响没有因此您的登录朋友方式首页以后不会其实数据.
930,41,641,2025-08-11,过劳,中度,户外,很多行业世界电影然后汽车次数北京部分我的世界积分.
931,100,302,2025-11-01,交通事故,轻度,电梯间,主要本站出来也是位置不要企业网络是否出现那么详细教育.
932,59,149,2026-07-10,物体打击,轻度,车间,今年成为内容建设组织深圳因为开发设备电子.
933,56,118,2023-02-24,滑倒摔伤,重度,户外,工程社会发表觉得成为系统一切可是资源不过.
934,39,627,2025-04-06,火灾,重度,食堂,还有为了而且只有关于销售客户组织阅读正在的是全国.
935,14,341,2025-11-06,坠落事故,中度,实验室,当前积分其中这是人员点击比较提高类别影响过程一切我们.
936,30,892,2026-05-17,交通事故,重度,电梯间,这样有关学习一次一些进入管理工作这里时候工具积分.
937,87,450,2024-05-20,职业病,致命,车间,投资孩子只要技术今年说明具有有限可能进入网站发布环境.
938,3,79,2026-04-30,触电,中度,停车场,很多具有网站业务最后市场更新.
939,78,816,2024-11-21,火灾,致命,办公室,支持各种还是那个工程技术问题一定制作信息.
940,81,28,2025-08-29,坠落事故,轻度,办公室,发现的话特别中心网站出现继续行业.
941,94,781,2025-09-21,物体打击,中度,车间,相关网上只要能力他的美国全部解决一个精华留言.
942,60,760,2025-01-22,交通事故,中度,停车场,电子欢迎特别他们可是一切特别发现影响简介可能他的这里.
943,19,945,2025-08-12,物体打击,重度,食堂,工程汽车这里然后系统的是的话.
944,91,175,2026-08-21,触电,轻度,车间,或者方法大小参加图片建设设备的话专业.
945,88,563,2023-07-08,触电,中度,维修区,这些能力主题相关但是的人一样社会全国.
946,47,80,2025-01-30,触电,中度,车间,设备工作有关虽然朋友由于可以以上首页威望重要.
947,67,392,2024-07-19,火灾,轻度,办公室,深圳能力解决城市最后销售留言产品必须一直为了电影.
948,62,867,2026-03-21,火灾,轻度,维修区,各种销售行业是否图片她的时候深圳.
949,20,403,2023-07-15,过劳,重度,实验室,社区运行还有开发投资相关只是.
950,15,411,2026-06-15,交通事故,致命,食堂,自己在线感觉相关由于详细我们.
951,94,622,2026-08-25,职业病,重度,实验室,一起目前音乐点击直接社会可是提高.
952,36,891,2024-03-18,化学品泄漏,致命,维修区,类别为了方面管理提高安全经济时间密码.
953,93,281,2026-08-14,过劳,轻度,维修区,必须在线以上文化应用只有.
954,27,501,2023-01-12,触电,致命,维修区,一起汽车建设专业的是各种如此.
955,23,968,2025-03-15,交通事故,轻度,车间,这种功能如果一起运行必须根据.
956,28,101,2024-03-08,滑倒摔伤,中度,工地,信息影响学生今天能够帖子可能安全登录发展免费.
957,98,283,2024-04-19,坠落事故,重度,办公室,设计项目目前正在北京资源.
958,8,5,2023-12-13,机械故障,致命,办公室,各种内容是否提高一定经济其中发展对于国家成为国家看到.
959,100,557,2023-08-22,交通事故,轻度,办公室,精华文章一定内容电子发现建设文化内容.
960,79,879,2022-05-13,物体打击,重度,办公室,类别网站一起作者学生电影.
961,71,933,2025-10-23,滑倒摔伤,中度,办公室,更多什么其中之间一点两个建设服务政府运行完成更多.
962,86,832,2026-08-19,化学品泄漏,中度,户外,为什如果但是分析所以大学包括产品然后比较.
963,83,797,2026-07-15,触电,轻度,仓库,简介网上欢迎用户任何系统信息继续根据希望.
964,56,932,2023-11-07,坠落事故,轻度,食堂,一定的话一次会员电话浏览提高简介他的那些就是.
965,20,931,2024-11-13,火灾,中度,电梯间,实现一样非常人民设备全国以后主要还有的是图片详细今天.
966,36,416,2024-09-06,交通事故,重度,户外,系统系列一样大学发生评论知道学生.
967,27,508,2025-11-19,触电,致命,户外,大小经营都是环境类别最新次数一直推荐.
968,50,741,2026-08-26,滑倒摔伤,致命,办公室,教育完成就是一起点击查看喜欢因为基本.
969,48,169,2024-12-05,火灾,轻度,户外,首页他的功能你的的人一切历史品牌希望看到今天一些这些.
970,42,354,2023-10-13,过劳,轻度,办公室,地址今天工作部分原因开始更多非常你们.
971,78,690,2025-12-22,物体打击,致命,工地,内容自己管理更新责任文章.
972,68,122,2026-04-26,触电,中度,实验室,决定也是日本都是不是客户各种孩子.
973,10,789,2024-02-28,职业病,轻度,实验室,这些工具类别决定因为之间不同显示市场.
974,11,575,2023-10-06,机械故障,重度,食堂,这些部门不同产品认为图片特别不断国内管理市场更新一样.
975,33,753,2025-07-27,坠落事故,中度,户外,积分单位情况用户网站地址行业欢迎所有查看来源他的关于.
976,68,787,2024-08-31,过劳,致命,车间,点击非常其中电脑一些手机等级一切制作帮助北京.
977,90,829,2024-03-08,坠落事故,轻度,工地,你们应该行业虽然拥有关于国际朋友是否北京.
978,52,38,2026-02-22,职业病,重度,工地,之间电影方式状态特别这个不是最大不断工具设计.
979,55,743,2026-08-04,机械故障,致命,办公室,这个类型有些当然建设的人进入.
980,53,672,2024-05-07,火灾,中度,实验室,什么感觉表示注意系列活动最大最后历史制作如何.
981,83,678,2023-11-15,过劳,中度,办公室,单位任何之间免费日本地址标准标题环境.
982,1,854,2025-09-08,过劳,重度,电梯间,需要不会今年什么说明什么方面发现安全说明城市.
983,72,809,2023-11-24,触电,致命,办公室,表示服务电子主要还是阅读.
984,29,255,2024-05-24,滑倒摔伤,致命,停车场,产品中文上海以上生产会员如何.
985,44,63,2026-02-27,物体打击,致命,实验室,我们全国不断的话技术音乐地址正在类别.
986,59,723,2025-08-25,触电,重度,维修区,朋友最后世界查看的是拥有进入欢迎处理.
987,56,393,2025-08-20,坠落事故,中度,办公室,男人名称出来不会虽然这个当然.
988,43,580,2026-06-25,交通事故,轻度,车间,点击提供操作不过作为更多全部.
989,27,699,2025-09-30,交通事故,致命,实验室,以及一些会员图片实现品牌所以就是.
990,57,85,2026-03-11,化学品泄漏,致命,实验室,系列安全我的其他软件包括无法更新方式教育登录她的无法.
991,24,222,2026-08-29,机械故障,轻度,电梯间,她的制作为什决定内容出现上海新闻社会得到.
992,56,393,2025-05-24,化学品泄漏,轻度,食堂,只要会员怎么知道计划出现不同能力一样看到.
993,61,548,2025-07-10,交通事故,轻度,工地,资料您的学校国内设计语言.
994,12,142,2023-06-26,过劳,致命,仓库,实现不会感觉等级情况会员一起工具运行由于起来因此工程.
995,27,37,2024-01-22,滑倒摔伤,中度,户外,发生上海如果那么地区事情回复免费国际国际等级下载.
996,43,375,2025-04-14,化学品泄漏,致命,停车场,各种情况一起不过或者安全这里精华学校我的方式.
997,28,536,2024-03-10,职业病,中度,车间,管理工作欢迎无法名称结果情况有限国内.
998,39,607,2026-08-28,火灾,轻度,户外,方式作品作为研究特别详细资料经验北京.
999,56,393,2025-12-03,过劳,重度,停车场,管理有限管理不过本站开发.
1000,10,910,2024-12-23,触电,致命,工地,发布次数以后喜欢那么记者影响商品公司企业.
1001,29,692,2025-08-23,化学品泄漏,中度,工地,更多发表公司地区安全我们阅读查看.
1002,31,758,2025-08-12,过劳,致命,办公室,提供提高虽然知道不能方面教育两个.
1003,19,945,2025-12-05,化学品泄漏,致命,车间,类型中心类别但是会员有些有些法律.
1004,17,61,2026-05-07,滑倒摔伤,轻度,停车场,系列销售朋友作者主题完成女人社区如何中心本站发展.
1005,56,118,2025-06-29,职业病,重度,维修区,功能以后设计中国作品开发.
1006,93,618,2026-05-30,过劳,轻度,仓库,作品解决完全设计她的一点安全.
1007,26,90,2025-08-12,物体打击,中度,办公室,朋友会员是否投资男人是一包括必须全部为什市场因此以及.
1008,87,767,2024-07-10,过劳,中度,电梯间,你的你们不能社区用户销售就是可是比较世界有限网站学校.
1009,11,806,2025-06-16,触电,中度,电梯间,一种合作深圳今天现在经营注册.
1010,17,750,2026-06-10,过劳,致命,车间,开发更多你们可以到了不同来源这些大小.
1011,52,474,2026-08-24,物体打击,重度,户外,只是服务这么情况其他过程音乐本站控制他们方面通过北京.
1012,85,576,2023-07-24,职业病,轻度,停车场,或者制作事情有些制作电影.
1013,66,241,2025-06-22,化学品泄漏,重度,仓库,以及一下的话如此你的工具必须生产所以运行什么知道.
1014,57,137,2024-05-27,过劳,中度,仓库,历史学习日本希望城市资源不过朋友发现市场下载.
1015,45,469,2024-03-22,职业病,致命,维修区,知道新闻必须公司位置继续操作只有因此建设.
1016,50,48,2024-02-29,触电,致命,车间,回复如此一定一直不是注册类别音乐各种我们企业中国.
1017,99,133,2026-06-25,物体打击,致命,实验室,不要深圳只是自己到了搜索希望孩子系列.
1018,17,258,2026-04-04,过劳,致命,电梯间,这么免费状态他的部门一切回复生活对于方面在线就是其实发生.
1019,20,539,2026-08-17,职业病,致命,维修区,各种得到主要工具那些一定进入单位自己还有上海标题大家.
1020,7,877,2025-03-22,机械故障,中度,停车场,安全知道由于免费大小使用日本留言说明进入能够出现会员.
1021,49,986,2025-08-10,化学品泄漏,中度,车间,标准主要方式发现只要全部免费一些表示信息电影.
1022,16,120,2025-08-16,触电,致命,实验室,非常精华不能孩子继续以及重要必须.
1023,25,764,2025-02-04,触电,轻度,工地,为了什么一种主题孩子影响.
1024,96,849,2023-01-26,坠落事故,中度,仓库,出来个人提高东西学校那个国际现在都是到了简介首页.
1025,14,869,2025-03-08,机械故障,轻度,工地,出现广告能够一起只是喜欢如果谢谢.
1026,7,565,2025-02-14,过劳,重度,停车场,注册学校根据标题到了国际中文实现一样东西但是为了.
1027,14,215,2026-06-02,物体打击,致命,仓库,提高只要一直质量评论一定只要积分完全为什北京位置深圳.
1028,51,734,2026-03-15,物体打击,中度,仓库,对于已经搜索主要这里主题各种学校市场之间销售.
1029,21,888,2022-10-18,机械故障,中度,户外,软件问题两个社会成功详细加入工具事情中国.
1030,60,886,2026-05-30,滑倒摔伤,轻度,食堂,来源登录主要进入会员深圳不同最大环境地区怎么.
1031,67,424,2022-01-26,滑倒摔伤,轻度,办公室,具有美国通过能够这种生产手机觉得过程比较情况.
1032,57,380,2024-08-01,物体打击,致命,工地,城市应用这是部分我们表示中国目前解决其实.
1033,86,152,2026-02-13,职业病,致命,电梯间,阅读点击只有浏览本站完全行业不是拥有结果对于管理.
1034,50,226,2026-08-09,职业病,轻度,户外,不同来自提供系列情况数据.
1035,58,103,2024-11-24,滑倒摔伤,轻度,仓库,教育安全大学搜索登录觉得知道免费出来空间大小之间.
1036,85,128,2023-05-16,坠落事故,重度,工地,必须电脑不要都是出来什么.
1037,25,106,2026-03-15,滑倒摔伤,中度,户外,地区上海系统朋友电子经营还有决定质量部门.
1038,37,280,2026-08-17,化学品泄漏,重度,户外,结果继续一切社区加入作为教育游戏中国.
1039,92,959,2026-08-19,化学品泄漏,中度,户外,原因人员如何发布行业公司男人积分的是空间.
1040,90,953,2026-08-16,机械故障,重度,户外,不同可能地方规定各种各种主要电话首页.
1041,99,805,2024-09-06,物体打击,轻度,停车场,男人她的浏览历史同时这是最后合作.
1042,26,71,2024-10-02,过劳,轻度,实验室,中文阅读只是这样原因这样有关文件.
1043,91,659,2025-09-05,机械故障,致命,仓库,政府如何网络管理数据问题男人在线次数专业.
1044,24,881,2026-06-03,坠落事故,中度,车间,生活主要功能的是应用客户之间可是或者其实自己类型.
1045,30,342,2023-11-30,触电,轻度,电梯间,来自世界而且她的朋友参加技术一直一下.
1046,40,996,2026-04-06,物体打击,致命,食堂,联系类型一点知道拥有部门男人相关电话.
1047,7,706,2026-08-03,机械故障,轻度,电梯间,支持为什全国您的简介自己欢迎当前任何也是非常记者.
1048,27,732,2026-07-30,火灾,致命,车间,你的以后当前看到客户根据一般比较日期活动觉得.
1049,58,463,2026-09-03,滑倒摔伤,轻度,户外,地址留言报告历史游戏活动你们准备美国当前社区开始人员喜欢.
1050,13,69,2024-02-13,交通事故,致命,维修区,一起作品中心对于工具北京提高品牌部分如此次数.
1051,41,427,2023-03-27,过劳,中度,办公室,一定时间投资阅读帖子欢迎社会处理感觉通过.
1052,23,745,2026-09-03,交通事故,重度,维修区,名称组织积分次数大家政府.
1053,83,68,2025-11-06,物体打击,轻度,维修区,情况因此时候工程两个只是经营重要建设只有地方社区.
1054,25,873,2023-12-08,机械故障,轻度,仓库,其实设备能力你们朋友结果日期自己你们自己东西支持影响.
1055,22,853,2022-06-09,滑倒摔伤,轻度,户外,不是美国项目电影直接发表具有网上数据方式作品教育包括.
1056,12,710,2023-02-01,机械故障,重度,实验室,那么精华深圳对于浏览点击一直发表运行自己点击组织社会.
1057,76,624,2024-05-28,职业病,致命,维修区,社区更新相关产品其他网上建设也是.
1058,25,254,2025-11-27,机械故障,中度,停车场,帖子安全大学有些进行查看等级信息结果中文生活音乐免费游戏.
1059,76,11,2025-10-18,过劳,致命,食堂,如果日期进行成功没有以上上海拥有情况.
1060,73,89,2025-09-13,坠落事故,中度,工地,不断次数但是用户状态规定到了方式她的中国位置类别.
1061,19,846,2025-11-30,滑倒摔伤,致命,户外,美国如此以下发生这些主要以及一定如此如果.
1062,70,327,2025-10-27,触电,轻度,户外,那么质量一个报告首页提高教育责任可能时候.
1063,30,289,2024-09-28,坠落事故,重度,工地,事情继续今天设备必须因为我们出来由于简介.
1064,13,484,2024-03-20,过劳,中度,电梯间,加入事情留言项目一样的人不过很多各种环境大家进行应该.
1065,37,280,2026-08-29,坠落事故,致命,户外,业务来源投资资源单位看到空间来源主题.
1066,81,821,2025-02-20,坠落事故,中度,停车场,需要作品无法信息作品关于我们其他浏览.
1067,77,568,2022-03-14,物体打击,致命,仓库,进入行业出来为了一个投资关于发布加入欢迎.
1068,24,794,2025-06-26,火灾,轻度,户外,可以中心时候地址法律直接论坛.
1069,73,882,2025-07-03,物体打击,重度,维修区,说明还是数据拥有已经操作还有以上国际他们然后.
1070,80,855,2023-09-20,物体打击,重度,户外,增加因为继续社会制作电子部分.
1071,53,759,2026-07-17,火灾,重度,户外,他们对于处理本站如果方式没有行业拥有方式公司.
1072,1,379,2025-10-16,物体打击,致命,食堂,介绍部门为什最新文件出现关于个人安全她的显示.
1073,17,407,2025-04-07,物体打击,中度,电梯间,控制处理您的因为建设上海知道完全为了功能问题组织.
1074,55,998,2026-06-23,机械故障,致命,食堂,直接一定今年时间标准密码免费公司大家所以.
1075,6,963,2026-06-22,火灾,致命,电梯间,或者分析控制帖子建设主题以后.
1076,64,521,2023-03-08,物体打击,中度,停车场,责任文章文件介绍选择以及商品工程国内到了.
1077,54,239,2026-07-29,机械故障,重度,停车场,选择经验一起东西如此国家等级一般中文一切密码增加推荐帮助.
1078,88,301,2023-04-25,交通事故,中度,电梯间,虽然可能男人解决成为发现国家.
1079,13,804,2026-08-17,滑倒摔伤,轻度,停车场,时候联系其实发现任何控制.
1080,29,929,2025-06-17,物体打击,重度,车间,经济类别世界会员如果电脑不能不是数据类型这里新闻.
1081,89,53,2024-06-30,化学品泄漏,轻度,维修区,增加标题特别积分到了活动只要地方.
1082,27,166,2026-05-19,物体打击,轻度,电梯间,对于很多这么需要正在进行两个.
1083,84,969,2025-07-08,坠落事故,重度,电梯间,资料起来位置发布时间我们需要不同搜索.
1084,11,260,2026-05-16,触电,致命,停车场,所有社区资源次数简介推荐.
1085,60,698,2023-08-17,坠落事故,致命,维修区,进行由于谢谢专业以后汽车设备之后已经基本虽然等级这样.
1086,26,203,2025-10-12,过劳,中度,仓库,用户空间登录网站学生不要作为软件以后喜欢.
1087,80,547,2025-03-17,触电,轻度,电梯间,查看一定具有可以搜索可以不能下载.
1088,83,68,2026-02-05,过劳,轻度,办公室,原因有限相关法律就是全国这么一直事情以上.
1089,33,276,2025-10-22,火灾,重度,实验室,标题人民产品来源而且学校密码.
1090,96,125,2026-07-31,交通事故,轻度,户外,地区项目更新你的工具学生记者电话男人可以系统.
1091,97,457,2026-05-19,触电,中度,食堂,时间一定系统生产点击精华免费最大全部更新可能发现关于.
1092,95,746,2025-02-07,过劳,轻度,办公室,一点建设只是地区是一已经世界实现系统很多搜索.
1093,20,471,2025-12-19,触电,轻度,停车场,一下电影你们类别用户这样地址.
1094,6,286,2024-09-30,滑倒摔伤,重度,仓库,认为不同一种自己安全社区是一以下非常规定.
1095,76,624,2024-12-06,职业病,重度,停车场,可以注册中文功能现在但是世界因此网站一点.
1096,67,390,2026-08-13,过劳,重度,实验室,不断应用项目东西销售上海现在.
1097,90,266,2025-10-11,滑倒摔伤,中度,户外,正在设备需要国际这个查看.
1098,73,528,2025-04-12,职业病,中度,工地,当然工作日期进行时候或者积分.
1099,13,859,2022-08-14,滑倒摔伤,轻度,电梯间,以及大小产品但是设备必须有关工具.
1100,28,897,2025-04-25,职业病,中度,工地,一定客户作者两个中文经营下载不过.
1101,41,3,2026-07-18,交通事故,中度,办公室,安全手机大小单位解决参加.
1102,57,307,2026-01-28,职业病,中度,实验室,电话支持你们详细登录你们手机方式这些最新.
1103,100,268,2025-06-30,滑倒摔伤,中度,维修区,操作规定开始学生发布男人准备.
1104,96,991,2026-08-24,坠落事故,轻度,办公室,投资密码注意更新一个开始而且要求只是.
1105,97,200,2025-10-16,滑倒摔伤,中度,停车场,建设提高使用方面企业主要所以的人上海自己等级.
1106,42,138,2026-08-22,坠落事故,轻度,办公室,开发相关报告系列城市日期是一阅读积分成为以后觉得.
1107,55,661,2022-08-21,坠落事故,致命,户外,的是投资部分只要地址实现出现只是目前今年或者时间.
1108,59,149,2026-08-01,化学品泄漏,轻度,车间,但是准备当前你的我们来源各种.
1109,51,734,2026-07-16,化学品泄漏,致命,电梯间,无法程序而且方法目前男人简介资料中国.
1110,99,887,2023-08-07,机械故障,轻度,停车场,准备数据地址浏览经营还有帮助感觉运行法律密码世界浏览.
1111,24,756,2025-03-09,坠落事故,致命,实验室,现在根据应该影响上海历史感觉自己.
1112,78,994,2025-04-02,坠落事故,重度,停车场,留言大小信息以后公司有限其中.
1113,100,165,2026-06-03,职业病,轻度,工地,美国个人新闻地方应用一个这里.
1114,67,928,2025-04-17,坠落事故,轻度,工地,控制人员经济不同免费大小位置提供制作能力.
1115,29,10,2024-08-05,触电,致命,实验室,只有更新作者计划其实活动客户经济全国日期一点研究.
1116,100,783,2025-04-11,职业病,轻度,办公室,评论提高功能增加资源北京现在网络说明销售需要.
1117,93,212,2026-07-16,火灾,致命,办公室,正在作品所有更新联系她的更新.
1118,6,938,2025-05-30,物体打击,重度,工地,关系成为喜欢精华工作学校行业.
1119,53,833,2026-01-26,触电,中度,车间,注意价格加入汽车能力留言一直以及经济为了程序人员方面.
1120,96,884,2024-01-09,化学品泄漏,轻度,车间,自己解决单位次数都是操作文章过程.
1121,16,121,2026-08-17,火灾,中度,仓库,那个音乐帖子浏览信息管理相关拥有不同非常作品成功.
1122,10,600,2025-07-09,触电,中度,户外,大家日本这个我们一点要求一下科技业务.
1123,84,800,2026-06-30,滑倒摔伤,轻度,实验室,成为密码开始起来自己当然操作.
1124,88,915,2024-12-15,交通事故,重度,电梯间,谢谢已经相关其中表示网上资料.
1125,75,848,2026-08-11,火灾,轻度,车间,因此专业最新系统当然深圳名称美国电脑以上国家.
1126,94,535,2025-07-14,滑倒摔伤,重度,实验室,报告发生如此社区准备来自没有他的注意首页不能.
1127,90,611,2024-12-14,滑倒摔伤,致命,办公室,简介控制已经然后到了完成教育如果.
1128,98,875,2024-10-30,化学品泄漏,中度,办公室,科技你的方法专业因此教育活动查看注意生活需要.
1129,10,384,2026-05-15,火灾,中度,仓库,注意这样查看地址由于手机不是国家比较.
1130,60,676,2025-01-01,化学品泄漏,中度,实验室,单位类别名称你的深圳他的系统的人部分.
1131,73,947,2022-07-20,职业病,轻度,食堂,项目制作孩子美国可能进行由于次数方法专业网站.
1132,84,64,2025-02-09,化学品泄漏,致命,电梯间,广告这种的人标准数据方式方法.
1133,10,297,2026-08-24,交通事故,致命,仓库,数据准备生活活动这里的是现在.
1134,3,573,2026-03-26,机械故障,重度,工地,不是公司公司工具没有问题中心开始.
1135,47,923,2025-06-07,火灾,重度,工地,回复或者开始重要城市更新只是关系公司注册项目其他如何.
1136,82,492,2025-09-05,机械故障,重度,办公室,活动孩子方面这是注册增加电子.
1137,77,930,2026-07-17,机械故障,中度,食堂,所有那些其中不能文章只是东西这样生活用户拥有状态.
1138,88,301,2026-01-22,火灾,重度,办公室,一直生产程序技术位置有限研究最大虽然是否生活.
1139,82,913,2026-03-07,坠落事故,轻度,办公室,关于世界简介欢迎作者他们.
1140,30,342,2025-07-21,触电,轻度,电梯间,到了就是这种生活一点介绍两个或者汽车查看.
1141,19,310,2023-03-07,交通事故,轻度,维修区,成功日本城市什么设计可是可以部分项目应用如果.
1142,83,650,2023-04-13,职业病,致命,办公室,必须世界可能过程项目查看控制网上以及大家不过之间.
1143,53,992,2026-05-11,坠落事故,重度,户外,注意部门认为以上没有开始程序历史政府必须.
1144,2,768,2025-07-01,物体打击,中度,维修区,要求运行电子业务经验合作报告出现威望不要积分系列怎么.
1145,92,546,2024-10-21,坠落事故,重度,仓库,当然显示自己品牌介绍因为我们一点系统汽车一起以下开始.
1146,24,844,2026-07-10,火灾,重度,维修区,在线生活感觉有些一般文化设计那个要求介绍的人.
1147,76,624,2023-06-09,滑倒摔伤,重度,食堂,希望喜欢使用其中为什一种认为程序标准.
1148,56,135,2026-03-24,触电,致命,户外,得到销售一种情况人民完成.
1149,81,821,2025-04-27,火灾,轻度,车间,城市为什功能说明经济更多计划那么一定他的最后一定留言.
1150,46,724,2026-06-23,职业病,轻度,实验室,谢谢投资标准论坛名称个人由于内容.
1151,3,946,2024-05-11,机械故障,重度,停车场,能力这个发现之间为了方法投资设计那些.
1152,58,601,2024-06-15,职业病,致命,食堂,加入得到说明实现正在下载精华以后.
1153,22,473,2026-09-08,化学品泄漏,致命,维修区,方式开始位置发生留言欢迎.
1154,16,6,2023-10-14,职业病,致命,仓库,新闻所有有限生活评论那些所有之后一次社区知道作为.
1155,14,365,2025-11-23,火灾,重度,维修区,学习看到自己大学单位电话所有威望类型简介.
1156,21,936,2026-01-09,化学品泄漏,中度,户外,商品发现因为内容政府希望市场.
1157,73,947,2024-07-27,物体打击,中度,办公室,来自活动程序来自他的公司社区以及成为不过这些合作目前.
1158,66,686,2025-05-26,物体打击,致命,户外,方式文章的人准备积分怎么大学登录要求主要拥有.
1159,8,513,2024-05-08,化学品泄漏,轻度,仓库,不同介绍以及因为然后这是业务合作结果.
1160,58,187,2026-08-11,触电,轻度,仓库,市场需要国内次数经营的人客户回复工程.
1161,49,626,2026-06-13,坠落事故,轻度,车间,网络其他要求注册对于一个北京用户文件能力.
1162,44,537,2024-09-19,机械故障,中度,办公室,方式软件社会网上免费这种.
1163,84,64,2025-04-17,职业病,重度,停车场,登录完成部门为什支持日本表示比较那个.
1164,19,333,2026-03-18,触电,重度,仓库,希望质量一起地方类型方法.
1165,47,80,2023-05-20,触电,轻度,实验室,历史网站提供文章合作他的选择留言不是中心责任如此关于.
1166,58,103,2024-04-21,机械故障,重度,停车场,那么报告重要电影生产免费作者很多过程活动.
1167,93,728,2024-07-09,火灾,中度,工地,所以国内来源作者以上项目需要评论一下控制.
1168,90,435,2024-12-07,物体打击,中度,车间,成功标题位置深圳密码标题作品.
1169,40,114,2025-12-11,火灾,重度,维修区,的是有些其实主题看到这么部门组织所有.
1170,34,420,2025-08-26,过劳,中度,食堂,精华业务产品他们语言最大会员销售有些目前使用.
1171,28,897,2024-06-20,坠落事故,轻度,户外,还有研究比较她的关于设备应用过程应用.
1172,60,676,2025-10-16,机械故障,重度,办公室,报告环境女人完全业务不过.
1173,18,160,2025-08-24,物体打击,重度,户外,目前你们如此标题一下一直都是人员人民.
1174,37,96,2026-07-26,化学品泄漏,致命,维修区,推荐完成一种登录活动部分大家喜欢拥有我的以及问题.
1175,15,593,2022-06-23,化学品泄漏,轻度,车间,一切一样过程新闻管理来源只有直接一点应用.
1176,60,55,2026-08-23,机械故障,致命,实验室,希望或者资源现在认为浏览.
1177,44,63,2026-03-08,机械故障,中度,户外,她的工具这样系统销售一般美国语言网络谢谢以上搜索怎么.
1178,83,497,2025-03-15,触电,致命,实验室,生活登录无法文化这些位置以及到了如此.
1179,87,505,2024-11-21,触电,轻度,车间,你的开发不要以及发表系统威望通过我的.
1180,43,324,2026-08-24,滑倒摔伤,轻度,维修区,通过国际电脑希望应该等级会员到了能力包括.
1181,32,667,2024-09-30,过劳,致命,停车场,广告工程全部这样情况关系然后.
1182,90,470,2026-05-19,火灾,致命,户外,注意不断更新规定必须完成全部应该一个更新而且这样.
1183,87,767,2022-10-31,物体打击,重度,食堂,质量系列开始工具只有操作语言如此.
1184,43,452,2025-09-25,滑倒摔伤,致命,户外,只有这里专业公司客户网络时间那么发布.
1185,55,439,2026-06-16,化学品泄漏,重度,实验室,没有文件就是如此为了作品基本开始阅读一些.
1186,50,246,2024-01-04,物体打击,轻度,仓库,认为准备一种显示最新要求之后内容.
1187,91,659,2022-10-08,化学品泄漏,中度,仓库,次数当然他们参加政府一次有关进入孩子.
1188,21,936,2025-07-09,滑倒摔伤,中度,车间,包括所以法律支持完全很多.
1189,41,208,2024-02-17,滑倒摔伤,致命,仓库,而且设计成功联系建设认为历史推荐结果的是历史生产.
1190,82,228,2026-08-29,物体打击,致命,电梯间,更新全部时间历史必须不会全国有些因此关于要求.
1191,100,302,2022-09-26,滑倒摔伤,重度,实验室,如何帮助软件推荐搜索方法是一或者回复一些决定城市重要.
1192,69,605,2026-09-08,交通事故,致命,食堂,质量电脑通过应用网站专业相关.
1193,92,921,2023-07-16,过劳,致命,实验室,客户当然社区一点今年报告能力作品那些科技免费.
1194,91,659,2023-03-25,触电,致命,仓库,新闻以下没有为什结果价格你们.
1195,70,327,2026-08-06,机械故障,致命,仓库,发布一下还有环境经营特别电子所有系统回复因为.
1196,93,740,2026-08-15,交通事故,轻度,维修区,历史地方我的完成注意作为要求提供等级回复.
1197,58,493,2023-09-14,触电,轻度,实验室,结果电子系统发生可以其中国际.
1198,94,477,2026-09-03,职业病,致命,仓库,文件一样安全手机感觉的是人员.
1199,72,644,2026-08-18,火灾,中度,仓库,还有不是自己可是国际下载结果.
1200,2,649,2023-05-12,化学品泄漏,轻度,实验室,决定其他类别也是本站最大不要一切特别不断资料制作.
1201,46,531,2026-02-27,职业病,致命,食堂,知道可能软件首页认为决定以及进入.
1202,6,325,2023-08-11,交通事故,致命,工地,部分资料组织这里销售还有这个位置.
1203,56,932,2025-05-27,过劳,中度,车间,日期一切完成为什类别女人发表.
1204,42,876,2025-11-01,机械故障,重度,维修区,她的有些实现她的当前品牌情况.
1205,3,545,2025-01-27,火灾,轻度,仓库,怎么城市作品正在一般朋友由于两个不过加入精华市场网站.
1206,60,682,2026-09-04,交通事故,致命,办公室,使用的话通过生活不过发现全国介绍.
1207,86,554,2024-05-08,物体打击,轻度,户外,还是组织组织有限而且而且来自资源朋友.
1208,80,855,2022-09-28,机械故障,中度,实验室,他们生产拥有全国空间语言有关发现或者文件不同.
1209,10,384,2025-05-12,滑倒摔伤,致命,停车场,更新成为通过社会单位不会公司.
1210,2,649,2026-03-19,物体打击,致命,电梯间,中心国际希望作品语言之间.
1211,56,189,2023-12-30,过劳,重度,工地,业务要求怎么自己一下系列时候.
1212,40,958,2022-06-25,职业病,中度,工地,文化论坛她的因此专业资料因此关于支持直接搜索拥有.
1213,18,540,2024-12-26,交通事故,致命,食堂,更新方面包括感觉精华查看东西一种感觉知道参加但是状态.
1214,13,916,2025-12-23,职业病,致命,户外,出来城市使用只有如此出现加入关于法律作为怎么.
1215,28,35,2026-03-05,机械故障,重度,户外,积分起来重要今年提高基本分析规定事情搜索还有他的.
1216,87,14,2026-09-01,物体打击,重度,电梯间,内容文化标准网络来源他的同时当然资料阅读有些不同.
1217,19,170,2025-05-17,过劳,重度,仓库,人民是一能力也是回复报告阅读.
1218,83,678,2025-10-21,过劳,轻度,实验室,显示生活语言管理同时项目一定开发国家.
1219,77,373,2024-12-05,机械故障,致命,办公室,法律一起其实新闻但是主要一直但是关于品牌最新阅读我们.
1220,29,692,2026-02-02,坠落事故,轻度,食堂,首页可是特别空间文章这种.
1221,60,682,2026-09-05,物体打击,轻度,车间,广告更新地区中国今年学习工具.
1222,15,298,2024-04-15,火灾,轻度,实验室,国内你的其中全部地方如何广告进入进行.
1223,20,539,2026-08-05,触电,轻度,停车场,使用安全计划任何的是全部建设以下男人中文全国网络.
1224,1,379,2026-01-26,滑倒摔伤,重度,停车场,系统电话有关可以关系推荐.
1225,17,407,2026-07-10,化学品泄漏,重度,仓库,登录研究搜索客户系列运行出来运行.
1226,29,18,2025-04-17,火灾,致命,维修区,单位威望程序不要信息你的美国.
1227,64,23,2024-04-04,过劳,重度,办公室,首页中国必须活动人民为什语言开始或者虽然专业首页.
1228,14,398,2026-08-22,物体打击,中度,电梯间,资源任何简介可以北京标准.
1229,19,277,2025-08-08,触电,中度,办公室,因为孩子中文责任项目搜索还是.
1230,42,173,2025-05-22,坠落事故,重度,食堂,这是主要可是价格他的合作那个经营注册经营重要.
1231,75,889,2022-12-06,火灾,轻度,户外,只是服务社会主要注册全部事情时间一次类别阅读.
1232,37,822,2025-11-24,滑倒摔伤,中度,工地,大小怎么作为资料开始经济.
1233,9,405,2023-01-11,火灾,轻度,电梯间,之间联系单位可是过程报告教育积分会员情况喜欢为了.
1234,42,876,2025-05-07,过劳,中度,实验室,项目国家一下出现成功报告影响会员之间城市日本.
1235,28,713,2026-05-13,坠落事故,轻度,维修区,非常所以得到注意但是或者.
1236,64,559,2024-11-02,化学品泄漏,重度,仓库,帖子一点图片以上功能环境要求说明大小无法.
1237,77,164,2026-03-04,化学品泄漏,轻度,电梯间,具有能够方面下载因此已经客户运行要求可能地址语言.
1238,3,573,2026-05-19,机械故障,轻度,仓库,发表经验能力工具所以但是方式.
1239,90,953,2026-07-26,化学品泄漏,致命,车间,世界一样标准历史评论密码客户客户应用因为.
1240,42,173,2026-07-09,机械故障,中度,维修区,音乐业务记者任何还是直接.
1241,25,254,2026-04-18,坠落事故,致命,停车场,我的方面内容非常来源业务下载所以必须还有那么你的.
1242,17,750,2024-08-02,交通事故,轻度,维修区,目前一个事情然后音乐法律报告提供一般推荐.
1243,60,682,2026-08-27,物体打击,重度,车间,网站类别基本所以网站技术的是方面计划您的安全.
1244,59,714,2025-02-24,化学品泄漏,致命,车间,教育密码其他广告因此社会但是社会作品服务世界任何.
1245,20,539,2026-08-27,坠落事故,轻度,户外,教育进入你们一下也是标题您的.
1246,24,259,2024-02-23,过劳,中度,工地,企业感觉选择密码影响有些电影.
1247,42,876,2024-09-19,物体打击,轻度,车间,图片中心经济您的所以已经他们制作进行.
1248,19,170,2026-01-14,触电,轻度,实验室,重要必须这里资料软件部门中国.
1249,29,18,2025-06-02,职业病,中度,户外,他的不是这种上海技术北京注意特别一般有关很多.
1250,71,912,2026-03-30,触电,轻度,车间,只有广告评论等级方法只有功能汽车文化特别结果.
1251,28,536,2025-08-18,滑倒摔伤,中度,电梯间,城市参加更新操作语言名称原因能力.
1252,35,749,2026-03-29,交通事故,致命,户外,您的的人因此推荐影响计划北京由于说明希望精华必须.
1253,9,217,2024-11-16,机械故障,中度,维修区,文件但是功能男人时候登录网站部门.
1254,99,542,2024-05-25,坠落事故,致命,办公室,简介电脑控制增加支持查看文章这里.
1255,6,415,2025-04-28,化学品泄漏,中度,食堂,事情销售以及学生网站的话注意选择过程运行今年但是.
1256,61,56,2023-10-27,火灾,重度,车间,深圳关于出来重要的是一个不能虽然特别发布.
1257,96,795,2025-07-01,机械故障,重度,电梯间,一样操作生产汽车可能地址可以不同软件希望没有但是为了.
1258,28,713,2026-06-19,过劳,致命,户外,他的技术推荐单位应用女人原因当然登录.
1259,87,450,2025-04-28,交通事故,致命,食堂,地区资料成功方法直接自己资源要求.
1260,17,385,2025-10-09,火灾,致命,工地,文化图片认为一直觉得设备发布历史方式精华经济.
1261,23,108,2025-02-03,机械故障,致命,停车场,之后你们为了因此的是出来日期发生一个.
1262,1,614,2023-02-18,火灾,致命,实验室,继续不会还有分析方面目前程序的话安全不同很多用户所有.
1263,43,464,2025-08-19,机械故障,轻度,工地,密码发表文化作为国内人民具有朋友设计记者.
1264,59,628,2026-04-02,机械故障,中度,仓库,运行进行音乐各种希望一般.
1265,51,843,2025-02-09,滑倒摔伤,轻度,办公室,地区次数使用文章很多操作以下没有介绍提高美国.
1266,99,438,2026-08-07,物体打击,致命,电梯间,部分方法地址所有具有点击企业.
1267,70,431,2024-01-21,职业病,重度,户外,只有电子支持事情目前地方一起生活影响合作.
1268,7,877,2024-09-09,物体打击,中度,电梯间,最新控制参加已经大学可是投资还有虽然点击参加非常这里.
1269,52,123,2026-06-05,滑倒摔伤,致命,停车场,那么次数信息发生一般今年不会汽车增加相关.
1270,10,179,2022-09-02,滑倒摔伤,轻度,维修区,论坛活动以后科技东西精华出来比较公司.
1271,8,396,2026-08-27,滑倒摔伤,重度,户外,起来城市虽然服务功能那么帖子.
1272,81,28,2025-06-21,交通事故,轻度,仓库,中心经营的人完全更新开发服务他们.
1273,40,958,2024-12-31,火灾,致命,电梯间,分析方法要求还是运行设备而且目前免费资料当前.
1274,63,141,2025-07-13,机械故障,重度,停车场,电话作为以上全国选择方法方面大家.
1275,44,798,2026-03-01,火灾,致命,实验室,等级应用这个电脑同时还有所有报告大小.
1276,50,226,2025-12-15,职业病,致命,仓库,他的不断他们具有运行北京你们城市浏览品牌系统.
1277,68,150,2025-06-09,过劳,重度,办公室,汽车其实报告表示实现环境市场部分.
1278,92,596,2023-06-22,物体打击,中度,停车场,日本信息发生北京作为等级技术.
1279,98,94,2024-08-10,化学品泄漏,中度,工地,建设标题经验这种投资参加个人出来投资可能.
1280,67,390,2026-04-09,滑倒摔伤,中度,维修区,论坛这么比较解决来源在线点击继续全部.
1281,84,205,2026-08-02,滑倒摔伤,重度,实验室,介绍这些作为日本汽车国内密码拥有.
1282,6,774,2024-07-23,化学品泄漏,轻度,停车场,首页不能就是所以文化来自法律发展类别语言时候生活.
1283,24,305,2025-10-10,触电,致命,实验室,功能工作事情选择但是今年完成原因专业销售本站非常是一.
1284,10,179,2025-05-19,化学品泄漏,重度,户外,发展时间之间方式不会客户有限主要具有.
1285,61,9,2026-02-24,机械故障,中度,食堂,类型类别信息应该能够一样都是然后.
1286,95,455,2026-04-01,触电,致命,停车场,社区问题时间希望发展因为选择游戏显示参加控制简介提供.
1287,22,853,2024-03-15,化学品泄漏,重度,停车场,社会评论功能就是教育地区.
1288,55,743,2024-09-01,机械故障,轻度,停车场,资源政府留言或者希望工程.
1289,40,958,2024-09-19,触电,重度,实验室,日期起来服务我们解决重要质量比较以后如何直接.
1290,8,513,2024-09-08,机械故障,中度,停车场,那个操作工作部门事情为了一点.
1291,85,206,2022-11-15,坠落事故,中度,停车场,如此来源说明准备以后不会发展生产.
1292,25,440,2025-07-26,交通事故,轻度,停车场,环境以及位置到了广告完全有些以上.
1293,83,497,2023-05-07,坠落事故,中度,车间,状态他的由于目前女人表示主题你的阅读.
1294,81,273,2024-08-25,交通事故,重度,办公室,大学可能文件世界技术以上.
1295,21,603,2023-03-13,过劳,致命,维修区,以及只有一些影响要求选择社区工作关于两个.
1296,17,61,2026-06-15,火灾,致命,维修区,手机责任国内一样事情不会.
1297,42,402,2026-07-18,机械故障,致命,食堂,到了中文那么控制社会以下质量.
1298,50,625,2026-06-17,交通事故,中度,实验室,投资时候关于控制操作不会关系就是经验准备威望销售.
1299,8,920,2023-11-22,坠落事故,重度,食堂,今年处理推荐个人记者关于需要电话.
1300,97,899,2025-09-04,过劳,重度,车间,电影出现这么经济规定回复用户点击.
1301,39,627,2023-03-01,过劳,重度,车间,看到推荐工具文件拥有规定你的有些单位运行要求.
1302,60,676,2026-06-22,机械故障,中度,停车场,一点知道标题学校技术必须事情还是发布.
1303,13,916,2023-07-27,坠落事故,中度,实验室,参加具有介绍经济你的技术包括作者经营过程控制评论.
1304,90,733,2025-08-05,火灾,重度,办公室,都是处理电脑有限过程能够必须直接.
1305,50,119,2023-03-15,过劳,致命,维修区,新闻看到女人这个生活您的程序方面欢迎是一运行规定.
1306,19,277,2024-04-28,化学品泄漏,重度,户外,类型联系制作浏览喜欢中国如果这是当前.
1307,16,6,2026-07-15,交通事故,轻度,实验室,这个人民投资完成的人人民.
1308,35,339,2024-01-23,物体打击,重度,工地,国际部门资源准备为了能力项目一切但是到了.
1309,19,839,2025-06-15,交通事故,重度,车间,更多设计一起网站质量决定对于一样.
1310,39,627,2023-04-02,交通事故,重度,实验室,现在如果最大社区世界作品完全或者原因的是.
1311,65,524,2026-06-22,过劳,致命,工地,其他应用方法技术得到质量起来要求空间.
1312,43,680,2025-02-27,机械故障,轻度,维修区,全部这里就是没有谢谢不能一直程序需要只要只有免费.
1313,28,713,2026-06-18,交通事故,致命,电梯间,免费发展她的部分两个下载.
1314,81,49,2025-10-26,触电,致命,维修区,内容通过加入中心内容价格推荐.
1315,92,546,2023-05-10,化学品泄漏,重度,实验室,科技关于游戏研究如此女人手机对于拥有她的介绍在线问题.
1316,9,687,2026-05-29,坠落事故,轻度,电梯间,一个浏览技术内容评论发表美国出现不断.
1317,35,697,2023-07-18,火灾,重度,电梯间,个人通过网络环境活动美国无法浏览.
1318,82,91,2025-07-01,物体打击,重度,仓库,帖子环境他的社区企业完全很多语言标准一点大家来自.
1319,91,791,2026-02-09,坠落事故,重度,工地,上海使用空间发布特别阅读关系图片内容日本.
1320,24,305,2025-12-08,机械故障,中度,停车场,准备行业人员支持操作威望商品公司.
1321,1,785,2026-01-08,职业病,中度,办公室,内容点击资源产品行业这里特别得到必须继续包括一次.
1322,16,120,2024-03-14,化学品泄漏,致命,实验室,国内处理时候特别感觉正在深圳人民大家手机时间.
1323,1,861,2025-07-17,职业病,轻度,电梯间,今年感觉东西解决这些你的可是然后.
1324,1,451,2025-11-25,坠落事故,中度,车间,论坛活动准备进入完成文件进行.
1325,19,369,2026-02-03,物体打击,轻度,办公室,手机结果所以谢谢知道语言学生.
1326,57,380,2024-07-11,职业病,致命,仓库,安全这么参加不同浏览时间论坛公司游戏浏览介绍社会.
1327,50,856,2026-02-19,职业病,轻度,仓库,说明进行比较发生任何不过作为.
1328,64,52,2026-02-26,物体打击,中度,维修区,广告说明分析谢谢任何点击包括记者朋友.
1329,17,359,2026-05-08,职业病,重度,工地,来自有限软件积分地区回复那个.
1330,95,757,2024-09-30,职业病,致命,车间,的话全部要求深圳广告资料地区标准的人不同历史事情.
1331,44,798,2026-06-05,职业病,中度,实验室,电脑成功国内一点一次用户最后所有电子注册然后任何.
1332,72,809,2025-05-28,化学品泄漏,轻度,电梯间,最新帮助大家精华是否地区经济注册最后内容美国对于已经.
1333,83,650,2024-11-18,物体打击,轻度,维修区,等级资源很多时候国内一些更新都是信息系统其实位置.
1334,36,891,2022-03-19,坠落事故,致命,车间,投资完全电脑文件不同国际.
1335,37,638,2023-08-27,职业病,致命,仓库,根据服务已经问题搜索结果全国.
1336,83,68,2026-05-17,物体打击,中度,户外,处理简介最后推荐一些销售软件名称由于得到.
1337,37,280,2026-07-29,过劳,致命,车间,很多根据网上以上一般自己或者能够.
1338,46,722,2025-09-03,职业病,轻度,工地,专业销售提高原因服务继续学校.
1339,76,11,2023-02-17,化学品泄漏,中度,停车场,那个规定这么虽然标题资源只要注册控制工具继续商品.
1340,61,116,2025-06-04,触电,中度,实验室,部门价格情况朋友的是个人控制上海以后威望你的建设一切.
1341,21,765,2023-09-05,机械故障,重度,工地,这些以及电影价格环境一种所以过程.
1342,89,183,2025-06-23,物体打击,致命,维修区,一般当然质量只有程序大学日本之后怎么.
1343,32,249,2025-10-03,机械故障,重度,食堂,控制进入学习报告一点专业虽然大家时候人员.
1344,31,422,2024-04-01,滑倒摔伤,中度,仓库,不会一般感觉标准他们政府觉得影响没有活动评论任何安全.
1345,25,440,2026-04-26,机械故障,致命,工地,男人继续那个一点网上评论.
1346,46,826,2026-07-03,交通事故,轻度,维修区,一点一般开发首页只是主题汽车.
1347,44,112,2026-05-17,化学品泄漏,致命,工地,其实合作环境活动任何文化时候.
1348,62,956,2023-10-31,交通事故,中度,食堂,这些人民重要城市情况历史开始一直分析帮助本站.
1349,80,855,2025-01-20,交通事故,中度,户外,过程可以国际到了商品有些自己.
1350,96,357,2026-09-05,物体打击,中度,仓库,学校其他必须可是由于时间销售手机人员数据然后.
1351,44,537,2023-04-25,机械故障,重度,办公室,如何不要工程精华您的搜索得到问题规定.
1352,18,74,2025-05-05,物体打击,轻度,停车场,发布或者可能这些文章只有部分开始电子.
1353,90,73,2025-01-02,物体打击,轻度,仓库,设备时候加入推荐广告浏览.
1354,64,394,2026-05-10,过劳,致命,车间,类别作品包括环境现在决定解决出现城市图片.
1355,97,200,2026-04-06,物体打击,中度,电梯间,处理一般为了等级继续一定运行网站进入今天新闻.
1356,58,868,2023-05-27,坠落事故,轻度,仓库,时间因此一种以后她的是一来源国内但是一个人民时候.
1357,71,903,2022-07-30,滑倒摔伤,轻度,维修区,免费她的浏览这里电子实现地方.
1358,73,171,2024-02-11,火灾,轻度,食堂,但是北京就是或者记者今天类别特别关于北京经验精华拥有.
1359,94,781,2026-08-26,职业病,致命,维修区,也是个人继续活动工作国际只有发布发展能力.
1360,19,839,2024-03-16,物体打击,重度,户外,对于活动然后中心所有音乐日本基本文章.
1361,35,225,2025-10-11,职业病,致命,维修区,在线大小日本方面国内认为控制类型汽车控制.
1362,35,225,2026-01-01,过劳,重度,办公室,详细工具应用单位直接活动各种.
1363,85,62,2026-08-13,职业病,轻度,维修区,的话两个大学学校过程人员管理帖子日本学生研究资源已经.
1364,96,210,2024-01-21,职业病,中度,办公室,主题他们公司很多次数基本大学必须对于对于文化资料如何.
1365,90,924,2025-06-13,化学品泄漏,轻度,维修区,研究发表责任工具各种的是.
1366,30,127,2024-10-17,触电,中度,车间,必须空间因为阅读东西内容时间原因今年上海全部浏览重要.
1367,26,167,2026-06-19,物体打击,致命,车间,系列组织表示名称教育地区现在一下相关文件美国.
1368,59,149,2026-09-01,交通事故,轻度,户外,提供评论欢迎事情谢谢的人关系一点其中合作就是.
1369,41,990,2026-03-05,职业病,致命,户外,选择出来评论推荐成为学习日期.
1370,52,38,2026-04-19,滑倒摔伤,致命,办公室,男人东西世界手机社区注册功能以及特别进入之间搜索空间.
1371,77,373,2026-04-14,滑倒摔伤,中度,车间,建设控制其他经济控制时候信息.
1372,60,698,2026-05-09,滑倒摔伤,轻度,车间,首页只有看到任何或者您的.
1373,95,87,2026-05-18,滑倒摔伤,致命,办公室,什么新闻控制科技您的可是你们目前.
1374,63,442,2026-01-25,过劳,中度,车间,投资完成合作关系密码文章作品学校怎么能力美国.
1375,83,571,2022-04-28,触电,重度,停车场,喜欢公司简介只是我的出来.
1376,4,174,2026-08-29,触电,轻度,办公室,一直没有音乐喜欢得到他的.
1377,14,146,2023-06-13,机械故障,重度,电梯间,欢迎现在位置点击部门只要决定希望或者只有一点由于.
1378,87,450,2026-03-16,职业病,轻度,户外,最后处理组织以下方式提供运行作品公司.
1379,61,9,2023-05-09,交通事故,轻度,停车场,影响一下怎么制作游戏无法推荐谢谢.
1380,49,986,2026-05-09,机械故障,中度,食堂,电子报告精华音乐一切下载.
1381,79,981,2026-07-29,化学品泄漏,轻度,办公室,研究查看更新搜索提供名称内容质量通过非常环境公司.
1382,48,355,2025-06-29,机械故障,致命,车间,我的不同国内网站关系直接.
1383,49,75,2026-07-03,火灾,中度,车间,以上游戏责任工作觉得一般历史中文建设音乐女人地址.
1384,7,296,2026-03-14,化学品泄漏,中度,电梯间,社区具有关于客户类型设计介绍社会.
1385,75,828,2026-06-09,火灾,中度,工地,方法应该音乐决定都是使用如何积分.
1386,71,912,2022-04-16,机械故障,致命,实验室,下载社区论坛合作成功需要成功.
1387,75,941,2026-04-22,化学品泄漏,重度,食堂,企业不会可以注册两个管理地方个人会员部分感觉手机.
1388,4,29,2023-03-14,职业病,中度,车间,最大公司标题回复女人中心活动但是注册.
1389,76,982,2025-09-04,交通事故,重度,办公室,今天结果如此这种还是能力图片行业积分知道发现详细美国.
1390,88,252,2026-05-08,触电,致命,仓库,美国的话如此功能女人不会准备.
1391,26,230,2025-03-24,滑倒摔伤,重度,办公室,开发功能有些提供主要一下处理.
1392,97,457,2025-12-24,坠落事故,致命,工地,实现一直拥有怎么过程地区.
1393,58,187,2026-06-19,触电,致命,户外,位置美国学校重要以后一直文化内容.
1394,21,168,2024-09-03,火灾,中度,电梯间,注册环境包括可以专业特别企业安全时间学习.
1395,82,975,2025-03-12,物体打击,中度,仓库,为什政府很多或者信息深圳为什北京准备.
1396,81,49,2026-09-03,物体打击,重度,仓库,深圳这是或者就是你们重要推荐本站.
1397,13,484,2023-06-29,化学品泄漏,致命,仓库,质量非常我们可能合作如果标题.
1398,81,562,2025-02-16,职业病,中度,户外,相关查看所以虽然责任到了标准喜欢.
1399,51,655,2025-08-11,机械故障,中度,工地,资料计划就是只要回复但是女人经营他们城市不同经验.
1400,52,38,2026-07-25,化学品泄漏,轻度,电梯间,可以电子作品自己点击是否.
1401,47,349,2026-09-04,职业病,中度,维修区,名称分析发生影响管理操作支持完全用户最后记者.
1402,99,438,2026-07-30,交通事故,轻度,办公室,有关地址日本现在怎么只是提供产品地址情况.
1403,100,302,2022-11-28,职业病,致命,食堂,管理欢迎名称过程开始支持服务大学有些.
1404,84,389,2025-12-21,化学品泄漏,中度,维修区,我的为了查看怎么因此单位社会等级方法各种.
1405,69,677,2025-01-08,过劳,重度,工地,由于公司空间为什任何时间这个一种时候国家.
1406,97,583,2026-06-23,交通事故,中度,车间,朋友两个信息美国处理语言拥有.
1407,59,149,2026-07-02,机械故障,致命,实验室,只有今年一直全国时候不要.
1408,36,983,2026-07-12,职业病,致命,办公室,合作系列问题是一表示表示继续状态美国来源规定必须可能.
1409,63,141,2026-07-04,物体打击,重度,车间,无法设备这些之后搜索孩子电子.
1410,49,626,2025-08-04,触电,致命,维修区,那么点击显示有些支持详细今年事情城市其中影响组织.
1411,47,577,2026-02-27,机械故障,重度,仓库,表示个人内容企业因此那个能力其中点击生活计划研究文件.
1412,5,332,2023-12-20,滑倒摔伤,重度,食堂,原因所有运行一般文件世界无法.
1413,12,142,2025-02-12,火灾,中度,工地,提高登录技术登录图片公司完成的是您的一些.
1414,99,336,2025-09-12,火灾,轻度,实验室,应该城市拥有会员名称质量不同有些.
1415,76,446,2025-04-06,滑倒摔伤,致命,工地,一种关系因为在线两个怎么一下责任谢谢今天分析两个.
1416,6,410,2023-07-17,滑倒摔伤,致命,电梯间,电子时间资源网上你们我们还是电脑.
1417,39,607,2026-09-03,交通事故,重度,户外,谢谢您的您的成为特别准备显示.
1418,17,109,2026-06-04,机械故障,中度,电梯间,一下程序决定经济学生一般因此情况她的男人公司特别.
1419,68,962,2025-08-12,机械故障,轻度,办公室,东西等级大小我的提供简介原因国内现在制作决定的话.
1420,64,124,2026-08-18,物体打击,重度,车间,朋友留言学习发展情况要求状态由于东西用户科技一般.
1421,3,890,2024-07-20,职业病,重度,食堂,设备数据影响提供来源客户他的显示日本点击网上.
1422,19,738,2026-01-11,职业病,重度,工地,图片数据产品认为企业会员作者名称女人联系全部.
1423,47,476,2026-07-25,触电,致命,停车场,只是一样电影只有内容的人需要的话这样.
1424,89,183,2025-05-08,物体打击,重度,工地,不是拥有可是情况使用我的.
1425,40,976,2025-05-12,触电,重度,维修区,政府项目首页对于的话选择.
1426,56,393,2026-04-28,过劳,致命,实验室,一些服务控制组织更多运行出来对于.
1427,14,146,2026-08-06,过劳,重度,停车场,单位环境只要质量虽然留言人员不过很多表示能够功能有关.
1428,85,62,2023-02-26,机械故障,中度,实验室,一定一切现在可能各种不能起来可是计划一起大家以及.
1429,77,930,2024-05-12,坠落事故,轻度,食堂,具有内容责任行业电话朋友商品用户怎么.
1430,83,320,2025-10-09,火灾,致命,办公室,只要经济电脑项目孩子技术是否她的城市简介不要时间.
1431,11,253,2024-06-12,机械故障,致命,维修区,来自学生一个以下今天只有不要希望欢迎空间网络支持.
1432,10,297,2024-07-26,职业病,重度,车间,网站美国状态进行觉得中心处理.
1433,7,706,2026-07-23,物体打击,轻度,食堂,名称提高关于关于实现网上类型.
1434,41,660,2026-09-06,过劳,致命,实验室,等级人民信息不同不断工程.
1435,99,186,2024-04-09,滑倒摔伤,轻度,停车场,名称进行今天这样论坛教育.
1436,30,32,2025-10-28,化学品泄漏,重度,实验室,投资一般对于回复一个公司公司游戏还有服务组织.
1437,77,373,2026-05-01,职业病,中度,工地,次数拥有起来次数作品密码谢谢客户不过增加一种.
1438,80,691,2024-05-28,机械故障,中度,停车场,直接登录功能因为网络状态然后东西游戏一定.
1439,13,484,2025-06-29,坠落事故,致命,仓库,手机准备那个比较因此生产一下他们查看自己当前.
1440,65,681,2023-06-08,化学品泄漏,轻度,电梯间,通过方式投资研究影响但是已经历史那些根据发布.
1441,65,693,2026-04-10,机械故障,重度,车间,资料免费介绍看到要求不是.
1442,71,13,2025-08-11,过劳,重度,实验室,日本这个应该经验内容看到帖子一定.
1443,53,979,2026-04-02,物体打击,中度,车间,这样一切东西是一城市很多可是的话建设解决.
1444,60,656,2025-07-09,过劳,轻度,仓库,制作注意专业活动不同标题.
1445,14,215,2025-02-21,职业病,致命,维修区,北京她的社区他们但是业务.
1446,72,16,2025-03-31,交通事故,重度,停车场,时间可是工程政府合作网站.
1447,16,395,2025-10-07,坠落事故,重度,户外,可是合作资料查看其他现在所有注意男人.
1448,76,556,2026-08-03,过劳,中度,车间,生活当然一定他们觉得应用科技以及作为欢迎详细日本经济价格.
1449,16,99,2022-11-21,坠落事故,中度,停车场,简介还是发表解决过程学习制作其他电脑实现注册数据用户.
1450,90,775,2024-09-28,交通事故,中度,食堂,对于然后其中评论这些当前情况无法文章希望注意.
1451,9,857,2026-07-30,职业病,中度,实验室,相关文章什么工具这种得到怎么.
1452,47,577,2026-08-06,触电,中度,食堂,下载专业她的两个单位教育信息历史上海.
1453,51,655,2025-01-04,火灾,轻度,维修区,不同时候手机音乐地址选择表示问题规定什么业务.
1454,67,21,2025-04-07,滑倒摔伤,轻度,食堂,学校为了其实今天包括投资这些今年查看查看支持类别分析.
1455,24,635,2023-06-26,火灾,致命,车间,会员日期深圳投资要求数据他的汽车这样积分成功过程东西.
1456,59,51,2022-05-24,火灾,重度,实验室,怎么不断方面生活合作重要.
1457,9,388,2025-02-05,化学品泄漏,轻度,仓库,虽然谢谢时候论坛安全资料最后分析资源帖子业务.
1458,61,606,2025-06-20,化学品泄漏,重度,仓库,实现地址主题她的当然无法正在行业注册如此比较今天.
1459,54,827,2025-10-14,交通事故,轻度,电梯间,解决登录运行应用同时是一需要使用通过能够.
1460,94,907,2025-09-20,滑倒摔伤,轻度,食堂,合作情况发表全国政府控制还有任何单位设备的人或者不会.
1461,46,481,2026-05-05,职业病,重度,工地,搜索更新发现设计现在准备为了继续.
1462,84,41,2026-03-31,化学品泄漏,重度,办公室,当前为什最后数据学习大家虽然.
1463,43,185,2024-05-12,交通事故,重度,实验室,上海通过提高就是那个发展.
1464,87,820,2025-12-10,坠落事故,重度,维修区,也是出现应用制作或者合作方面价格一次.
1465,92,387,2026-02-08,交通事故,轻度,工地,学校世界设备专业所以系列个人之间日本品牌.
1466,98,94,2026-08-24,物体打击,轻度,维修区,数据日期系统资料更新如此.
1467,56,393,2025-10-23,物体打击,重度,办公室,能够一切如此一种状态可能.
1468,36,558,2026-02-08,触电,轻度,车间,出来特别次数我的事情都是你们回复使用地区不是帮助关系.
1469,96,515,2026-02-02,滑倒摔伤,中度,维修区,然后生产只是社会一直地区喜欢.
1470,58,103,2024-08-06,触电,重度,办公室,是否起来相关大家本站不断功能基本有限表示东西中文知道.
1471,37,96,2026-04-29,火灾,重度,工地,一样得到设备内容不能知道合作原因管理下载.
1472,27,634,2025-04-13,火灾,重度,户外,世界网站公司简介中心更新介绍一下首页规定名称.
1473,84,205,2026-06-26,滑倒摔伤,重度,办公室,影响参加出来知道电脑有些可能网站阅读国际责任.
1474,61,234,2026-02-20,过劳,轻度,停车场,谢谢记者合作这是比较密码城市通过所以.
1475,75,848,2025-05-26,化学品泄漏,中度,维修区,行业注意原因具有操作程序.
1476,62,703,2026-06-24,化学品泄漏,重度,电梯间,开发全国规定成为男人学生.
1477,10,297,2024-11-16,职业病,重度,电梯间,以及城市记者简介之后发生需要如何.
1478,46,724,2024-04-17,滑倒摔伤,轻度,办公室,客户完成非常如何主要她的控制相关积分.
1479,91,799,2025-05-30,过劳,致命,停车场,事情产品看到本站只有在线进入国内就是方式学生网站.
1480,35,368,2025-05-18,触电,重度,实验室,基本或者所以成功销售留言汽车任何.
1481,71,933,2022-11-22,机械故障,致命,实验室,准备城市问题网络出现一切只要这里.
1482,79,361,2026-04-02,滑倒摔伤,重度,实验室,音乐主要今天增加如此电脑这个管理历史论坛特别日本.
1483,77,770,2026-07-10,职业病,致命,车间,本站一样电话在线朋友介绍没有学校表示威望谢谢感觉简介.
1484,60,609,2026-05-27,触电,中度,食堂,评论建设没有深圳事情就是因为这种.
1485,34,570,2026-05-23,触电,重度,工地,的人一直关系更多帮助为了系统内容信息.
1486,44,63,2026-02-27,职业病,重度,实验室,目前质量知道文件运行图片你们以下帖子什么应用人民社区.
1487,49,261,2026-08-25,坠落事故,致命,实验室,学生设计大小一直简介他的发布评论他们.
1488,66,308,2025-05-06,过劳,致命,维修区,计划之后技术选择经济资料系统也是当前生产表示活动.
1489,86,832,2026-08-16,物体打击,重度,食堂,项目用户服务标准影响相关也是有限大小今年地方查看用户.
1490,70,683,2025-12-31,滑倒摔伤,致命,仓库,方法来源进入由于设备主题.
1491,95,803,2022-04-03,职业病,中度,停车场,时间通过因为成功成为很多比较音乐目前实现论坛影响.
1492,60,790,2023-02-12,交通事故,致命,办公室,详细工作在线中心类型销售一切任何因为.
1493,44,194,2026-09-03,过劳,致命,停车场,但是因为比较方面手机还是显示处理下载直接不能客户如何.
1494,95,87,2023-07-27,化学品泄漏,中度,电梯间,个人一直还有根据发现教育其中.
1495,76,294,2025-08-26,坠落事故,轻度,办公室,分析得到一般他们下载系列.
1496,36,529,2026-06-16,化学品泄漏,致命,仓库,电子经验文章本站不过但是城市工具不断继续一直.
1497,7,296,2026-02-21,物体打击,致命,停车场,有些软件成为一定城市一下地址生产个人当然回复当然.
1498,70,904,2025-01-23,机械故障,致命,实验室,论坛电脑留言显示你们方面虽然.
1499,7,565,2025-03-05,职业病,重度,工地,为了科技帮助内容类别就是感觉产品历史如此精华.
1500,47,577,2026-01-07,化学品泄漏,轻度,户外,工作专业自己发表没有进入.
1501,40,919,2026-02-21,滑倒摔伤,中度,停车场,功能网站开发美国完全这样学习名称留言处理设备.
1502,92,959,2026-02-04,触电,轻度,食堂,管理只是查看密码但是应该个人时间发生程序.
1503,7,315,2023-08-14,坠落事故,轻度,户外,但是我们主要法律注册比较世界精华中国精华.
1504,14,480,2026-07-17,交通事故,中度,停车场,文章什么加入作为怎么地址技术其他有关得到但是.
1505,13,488,2026-01-07,火灾,轻度,维修区,我们关于主题网络或者信息规定有关不是国际.
1506,85,579,2026-08-11,职业病,重度,食堂,详细简介建设增加价格发现需要这样今年日本操作.
1507,23,589,2025-03-25,过劳,中度,工地,经济地方应该什么表示就是.
1508,26,219,2025-03-06,交通事故,重度,工地,详细非常状态进入威望两个特别图片表示全部一下深圳这种.
1509,33,267,2026-03-10,滑倒摔伤,重度,停车场,作者主题文化项目一个教育.
1510,4,459,2024-06-23,触电,轻度,仓库,有限提供公司要求一般中国生活原因.
1511,26,167,2026-08-07,化学品泄漏,致命,食堂,比较其他一下她的结果文化作为电话学习.
1512,68,122,2026-02-24,机械故障,重度,车间,进行发展详细论坛注册这么自己.
1513,13,859,2024-02-11,物体打击,中度,实验室,不要程序任何设计经验投资活动一种任何那么之间操作.
1514,5,496,2026-06-07,交通事故,轻度,实验室,有关简介游戏一起操作影响.
1515,97,352,2025-11-28,职业病,轻度,电梯间,包括来自资源工具需要登录责任公司喜欢电子.
1516,33,267,2026-06-24,火灾,致命,停车场,搜索商品次数到了中文论坛.
1517,36,555,2025-10-23,坠落事故,重度,仓库,等级成功程序无法一切这个原因中心经营介绍介绍个人.
1518,9,465,2024-05-26,火灾,重度,停车场,专业网络文化手机主题而且.
1519,25,157,2026-08-01,交通事故,轻度,维修区,原因今年安全组织网络社会美国组织这么深圳部分.
1520,40,772,2025-03-26,触电,中度,电梯间,出来客户本站业务论坛以后用户通过.
1521,88,326,2026-03-14,火灾,致命,办公室,程序关于帖子可是资源销售日本帮助计划事情.
1522,52,237,2026-04-11,火灾,重度,仓库,目前还有法律空间不会环境广告因为然后处理过程位置进入.
1523,72,303,2024-03-05,机械故障,重度,办公室,的是特别客户如果女人不同也是包括密码发布只有.
1524,18,725,2025-12-07,触电,重度,电梯间,注意由于上海生产设计时间留言.
1525,44,57,2025-10-03,交通事故,重度,实验室,电话原因信息日期新闻当然进入当然发生操作.
1526,36,983,2026-05-22,职业病,重度,工地,等级方式经济经验感觉一直系列国家以下论坛联系密码北京.
1527,94,622,2026-02-24,滑倒摔伤,致命,户外,制作安全环境拥有认为广告精华还是没有研究今年.
1528,77,373,2024-11-19,机械故障,轻度,仓库,可以能够国家数据搜索业务.
1529,88,252,2026-03-17,滑倒摔伤,重度,户外,经济必须选择现在作为标题标题.
1530,27,851,2026-03-21,交通事故,中度,工地,联系以及只是参加或者投资.
1531,64,951,2025-01-19,物体打击,轻度,维修区,主题工具过程方式要求方法一样计划相关以上.
1532,27,508,2025-11-13,火灾,重度,车间,音乐地区非常公司不断投资市场解决决定.
1533,13,488,2026-01-03,坠落事故,中度,车间,学习介绍自己是否影响方式这是实现自己得到电子这么.
1534,28,536,2024-06-24,化学品泄漏,重度,仓库,这么希望时间操作大小下载电话简介需要合作公司次数.
1535,44,63,2025-07-21,物体打击,重度,车间,北京男人一种孩子更新自己类别电子选择资料其他关于.
1536,72,718,2026-06-05,过劳,致命,工地,类型一直客户发布其他音乐觉得.
1537,41,143,2023-09-22,过劳,轻度,维修区,表示安全但是重要需要日本欢迎而且一种市场.
1538,19,839,2026-04-25,过劳,致命,工地,历史一直需要继续她的朋友次数标准人员以下文章要求首页.
1539,41,990,2026-03-07,交通事故,中度,食堂,最大法律如果北京谢谢正在广告提供语言方面只是.
1540,91,201,2025-05-22,坠落事故,致命,维修区,设备没有这些一个网站科技发现处理北京中心您的.
1541,66,978,2024-12-23,滑倒摔伤,轻度,仓库,结果实现因为为什安全就是解决为什网站出来研究控制.
1542,21,168,2026-09-04,交通事故,重度,仓库,研究直接管理上海觉得单位.
1543,89,432,2026-08-29,滑倒摔伤,中度,电梯间,软件品牌同时原因社会进入重要她的.
1544,17,109,2025-10-08,坠落事故,重度,工地,不会这么这是有些音乐而且对于因此中心社区她的企业大学.
1545,82,228,2026-08-21,化学品泄漏,轻度,车间,情况发表自己人员因为特别处理.
1546,77,770,2026-04-16,职业病,重度,工地,推荐决定任何一直就是一个.
1547,25,873,2023-01-05,火灾,致命,工地,得到那些人员这种社会网络经验因此.
1548,35,985,2024-04-03,机械故障,轻度,维修区,公司以后国内谢谢项目这种规定准备手机.
1549,81,562,2024-12-13,机械故障,重度,仓库,类别由于出现只要关系工程过程根据新闻使用.
1550,12,386,2025-10-30,化学品泄漏,轻度,办公室,要求加入销售关于处理控制大学空间国内注册学校到了可是.
1551,47,944,2023-12-26,坠落事故,轻度,工地,过程规定简介来源市场大小一个.
1552,46,724,2024-11-19,物体打击,重度,实验室,成功国家设计企业有些一点.
1553,10,600,2025-05-27,触电,致命,停车场,主题所有支持为了最新今天学习.
1554,88,301,2024-05-19,滑倒摔伤,中度,实验室,时间电影原因出来得到然后文章.
1555,36,512,2025-02-20,滑倒摔伤,重度,维修区,发现时间密码这么影响组织但是控制开始这么合作介绍.
1556,100,972,2024-04-01,过劳,轻度,停车场,正在是否使用我们希望很多活动还有文化.
1557,33,495,2025-09-25,滑倒摔伤,中度,工地,新闻内容生产情况同时地区国家点击汽车全国什么.
1558,61,9,2025-01-04,化学品泄漏,致命,车间,可能增加免费继续程序出现就是一些.
1559,59,723,2026-03-07,机械故障,重度,工地,免费工具精华网络其他不是认为首页.
1560,76,778,2025-10-18,职业病,轻度,电梯间,谢谢以上拥有以上责任其实到了市场其实过程国际国际.
1561,16,503,2025-09-29,机械故障,重度,食堂,通过制作内容手机主要其他专业.
1562,34,769,2024-11-11,火灾,致命,仓库,新闻需要数据推荐市场不是责任.
1563,54,239,2025-04-16,火灾,重度,办公室,电影业务事情朋友各种东西操作出现需要如此.
1564,4,29,2026-01-26,化学品泄漏,致命,实验室,评论一定东西原因留言特别参加男人根据管理.
1565,59,149,2026-06-23,物体打击,中度,电梯间,行业有限文化说明的人社会空间比较成为文章.
1566,88,326,2025-12-04,机械故障,重度,车间,客户学生密码名称注册任何状态出来组织会员同时报告部分.
1567,81,747,2025-05-12,职业病,重度,户外,产品点击只要公司语言显示能够法律在线.
1568,38,313,2024-02-03,职业病,中度,维修区,工作目前一次使用提供作品你的服务实现我的得到开始.
1569,22,954,2026-08-20,机械故障,轻度,停车场,经济显示需要两个会员影响什么下载.
1570,73,348,2026-06-18,交通事故,重度,食堂,技术全部免费其他合作类别.
1571,4,409,2026-08-11,坠落事故,重度,停车场,一点质量其他等级时候一切名称在线免费.
1572,24,635,2024-03-23,化学品泄漏,中度,实验室,感觉公司然后计划报告运行所有系统包括资源一种非常.
1573,61,548,2025-05-05,滑倒摔伤,中度,办公室,的是更多大学希望位置支持以后现在.
1574,75,889,2024-02-02,化学品泄漏,轻度,仓库,类型各种搜索地方重要一种功能.
1575,9,405,2025-01-13,机械故障,轻度,车间,只有方面专业重要管理一样制作国际回复文化如何成为相关.
1576,76,778,2025-06-09,交通事故,轻度,办公室,主题看到显示任何进行如何以上.
1577,48,585,2025-10-09,物体打击,重度,电梯间,目前美国成为最新标题介绍而且责任投资.
1578,89,432,2026-01-28,职业病,致命,办公室,个人只有表示密码研究一直的人本站免费推荐.
1579,72,718,2026-07-02,滑倒摔伤,重度,实验室,不是北京北京基本文件在线所有.
1580,82,534,2025-10-07,触电,重度,仓库,认为注册然后不同状态新闻发生帖子进入.
1581,56,430,2022-06-09,火灾,重度,电梯间,质量发表电话必须影响进行出现朋友基本任何.
1582,69,40,2024-08-12,机械故障,重度,仓库,运行方法学校然后一直游戏开发世界网站应用您的电子.
1583,99,887,2024-08-20,物体打击,中度,实验室,工具有限没有需要报告产品其中操作品牌大小影响.
1584,100,972,2025-09-13,职业病,致命,户外,这里正在进行您的感觉价格经验今年当然一种责任.
1585,33,753,2026-03-31,物体打击,致命,办公室,网上价格环境类别积分一样不是最后北京为了日本.
1586,8,852,2024-04-06,火灾,中度,办公室,法律关于只有只是当然如此操作位置.
1587,53,914,2026-05-13,职业病,致命,维修区,运行国家觉得很多论坛项目说明社会分析.
1588,33,267,2026-05-08,交通事故,致命,食堂,世界电影帖子单位类别而且推荐内容一个什么设备.
1589,63,442,2026-05-26,滑倒摔伤,致命,户外,这么人员决定表示所有网上介绍.
1590,93,212,2026-05-05,滑倒摔伤,中度,办公室,方法关于一次点击喜欢喜欢市场质量.
1591,50,48,2023-11-15,触电,中度,电梯间,详细最新拥有软件不是如果起来世界孩子资料次数首页活动.
1592,6,780,2022-04-23,坠落事故,致命,停车场,安全作为这些目前大学国际类型那么更新.
1593,90,924,2024-10-15,触电,轻度,办公室,不能为了结果电话他的电脑图片朋友一种.
1594,69,605,2025-09-16,职业病,轻度,维修区,网络工程各种今年程序记者同时一次质量地区类别基本.
1595,63,782,2026-03-17,物体打击,中度,维修区,看到过程会员下载得到孩子游戏他们.
1596,80,691,2023-12-24,交通事故,中度,电梯间,世界这样地方文章作者进入只有网上汽车密码.
1597,75,370,2023-08-31,滑倒摔伤,中度,维修区,可能位置增加方法之后表示研究数据以上我们.
1598,6,793,2024-01-15,触电,轻度,户外,因为时候怎么中心那么城市希望情况正在一些规定.
1599,77,930,2022-02-18,化学品泄漏,致命,停车场,你们增加使用汽车论坛帖子还有.
1600,81,28,2026-08-11,坠落事故,中度,办公室,上海不能拥有联系这是对于.
1601,57,989,2026-05-15,火灾,轻度,车间,帮助语言准备类型类型方式如果.
1602,92,921,2023-05-29,坠落事故,轻度,维修区,记者人民进入但是之间由于一定.
1603,42,402,2026-03-27,触电,致命,电梯间,学习今年你们需要数据其实技术组织电话学习安全精华.
1604,60,908,2026-08-23,坠落事故,轻度,实验室,安全北京程序支持数据标题看到.
1605,44,363,2025-05-16,过劳,重度,车间,到了网站都是部分当然他的表示这种没有.
1606,17,750,2025-11-09,过劳,中度,工地,设计新闻一个帖子是否不同密码其中国际结果.
1607,30,271,2025-11-10,物体打击,重度,实验室,企业得到地方各种今年比较现在或者只是支持其实.
1608,80,401,2026-05-10,触电,中度,工地,如何科技网上评论个人设备当前生活还是大学那些方面下载.
1609,20,59,2025-09-15,过劳,中度,实验室,城市合作因此影响能够如何看到经济经济精华价格很多下载.
1610,73,997,2023-11-26,交通事故,中度,办公室,主要方面一般规定一般地区管理所以可是方面分析.
1611,50,115,2026-08-25,坠落事故,中度,维修区,更新公司网络位置详细信息的话可以所以现在的话.
1612,43,483,2026-05-07,滑倒摔伤,致命,维修区,全部品牌学生新闻加入完全合作工具价格有些继续单位数据.
1613,49,984,2026-01-01,物体打击,重度,办公室,作者法律回复不过手机也是作品浏览行业有些.
1614,82,228,2026-08-13,过劳,重度,工地,美国你的没有那些简介信息类型状态文章表示如此音乐支持.
1615,27,663,2026-04-13,触电,中度,办公室,或者可是电子参加社区能力准备参加没有.
1616,95,87,2023-03-15,火灾,重度,办公室,设计有些增加的话投资但是时候事情得到首页关于免费.
1617,50,334,2026-04-14,火灾,轻度,办公室,什么语言作者关系发布文章日本这么成功只有电话回复.
1618,24,12,2025-11-05,机械故障,致命,工地,企业其实个人还是搜索生产研究虽然.
1619,89,432,2025-02-23,物体打击,致命,户外,密码开发工程设备继续不同原因两个不断事情关于发表.
1620,63,192,2025-08-14,过劳,致命,户外,出来系统出现注册今天那么必须报告工具之间为了.
1621,24,654,2025-04-14,滑倒摔伤,轻度,实验室,成功计划只要数据到了部门参加学习.
1622,19,333,2025-12-14,职业病,重度,户外,国内朋友能力得到推荐积分这个处理新闻.
1623,32,679,2023-01-19,职业病,致命,维修区,标准美国的人公司最大基本上海朋友朋友提高.
1624,70,1,2026-09-08,坠落事故,重度,车间,介绍新闻软件登录技术都是基本运行.
1625,78,994,2026-07-18,滑倒摔伤,中度,仓库,计划各种来源不同两个你的.
1626,94,491,2026-07-23,滑倒摔伤,致命,户外,他的怎么出现谢谢资料最大要求所有觉得重要类别一切.
1627,7,706,2026-08-24,交通事故,轻度,实验室,一样她的汽车销售新闻一次电影程序这些我的什么.
1628,43,988,2025-09-15,职业病,致命,停车场,回复经验全国影响男人合作不断新闻行业解决加入论坛.
1629,44,798,2026-03-26,化学品泄漏,中度,仓库,项目世界如此最新发生广告.
1630,25,440,2025-11-16,滑倒摔伤,轻度,食堂,这么事情的人发表谢谢知道销售学校今天喜欢新闻当前作者.
1631,89,145,2023-12-26,触电,轻度,电梯间,学生朋友美国两个最大或者一种当然学习日期.
1632,46,251,2026-08-31,机械故障,中度,工地,空间问题但是感觉谢谢都是开发.
1633,33,495,2023-07-11,火灾,中度,工地,人员生产中国组织评论拥有浏览开发到了全部正在标题.
1634,49,261,2025-10-18,坠落事故,重度,维修区,不会部门详细特别次数没有.
1635,92,909,2025-05-19,触电,重度,工地,名称之后显示不过主要各种中国人民.
1636,12,386,2025-11-03,机械故障,重度,实验室,上海生活希望价格准备单位我们两个开始简介人员.
1637,50,334,2026-06-17,物体打击,轻度,户外,得到一般全国处理地址相关推荐一样更新有限原因.
1638,27,851,2026-01-25,职业病,轻度,仓库,一下全部世界主题通过最后相关无法.
1639,60,676,2026-08-17,交通事故,轻度,实验室,方式完全详细安全电脑城市企业.
1640,64,124,2026-08-20,职业病,重度,食堂,这么出来提供朋友其中分析参加安全为什孩子一下介绍.
1641,99,805,2026-05-14,交通事故,中度,维修区,地区可是处理社区原因更多正在.
1642,92,596,2024-08-23,过劳,中度,工地,建设产品一切一种同时重要事情日本.
1643,10,257,2025-12-03,过劳,致命,维修区,也是资料知道发表今年需要人员分析.
1644,38,498,2025-12-22,触电,致命,车间,提高这里记者文化评论推荐表示不能如何如何工作等级.
1645,87,721,2026-02-14,坠落事故,致命,办公室,方法都是比较组织知道最后.
1646,16,299,2024-08-19,过劳,致命,停车场,中文一定女人而且公司建设地方一般免费一切经济类型.
1647,48,585,2025-10-30,坠落事故,重度,办公室,来源由于可能上海来自会员出来也是朋友只要.
1648,21,888,2023-04-02,火灾,轻度,户外,工程更新只要我们能力或者.
1649,58,482,2026-06-30,物体打击,重度,电梯间,标题其他合作不会决定可是.
1650,38,88,2024-12-25,机械故障,轻度,食堂,人民欢迎信息次数然后方法运行质量.
1651,72,16,2025-08-29,坠落事故,轻度,办公室,网上语言留言文件可以产品来自能力事情.
1652,92,387,2026-03-30,物体打击,中度,食堂,只有自己学习地区记者浏览注册设计其中国家.
1653,10,257,2026-04-11,坠落事故,轻度,仓库,国内选择主要当前对于环境各种女人.
1654,57,25,2023-01-24,化学品泄漏,中度,维修区,简介在线继续类型不同帖子能力之后更多如此.
1655,16,121,2025-02-23,机械故障,轻度,仓库,感觉今天比较美国责任实现之后你们.
1656,1,614,2023-03-06,触电,轻度,户外,研究进行帮助解决必须销售技术名称标题.
1657,9,405,2024-12-09,滑倒摔伤,中度,食堂,应用加入完成完全环境是一.
1658,84,800,2026-02-14,职业病,中度,维修区,企业会员分析影响专业正在工程发表参加如此建设正在觉得.
1659,8,396,2026-08-20,化学品泄漏,轻度,食堂,原因只要必须可能方面如此由于商品组织这是运行.
1660,55,148,2023-08-28,触电,轻度,实验室,大家教育状态首页时候生产所以如果资料非常.
1661,55,285,2025-06-07,滑倒摔伤,轻度,食堂,日期类型自己等级法律制作提高到了一样还是很多原因.
1662,55,731,2025-10-04,火灾,重度,车间,制作然后自己一样帖子简介一些.
1663,29,773,2026-09-01,化学品泄漏,致命,实验室,学校美国喜欢用户等级类型一样还是来自是一.
1664,9,465,2023-02-10,交通事故,轻度,电梯间,一种控制有些作品中国国家信息不过.
1665,58,364,2026-02-26,过劳,轻度,食堂,不断参加相关服务在线的话程序得到因为.
1666,30,842,2026-05-26,机械故障,中度,实验室,服务处理根据北京男人您的部门你们数据部分标准.
1667,82,913,2024-11-18,物体打击,重度,实验室,内容处理作为全国今年起来.
1668,55,98,2025-09-24,坠落事故,中度,车间,东西处理电脑程序必须有限她的.
1669,55,439,2024-05-29,职业病,重度,实验室,中国法律不要作为一样生活方面本站商品.
1670,36,891,2023-09-19,交通事故,轻度,工地,法律增加孩子活动电子是否自己朋友手机是否.
1671,83,68,2026-04-30,物体打击,轻度,电梯间,问题软件广告无法注意成为其实可以也是来自可能管理.
1672,65,935,2026-06-16,化学品泄漏,轻度,停车场,来自历史拥有男人一个其他软件的是.
1673,59,714,2026-01-12,机械故障,致命,办公室,发现发生准备一次不会一个今年.
1674,21,328,2024-03-13,滑倒摔伤,致命,办公室,任何有些介绍在线日期处理注意显示一样免费欢迎她的.
1675,86,161,2024-12-08,机械故障,轻度,工地,城市推荐的话更多等级直接文化.
1676,46,251,2026-05-06,坠落事故,致命,食堂,关系这里增加注册信息完全建设因为详细也是类型工具具有.
1677,20,471,2025-10-04,滑倒摔伤,重度,户外,无法对于个人功能政府自己显示阅读位置其中会员用户.
1678,29,97,2023-04-07,职业病,重度,维修区,音乐日期当前学习专业信息.
1679,77,930,2024-02-29,职业病,致命,仓库,因此解决有些同时然后手机搜索.
1680,85,128,2023-01-18,物体打击,轻度,实验室,文化各种教育原因留言你们控制起来.
1681,83,320,2024-09-14,坠落事故,轻度,工地,这么建设其他出现非常单位.
1682,6,712,2026-09-01,坠落事故,致命,户外,日期图片城市之间个人管理应用的话包括任何那个.
1683,30,127,2025-03-13,坠落事故,重度,车间,更新密码怎么的人这是积分技术只要.
1684,99,438,2026-08-15,化学品泄漏,中度,食堂,为了软件类型地方工程最后点击是否详细精华上海.
1685,30,127,2026-03-24,触电,重度,食堂,这样其中地区支持对于作为首页商品但是工具一切查看.
1686,46,250,2025-08-14,过劳,致命,工地,应该发展为什项目手机语言.
1687,39,766,2026-01-02,滑倒摔伤,致命,实验室,经济精华不能数据生活还有在线不是具有的话不过方面.
1688,14,895,2026-08-14,滑倒摔伤,致命,实验室,支持环境城市你们您的喜欢一直现在类别以下决定只要教育.
1689,56,688,2026-06-03,物体打击,中度,实验室,留言会员一直支持一直所以.
1690,3,946,2025-10-16,触电,重度,办公室,类别选择搜索国际支持由于本站是否表示帮助.
1691,42,847,2026-01-12,坠落事故,中度,停车场,记者日期留言时间不能成为.
1692,68,122,2026-06-17,坠落事故,轻度,车间,人员之间学生一般一切以及这么网站实现搜索自己北京记者.
1693,95,159,2026-04-23,触电,轻度,户外,能够次数要求为什世界你的文化.
1694,75,926,2025-05-29,坠落事故,重度,停车场,个人文件方式但是中文分析部分.
1695,66,308,2025-02-01,坠落事故,中度,实验室,说明无法怎么只要各种更多主要.
1696,64,418,2022-10-08,滑倒摔伤,致命,车间,简介部门项目一种电脑所有一点等级提供主要.
1697,71,912,2026-06-23,机械故障,轻度,工地,各种方面问题的是发表或者所有可能最后.
1698,76,247,2026-04-21,物体打击,轻度,工地,日期深圳成为市场资源网上处理起来设计开始欢迎.
1699,12,376,2025-05-27,职业病,重度,停车场,数据你的次数作者推荐安全不是电脑来自.
1700,100,408,2023-09-22,机械故障,轻度,停车场,次数你们名称一点专业操作美国谢谢科技用户规定项目也是.
1701,40,665,2026-06-30,滑倒摔伤,重度,户外,主要安全资源正在不会经济公司技术信息具有表示.
1702,12,288,2024-07-27,职业病,重度,维修区,当前电影免费主要评论发现日本业务为什游戏必须组织.
1703,44,715,2025-12-15,机械故障,轻度,电梯间,帖子进入发展环境联系以下时候比较数据有限继续.
1704,47,423,2026-01-24,滑倒摔伤,轻度,工地,环境只有数据人民没有孩子联系数据完成朋友不过你的.
1705,91,499,2024-06-28,火灾,中度,维修区,免费不同功能一下文章分析作品说明结果发现.
1706,47,604,2025-09-18,触电,重度,实验室,喜欢中心简介项目来源资源正在一些.
1707,1,653,2026-01-20,机械故障,轻度,车间,还是世界安全最新单位出现.
1708,73,652,2024-08-06,滑倒摔伤,致命,食堂,国家生产看到您的选择基本其实用户这些这里不同来自发现.
1709,66,308,2026-03-01,化学品泄漏,重度,维修区,为什以后这种发布法律朋友更新首页当前更多论坛以上.
1710,71,107,2025-05-08,化学品泄漏,致命,电梯间,活动之后实现通过解决不断.
1711,30,812,2025-03-11,滑倒摔伤,重度,食堂,销售国际点击男人一定应该积分.
1712,92,909,2026-07-23,物体打击,致命,车间,网站其他商品选择标题程序怎么出来管理一起电子运行研究.
1713,16,110,2026-08-20,火灾,致命,户外,基本规定看到开发评论发生等级.
1714,76,624,2024-12-08,物体打击,中度,电梯间,关系不是原因她的出现一切最新注意详细.
1715,65,762,2022-12-16,触电,致命,工地,留言非常如果的话图片一样能力认为精华之后.
1716,43,452,2026-04-01,坠落事故,轻度,工地,现在记者提供对于最新服务可能一定社区显示现在作品发展.
1717,9,569,2023-10-11,化学品泄漏,轻度,食堂,具有因此生活继续加入出现.
1718,94,188,2026-05-20,坠落事故,致命,工地,不会那个信息解决直接音乐网上.
1719,70,139,2026-02-03,交通事故,中度,维修区,而且工作发展记者要求一次.
1720,52,467,2024-08-06,触电,轻度,仓库,一次控制任何其中可以活动.
1721,4,459,2024-04-22,机械故障,中度,电梯间,一定时间一些国际系统表示经营选择政府主题因为使用最新.
1722,8,5,2025-02-09,滑倒摔伤,轻度,户外,说明出现什么一样目前一切是一如何这种应该欢迎浏览国家.
1723,83,68,2025-08-24,机械故障,中度,户外,进行一个孩子那么我们部分企业.
1724,87,767,2025-02-01,触电,中度,车间,操作觉得或者如此用户一种的人不过服务不同而且.
1725,61,83,2025-04-08,过劳,轻度,户外,规定事情如此怎么关系由于开发.
1726,47,577,2025-06-30,滑倒摔伤,重度,停车场,朋友提高开始搜索用户电脑软件两个免费得到.
1727,40,665,2026-07-18,化学品泄漏,轻度,办公室,表示运行女人具有教育人民当前品牌非常评论最新最后男人.
1728,1,399,2026-03-22,坠落事故,轻度,仓库,用户程序今年起来标准任何.
1729,95,455,2026-02-17,坠落事故,轻度,维修区,成功资料感觉能力回复重要汽车作品游戏安全部分.
1730,25,764,2024-03-05,过劳,致命,车间,推荐以及作品质量帖子具有推荐部分就是拥有.
1731,60,615,2025-10-18,化学品泄漏,致命,维修区,市场以后精华文件看到出来自己单位中心增加客户方法准备.
1732,52,123,2026-03-31,机械故障,重度,维修区,谢谢日期只有网络日期工作不会不是很多以上问题.
1733,79,65,2024-10-28,火灾,致命,车间,政府不同会员活动设计世界帖子.
1734,24,494,2023-07-30,交通事故,轻度,食堂,女人空间自己工具本站男人联系他的经营一切论坛方法这个.
1735,75,370,2024-09-10,化学品泄漏,中度,实验室,通过感觉结果行业一起信息起来.
1736,42,876,2026-07-15,火灾,致命,电梯间,使用一点不过一切就是特别.
1737,58,868,2023-08-16,交通事故,中度,办公室,政府以及社区报告作品增加美国是否.
1738,99,887,2024-09-01,物体打击,重度,实验室,那些为了建设业务有关国内关系觉得这里.
1739,82,95,2023-03-08,火灾,轻度,维修区,时间到了系统商品信息人员下载人员项目那个.
1740,47,80,2022-12-24,滑倒摔伤,重度,实验室,新闻还有不要简介文件完全一起说明影响.
1741,57,137,2025-05-25,过劳,重度,仓库,国际网络回复过程价格单位经验由于主要介绍还有更新.
1742,20,471,2025-06-24,过劳,致命,工地,其他无法包括之后为什关于使用商品是否虽然过程.
1743,65,935,2026-05-28,过劳,致命,停车场,电脑浏览标准资源他的决定专业欢迎.
1744,36,555,2025-11-07,交通事故,重度,车间,参加他们同时工具继续文章实现进行他们管理业务.
1745,73,662,2025-10-04,机械故障,重度,户外,汽车目前客户应用下载使用支持已经其中.
1746,89,183,2025-05-22,触电,中度,户外,能够知道电话电话都是得到看到帖子.
1747,44,810,2025-05-10,机械故障,致命,办公室,成为位置显示会员投资政府为了状态一切.
1748,6,780,2023-01-31,滑倒摔伤,轻度,实验室,电脑起来方面美国项目直接政府关系.
1749,96,865,2024-12-20,物体打击,致命,食堂,还是留言来源开始城市为了人员今天文化.
1750,29,97,2024-04-27,交通事故,致命,工地,也是提供报告应该显示一种更新.
1751,11,260,2026-02-16,火灾,轻度,维修区,日本没有非常社区操作设计下载地区责任提高投资.
1752,85,460,2026-08-10,火灾,中度,户外,网上进入地方但是朋友必须市场不过.
1753,13,993,2026-07-18,滑倒摔伤,重度,食堂,你的积分不要男人联系控制所以决定各种等级基本提供.
1754,73,652,2024-07-01,过劳,致命,车间,音乐电脑社区重要生活到了而且.
1755,31,527,2026-01-12,物体打击,轻度,停车场,以后规定个人孩子最后任何.
1756,76,556,2026-08-05,过劳,重度,办公室,地址标题更多欢迎问题很多具有有些.
1757,90,73,2026-01-18,交通事故,致命,维修区,有些作品因此应该功能只要自己而且因为记者只有.
1758,74,419,2024-04-10,火灾,重度,停车场,活动相关地址用户专业都是有些一直.
1759,51,734,2025-12-09,触电,致命,车间,是一这是目前他的以及部门.
1760,26,230,2025-09-04,坠落事故,轻度,维修区,发现之间日本那些开发研究资料而且到了部门市场支持.
1761,45,970,2026-01-08,滑倒摔伤,轻度,食堂,这种市场那些密码语言推荐学校之间得到次数.
1762,20,403,2022-06-16,触电,重度,户外,不会积分制作资料阅读影响最后人员网络.
1763,39,627,2023-02-20,职业病,中度,户外,状态一点开始不过只是中文是否.
1764,16,99,2022-11-26,过劳,轻度,食堂,大学方法帖子人民城市文件进行方法当前就是国家地址资料他的.
1765,76,247,2024-05-28,职业病,致命,实验室,有关大学能够建设为什地方空间发生起来.
1766,50,246,2026-01-13,交通事故,致命,工地,所以一个等级根据服务那个您的参加方法发生时候分析搜索.
1767,90,775,2026-04-23,过劳,轻度,工地,专业非常地区一起详细所有等级详细觉得当然手机可以联系.
1768,43,918,2026-08-23,滑倒摔伤,轻度,维修区,登录他们他的您的威望拥有如此决定.
1769,73,882,2025-01-24,机械故障,致命,食堂,关于专业部分说明安全这个那些方法投资起来之后详细公司.
1770,35,695,2026-03-02,物体打击,轻度,电梯间,推荐客户我的准备全部只有.
1771,46,826,2025-06-21,滑倒摔伤,中度,食堂,那些工具参加我的有限开始其实名称为什.
1772,4,409,2026-08-20,物体打击,致命,停车场,电话资源一点提高显示经营为什电子程序但是提供.
1773,24,305,2026-05-28,滑倒摔伤,重度,实验室,论坛成为一定点击其中出来社区.
1774,58,364,2026-08-24,物体打击,致命,户外,作为就是他的电子详细当然经济还是没有商品方面作者来自.
1775,45,727,2026-06-30,交通事故,中度,仓库,到了一定位置大家不是日本所以起来图片大小部分.
1776,59,723,2025-04-04,触电,致命,户外,网上资源地方地区是否人员历史我们需要不是作者.
1777,30,892,2024-03-23,火灾,轻度,车间,一种有限手机全国教育单位.
1778,90,792,2025-09-12,物体打击,致命,办公室,这样文章单位方法有限得到参加因此等级建设结果.
1779,57,307,2025-03-24,交通事故,重度,维修区,起来不过程序决定同时设备原因.
1780,18,525,2024-10-07,火灾,轻度,仓库,朋友这些公司网上点击完全如果显示网上也是免费.
1781,39,627,2023-04-02,交通事故,重度,户外,结果说明空间虽然销售不同学习上海还是人员.
1782,41,3,2026-07-17,机械故障,致命,食堂,知道商品报告进入一下工具重要我的功能一个.
1783,37,356,2025-06-07,物体打击,中度,办公室,大小重要地址最后发现网络这样.
1784,20,796,2025-08-24,火灾,重度,仓库,这些自己运行的是能够之间.
1785,6,938,2024-01-17,机械故障,轻度,实验室,直接软件之间最新特别类别个人可以.
1786,84,15,2024-10-24,物体打击,致命,食堂,一直我们决定生活自己说明本站深圳之后设备服务关于.
1787,8,396,2026-08-10,触电,重度,户外,主要发展部门登录进入为了为了影响文化这么首页查看.
1788,28,533,2023-12-18,坠落事故,中度,电梯间,设备最新来源类型环境功能介绍来源他们日期发表.
1789,29,773,2026-08-07,机械故障,轻度,车间,生活应用学习他们之后准备网络点击法律语言经济公司全国.
1790,53,979,2026-04-15,过劳,中度,车间,有限但是参加当然他们因为因为全国喜欢工具.
1791,67,406,2025-09-20,火灾,重度,车间,记者当前查看那些国际单位提供成为关于分析非常信息回复不断.
1792,25,254,2025-10-20,机械故障,重度,维修区,的是希望浏览选择非常选择问题教育解决这样继续很多北京.
1793,9,405,2025-10-11,交通事故,重度,工地,应该经验表示国际认为不是自己美国.
1794,84,458,2025-09-20,物体打击,中度,工地,喜欢其实以上质量帮助你的免费联系也是.
1795,95,757,2026-08-10,物体打击,致命,实验室,个人影响知道今天文件参加个人关系一直更新帖子.
1796,45,666,2026-07-23,化学品泄漏,重度,仓库,上海或者你们安全主要主要管理过程很多文章进行那么只有.
1797,90,611,2025-02-18,职业病,重度,户外,标题论坛标题学校具有很多参加电话资料资料女人.
1798,17,750,2023-04-15,坠落事故,致命,食堂,相关学习深圳起来介绍觉得.
1799,40,114,2025-09-25,职业病,致命,食堂,社区深圳女人帮助一下这种国内看到您的.
1800,28,504,2026-07-31,火灾,重度,办公室,首页状态本站政府不断这些设计推荐根据投资服务建设出来.
1801,7,296,2026-07-20,过劳,致命,停车场,不要要求之后状态希望免费个人管理回复为了文化.
1802,90,73,2025-08-12,火灾,轻度,实验室,类型状态经验拥有的人需要中心出来可能需要中心.
1803,24,635,2024-10-18,物体打击,轻度,维修区,您的那么女人时候之后市场关系.
1804,32,999,2025-07-14,过劳,轻度,车间,时间论坛企业经营起来大小.
1805,16,120,2026-03-26,职业病,致命,维修区,不要成为自己无法中国功能首页.
1806,2,453,2025-02-24,坠落事故,中度,停车场,谢谢政府教育当然专业研究这样之间.
1807,14,365,2025-12-19,化学品泄漏,中度,电梯间,科技规定公司一种产品进行.
1808,81,49,2025-01-07,触电,重度,食堂,日本科技你们作品的话说明怎么管理必须支持.
1809,47,923,2025-11-18,职业病,致命,食堂,管理世界等级只要一起手机这些显示网站积分留言图片.
1810,29,18,2026-02-11,交通事故,轻度,食堂,查看操作现在作者社会学校各种.
1811,17,54,2024-11-13,物体打击,重度,电梯间,需要到了免费就是经验根据希望欢迎.
1812,96,357,2026-07-28,坠落事故,致命,车间,能力可能国家最后市场阅读如果不是时候中心资源.
1813,31,422,2025-12-10,交通事故,重度,办公室,没有日本具有新闻以下一切.
1814,43,375,2025-05-21,机械故障,致命,户外,完成希望拥有业务标准自己表示如果我们阅读有限通过.
1815,35,225,2026-07-13,物体打击,中度,办公室,电影有些不断觉得感觉以下今天下载手机所以主题.
1816,53,578,2026-06-02,化学品泄漏,致命,仓库,完成北京成功成功中国无法.
1817,96,849,2024-11-29,化学品泄漏,中度,食堂,功能不要能力组织一直如果应该情况公司法律发展.
1818,11,806,2022-06-13,交通事故,致命,维修区,电脑技术日期起来积分电脑一样工作我们.
1819,30,342,2026-05-18,化学品泄漏,轻度,工地,作品一些不是本站来自社区虽然要求新闻能力方法点击.
1820,75,943,2024-03-27,物体打击,轻度,电梯间,投资他们所以她的图片两个.
1821,19,333,2025-08-22,触电,中度,维修区,根据两个北京搜索直接首页当然公司方式深圳能力内容感觉.
1822,90,792,2026-07-08,职业病,重度,户外,可是有些希望部门开始这里帖子还是之后地址虽然浏览为什.
1823,5,500,2022-07-26,化学品泄漏,轻度,办公室,根据手机情况发表威望如此支持报告.
1824,70,904,2025-10-03,过劳,重度,实验室,详细安全推荐销售一些游戏个人帖子不是.
1825,90,733,2024-09-10,机械故障,中度,维修区,全部可能东西选择下载作者大学决定.
1826,2,927,2025-02-16,滑倒摔伤,重度,仓库,显示出来她的文化提高制作这样人员.
1827,98,875,2025-02-01,滑倒摔伤,轻度,仓库,深圳选择技术自己决定一下来源.
1828,97,583,2026-04-16,机械故障,轻度,户外,由于建设加入资料那些不会喜欢用户网络觉得时候.
1829,17,4,2024-05-03,化学品泄漏,轻度,停车场,资料方式使用不过原因加入没有一次销售游戏准备美国更多以上.
1830,64,951,2026-04-06,物体打击,重度,维修区,女人无法的是电话一种密码要求什么出现.
1831,19,945,2024-06-03,交通事故,重度,车间,两个会员网站一下的是解决不过电影全国.
1832,64,521,2022-12-14,化学品泄漏,重度,户外,留言一直中文产品帖子只要那个部分现在运行由于学校最大.
1833,61,282,2026-08-05,职业病,重度,实验室,朋友网站最新自己这是还有推荐安全得到.
1834,30,127,2024-12-21,滑倒摔伤,致命,仓库,简介积分由于国家不同科技其实这种的人提高一般位置.
1835,25,873,2023-12-01,火灾,致命,食堂,而且介绍感觉制作都是文件今天上海孩子网上企业他们当然.
1836,73,662,2024-12-07,过劳,致命,户外,最后也是各种不会人员社会这里如何的是活动得到上海系统.
1837,84,15,2025-09-13,化学品泄漏,轻度,维修区,不会美国感觉作为使用作品然后只要更多规定拥有.
1838,50,856,2024-11-04,触电,重度,工地,威望部分由于的是责任还是.
1839,76,11,2022-12-30,滑倒摔伤,中度,食堂,原因这样人员支持工程通过的人中文到了什么.
1840,53,759,2025-10-15,机械故障,中度,车间,我们过程人员关系日本不能功能.
1841,84,969,2025-06-30,坠落事故,轻度,工地,对于电子分析这里是一都是自己发布进入都是谢谢.
1842,36,172,2026-08-24,交通事故,中度,办公室,电影建设主题准备分析基本他们是否帖子.
1843,16,99,2022-10-19,化学品泄漏,重度,食堂,业务支持积分他们拥有准备的是喜欢系列点击搜索.
1844,89,432,2025-03-10,机械故障,重度,车间,通过搜索程序的是都是发布这是成为责任.
1845,18,74,2022-08-18,职业病,重度,实验室,一种程序工具全部人员地址比较世界汽车数据.
1846,20,744,2026-05-13,交通事故,中度,维修区,继续继续组织学生语言没有用户下载.
1847,21,196,2026-05-07,化学品泄漏,致命,维修区,行业中国服务电子游戏活动发生地区过程数据.
1848,87,708,2025-08-10,坠落事故,中度,实验室,研究什么能够应用学习然后之后帮助安全.
1849,64,418,2026-05-08,物体打击,轻度,停车场,需要行业来自决定数据一般特别正在以上单位软件精华那个能够.
1850,6,938,2025-01-26,机械故障,重度,食堂,组织我们企业认为处理建设控制.
1851,61,282,2026-07-02,滑倒摔伤,重度,维修区,地方不断深圳表示处理学生应用一个.
1852,77,400,2025-08-11,化学品泄漏,中度,户外,搜索操作有关上海文化结果新闻实现就是都是或者然后.
1853,13,916,2023-05-24,机械故障,轻度,维修区,工程工具我的计划中国文章.
1854,81,49,2024-01-15,坠落事故,致命,维修区,一点能够完全手机直接历史图片以及方法上海设计准备.
1855,41,304,2024-07-27,触电,轻度,停车场,合作只是大家北京日本同时密码质量.
1856,7,511,2026-08-07,过劳,重度,仓库,不断名称不能我的基本运行不是程序责任网站.
1857,50,119,2023-10-21,滑倒摔伤,轻度,停车场,基本知道不是方法生活觉得得到.
1858,29,97,2025-10-15,化学品泄漏,重度,停车场,客户电脑文化非常游戏报告为了一样.
1859,73,397,2024-03-17,坠落事故,致命,食堂,怎么关系那个作为任何不断包括.
1860,44,810,2024-08-14,化学品泄漏,中度,停车场,不要大家你的原因一起情况能力根据今年首页.
1861,81,273,2024-04-08,过劳,轻度,食堂,工程点击密码发现任何完成历史汽车.
1862,61,104,2026-08-29,物体打击,致命,电梯间,电脑积分能够行业关系最后.
1863,11,742,2026-03-09,机械故障,致命,电梯间,法律很多上海产品部门资源大家.
1864,75,941,2025-04-07,过劳,重度,工地,功能我们情况介绍工具日本产品介绍.
1865,51,858,2025-06-24,机械故障,致命,食堂,这种进行销售关于发表工程查看.
1866,65,524,2025-08-09,坠落事故,重度,户外,推荐科技功能希望客户的人空间有关下载最大起来.
1867,41,220,2023-09-02,坠落事故,轻度,办公室,音乐系统国家说明最新来自企业正在的是社区.
1868,73,130,2023-10-12,触电,致命,停车场,如果管理管理需要同时一起具有以下部门类别大家推荐.
1869,91,791,2026-06-24,交通事故,致命,食堂,社会发布非常两个说明国际专业.
1870,47,476,2025-11-28,过劳,中度,维修区,组织继续今年有些因为今年发生以下有关正在不过企业但是.
1871,68,787,2023-12-05,坠落事故,轻度,工地,不断规定中文一直的话注意更新表示之间.
1872,62,956,2023-08-23,化学品泄漏,轻度,车间,计划自己非常不同广告到了大学用户行业最后不会世界资源.
1873,48,585,2026-08-21,触电,中度,车间,一次您的电影一点必须帮助成功部分投资部分专业单位首页.
1874,40,665,2026-09-02,过劳,致命,维修区,我们分析本站在线精华责任搜索.
1875,32,667,2022-04-04,物体打击,中度,食堂,解决不同影响实现一次的是比较一切最大.
1876,11,378,2025-10-10,滑倒摔伤,中度,电梯间,能够记者一般组织搜索投资上海运行.
1877,64,951,2026-07-13,坠落事故,重度,停车场,投资之后如何一定企业朋友对于有些主要来源浏览.
1878,75,926,2025-09-01,触电,中度,仓库,可是非常免费研究喜欢人员.
1879,33,495,2024-02-02,机械故障,重度,仓库,网络如果空间包括以及过程中文应用工作.
1880,75,941,2025-11-21,坠落事故,轻度,办公室,浏览正在认为查看中国精华积分朋友资料质量.
1881,18,716,2025-07-04,过劳,致命,电梯间,上海城市虽然科技今年因为.
1882,27,699,2026-07-11,过劳,重度,户外,以后来自人民地址一下不是就是安全男人.
1883,61,9,2024-03-31,滑倒摔伤,轻度,实验室,社区制作非常如何项目关系.
1884,9,687,2025-11-09,职业病,轻度,电梯间,发现记者大学关于历史客户所以世界.
1885,87,450,2026-07-22,火灾,轻度,办公室,我们美国查看一次可能方面一点.
1886,83,243,2026-03-05,坠落事故,中度,户外,广告等级主要部门支持程序支持可能可是.
1887,30,127,2025-11-09,过劳,中度,停车场,正在重要报告游戏作者看到一切.
1888,33,630,2026-08-29,物体打击,中度,办公室,部分本站阅读是否关系孩子.
1889,30,289,2026-05-12,滑倒摔伤,轻度,停车场,你们一种直接标准电子帖子报告登录或者.
1890,41,660,2026-08-08,过劳,轻度,仓库,如果发表那么这里地址联系以后.
1891,4,632,2026-02-12,过劳,致命,户外,相关音乐显示为什地方最后信息人员那个不要东西登录.
1892,98,329,2026-03-31,触电,致命,实验室,企业基本解决论坛得到地址个人基本学生人员一些不能.
1893,10,726,2026-05-19,坠落事故,致命,停车场,中心情况其中两个信息实现行业以及.
1894,86,651,2024-06-20,交通事故,中度,维修区,威望环境活动作为社区喜欢状态功能学校主题一样功能.
1895,47,604,2026-04-18,坠落事故,轻度,户外,报告环境简介论坛企业工作一个比较制作方法.
1896,44,63,2025-08-09,坠落事故,重度,工地,一起决定建设相关用户出现基本知道.
1897,41,660,2026-07-25,滑倒摔伤,重度,工地,因此电脑就是最大在线中文方法方面中心完全有限今天有关.
1898,51,858,2026-04-30,触电,轻度,工地,客户运行首页包括事情责任全国同时具有关系正在目前.
1899,51,950,2026-01-22,火灾,中度,办公室,电影建设全国生活说明服务一种标准一样之后.
1900,49,261,2024-11-08,物体打击,致命,电梯间,都是增加那些空间国家显示之后.
1901,2,195,2024-07-22,机械故障,重度,电梯间,城市商品记者只有不会人员.
1902,62,956,2023-10-28,过劳,致命,实验室,系统威望出来特别广告希望虽然不是.
1903,44,668,2024-02-14,坠落事故,轻度,工地,资源可能网站文件要求电脑登录城市.
1904,76,556,2026-08-12,职业病,轻度,办公室,进入继续目前不会学生客户你们中国发表责任经济问题安全.
1905,38,88,2024-05-21,交通事故,致命,维修区,回复联系成为文章有些系列特别.
1906,62,956,2024-01-14,坠落事故,致命,工地,这么状态这个说明各种登录男人安全孩子北京.
1907,57,137,2024-12-20,化学品泄漏,中度,食堂,简介那些各种有限产品论坛处理更多世界必须一般谢谢全国.
1908,18,525,2026-05-28,交通事故,轻度,食堂,增加应用登录浏览品牌然后工程现在服务一定一个希望.
1909,88,586,2025-06-26,触电,轻度,车间,一定应该正在提供一定中国品牌只要学习来自一点主要.
1910,60,676,2026-01-16,过劳,重度,车间,她的起来我的而且帖子学习注册工作相关以上网络生活为了.
1911,29,97,2024-11-01,坠落事故,重度,电梯间,开始状态还有继续非常下载最大发布怎么.
1912,16,120,2025-08-20,物体打击,致命,工地,生产不过中文本站解决资源简介她的搜索增加.
1913,6,780,2023-08-23,过劳,重度,仓库,设计这里那些如此运行或者喜欢一样.
1914,26,219,2025-12-03,过劳,轻度,停车场,市场全国非常选择评论标准相关.
1915,14,182,2023-12-27,坠落事故,轻度,食堂,能够学校已经公司科技来自电影操作.
1916,53,833,2025-08-02,物体打击,重度,电梯间,一般软件东西社区必须进行不断论坛今天都是.
1917,29,692,2025-12-14,化学品泄漏,重度,食堂,商品客户然后过程这种合作个人方式拥有更多主要投资.
1918,20,744,2024-12-11,滑倒摔伤,致命,办公室,数据增加企业国内主题感觉为了完全类型.
1919,19,333,2026-01-19,职业病,轻度,车间,操作这个数据资源评论位置不过分析虽然.
1920,25,449,2026-05-24,触电,重度,办公室,使用这么历史增加科技一下继续您的各种网上计划工具.
1921,51,734,2025-02-28,坠落事故,中度,户外,控制更多资源得到一种事情非常商品联系本站安全注意提供.
1922,97,466,2024-01-16,坠落事故,重度,工地,或者根据得到经济图片自己比较质量.
1923,41,208,2024-06-11,交通事故,致命,仓库,帖子使用原因客户科技地区过程一切回复可是.
1924,90,775,2026-05-30,过劳,中度,电梯间,一样精华任何需要注册希望.
1925,91,176,2022-08-11,滑倒摔伤,轻度,食堂,那些等级服务你们结果完全手机.
1926,58,103,2024-09-04,过劳,中度,车间,系统生活注册注意希望目前女人没有.
1927,73,707,2026-06-08,机械故障,重度,实验室,不要基本法律这么来源一样登录其实业务客户设备不能当前.
1928,32,667,2024-03-16,坠落事故,致命,停车场,进行国内回复学校等级地址.
1929,94,622,2026-08-15,滑倒摔伤,重度,办公室,选择发表是否名称有些状态欢迎文章合作无法如何国际是否.
1930,10,789,2025-06-05,滑倒摔伤,中度,户外,什么精华时候国内网上一样出来资源来源管理规定.
1931,26,230,2024-04-08,滑倒摔伤,轻度,电梯间,感觉对于你的他的认为谢谢的是学校通过回复一起科技加入.
1932,93,740,2026-07-23,滑倒摔伤,重度,停车场,个人没有基本应该作者部分免费主题到了男人.
1933,67,871,2025-10-19,过劳,致命,停车场,电子支持选择技术所有帮助价格也是帮助很多.
1934,4,409,2026-08-10,过劳,中度,停车场,他们手机内容事情计划一种问题社区数据准备.
1935,57,137,2026-05-15,触电,致命,食堂,感觉更多出来不过电话自己不会当前以及.
1936,50,226,2025-11-17,职业病,轻度,维修区,知道中国美国那么如何那么发展包括更新完全.
1937,99,438,2026-08-14,交通事故,轻度,办公室,因此很多产品广告男人那个.
1938,19,738,2026-05-02,交通事故,中度,维修区,标题相关注意首页学校推荐操作不要同时研究政府没有.
1939,37,280,2026-08-12,火灾,中度,工地,网站很多以上已经谢谢作者客户电话注册.
1940,60,760,2025-02-10,职业病,致命,停车场,登录介绍投资都是制作得到作者他们方法相关一般.
1941,84,205,2026-03-17,触电,重度,工地,只要公司教育社会相关的人行业汽车国内国家今天记者.
1942,40,976,2025-08-15,坠落事故,中度,电梯间,进入运行不能深圳可能是一这里提高主题语言.
1943,50,119,2025-09-16,职业病,轻度,工地,欢迎出现以上企业那些这种然后出现拥有深圳欢迎城市.
1944,75,943,2025-09-16,火灾,中度,仓库,是一业务继续音乐历史市场电子之后其中一起朋友工具.
1945,46,572,2022-11-07,职业病,致命,车间,今天帮助登录女人数据日期法律当前工程.
1946,59,444,2025-10-10,火灾,轻度,户外,一些计划更多没有其中我们.
1947,2,768,2024-09-04,滑倒摔伤,轻度,电梯间,没有选择文化公司所以不是是一能力操作只是网络.
1948,96,991,2026-07-30,物体打击,致命,实验室,包括然后历史研究最后我的全国详细.
1949,64,345,2026-06-03,触电,致命,车间,能够为了同时重要可以电子.
1950,84,969,2025-09-22,化学品泄漏,轻度,实验室,其中支持国内单位本站新闻下载一种选择推荐.
1951,88,915,2026-04-30,触电,轻度,车间,说明国际系列业务自己使用深圳学习更多提高时间.
1952,65,523,2026-07-29,过劳,中度,维修区,数据那些为了发生一点建设系统简介看到项目.
1953,9,465,2023-01-14,触电,重度,户外,设备价格怎么的是发生项目记者过程回复.
1954,6,286,2026-04-23,物体打击,轻度,仓库,介绍那些标题表示学习主题这样下载.
1955,36,592,2026-08-03,化学品泄漏,中度,仓库,密码以后发现经济环境合作已经结果提供在线.
1956,18,525,2024-06-21,过劳,重度,车间,深圳历史能力详细免费质量各种还有.
1957,58,868,2024-06-01,交通事故,重度,食堂,两个之间为了之间研究内容可以经验还是一般也是学校他的.
1958,97,466,2024-09-21,火灾,重度,车间,安全工程以后事情作品之间只是的是登录.
1959,8,920,2023-09-16,滑倒摔伤,中度,电梯间,论坛专业女人来源如果注意影响同时.
1960,58,364,2026-07-14,物体打击,致命,工地,信息事情其实学生时间一般.
1961,83,709,2025-10-14,火灾,重度,食堂,经济一定类型孩子类型不能可是网络留言实现全国.
1962,10,227,2024-12-25,机械故障,中度,车间,谢谢当前经验因此欢迎包括商品那个.
1963,26,167,2026-06-20,物体打击,致命,维修区,出来对于品牌控制不过项目全国拥有能力能力相关应该行业.
1964,45,840,2025-03-30,物体打击,重度,实验室,那么责任以及来源标题由于运行原因历史看到女人新闻女人.
1965,98,329,2026-04-13,化学品泄漏,中度,仓库,继续已经会员其实最大如此作为经济历史以后.
1966,10,600,2024-08-03,化学品泄漏,致命,停车场,很多这是重要目前社会评论空间语言方式开始必须密码状态.
1967,46,481,2026-02-17,滑倒摔伤,中度,电梯间,能够企业计划人民原因时间.
1968,67,390,2025-07-24,机械故障,重度,食堂,安全最后正在大学根据可能进行不能非常文化因为喜欢.
1969,65,523,2026-04-14,火灾,轻度,维修区,一次报告资料历史国家分析.
1970,44,810,2025-07-24,过劳,重度,办公室,认为技术所以来自学生如何商品过程网络网络解决项目.
1971,58,187,2026-03-13,坠落事故,中度,停车场,广告说明通过推荐都是教育.
1972,64,418,2025-09-11,触电,致命,工地,由于作品实现可是当前最新准备浏览过程.
1973,8,552,2025-02-16,过劳,轻度,工地,成功简介语言点击只要而且搜索得到出现.
1974,12,216,2024-06-01,火灾,中度,实验室,部门比较部门学生产品上海这样下载语言.
1975,53,131,2026-04-10,机械故障,重度,户外,一次欢迎介绍一起积分完全不会可是.
1976,37,639,2026-05-25,物体打击,重度,实验室,北京两个程序投资谢谢电影.
1977,2,191,2025-11-24,触电,重度,维修区,问题信息希望加入一切没有发表新闻还有部分发展事情认为.
1978,64,951,2026-04-14,坠落事故,重度,车间,专业以后相关选择问题推荐今天但是广告.
1979,47,898,2026-03-02,触电,轻度,仓库,人民选择帮助那么行业地址.
1980,54,239,2025-06-17,坠落事故,轻度,停车场,选择评论只有基本一下部分朋友电影阅读或者标题来源合作.
1981,64,124,2026-09-07,交通事故,重度,办公室,东西作为深圳威望继续控制觉得电子以及.
1982,6,410,2025-04-25,坠落事故,轻度,实验室,但是感觉发表国际必须是否那个不是设计项目不过生产成功.
1983,1,209,2026-06-15,物体打击,重度,实验室,经验准备同时规定等级作为电脑手机当前一次经营发表一切.
1984,12,710,2022-12-30,机械故障,中度,实验室,开始客户使用以上虽然更新音乐本站积分为了看到.
1985,52,788,2026-08-13,交通事故,重度,停车场,发现需要自己会员任何方式人民.
1986,60,886,2023-11-22,过劳,重度,户外,来源有些价格大家帖子提高孩子.
1987,90,435,2026-08-03,交通事故,致命,停车场,相关主题北京标题业务那么关系成为怎么.
1988,68,150,2025-04-14,坠落事故,重度,仓库,政府如果电话其他的是操作市场图片.
1989,99,336,2026-09-05,机械故障,中度,户外,这种可以阅读作品数据汽车一定方式.
1990,42,517,2025-08-01,过劳,轻度,停车场,任何国家起来当然计划汽车他们怎么发布.
1991,47,80,2024-01-05,交通事故,重度,车间,日期社会孩子继续同时事情部分.
1992,80,489,2024-08-09,过劳,致命,电梯间,业务正在工程原因增加地区一起信息的是电话或者全部.
1993,42,402,2023-06-18,触电,中度,办公室,提供已经当然参加是一然后这么不会.
1994,3,845,2025-02-28,交通事故,重度,实验室,如此状态我的可能关系当然发现发生只是选择.
1995,41,739,2023-07-20,化学品泄漏,重度,车间,需要觉得国内类别积分如何.
1996,80,489,2023-01-04,交通事故,轻度,办公室,的话会员一切提供今年企业评论我的责任各种这里一样.
1997,85,550,2025-05-16,机械故障,中度,停车场,特别中国一切通过为什提供生产.
1998,74,419,2025-06-14,过劳,轻度,办公室,网上论坛点击过程选择完全具有虽然电话只是科技.
1999,24,259,2022-11-25,交通事故,重度,实验室,或者一个回复无法支持朋友到了威望查看这样中心只要结果起来.
2000,58,482,2024-02-07,火灾,致命,仓库,本站参加电话对于工程同时品牌.
2001,22,702,2026-09-03,过劳,轻度,车间,因为一切喜欢发生精华起来.
2002,16,26,2026-04-21,过劳,致命,工地,谢谢全部专业不是这么生活游戏当然.
2003,41,2,2026-08-22,坠落事故,轻度,维修区,需要电影留言作品世界成为积分应该游戏等级.
2004,12,376,2025-11-17,物体打击,轻度,停车场,计划只要一些谢谢根据不会国内.
2005,35,695,2026-03-22,化学品泄漏,重度,仓库,成为部分时间发现开始人员一切电脑历史制作主题下载的是.
2006,14,398,2026-04-27,化学品泄漏,中度,仓库,决定公司下载投资各种注意部分下载自己其他能力阅读我的.
2007,47,476,2026-03-23,火灾,致命,车间,部分社会内容表示由于加入那么用户登录准备之间时间.
2008,23,955,2025-01-19,过劳,中度,户外,不能有关相关无法设备起来.
2009,87,820,2025-06-12,机械故障,致命,停车场,产品有限简介进行发生的人项目显示事情公司.
2010,39,766,2026-02-25,过劳,中度,办公室,东西如此使用那些开始得到参加软件特别研究品牌.
2011,92,387,2025-02-10,机械故障,轻度,工地,之后地区程序开发还有品牌这里主要实现需要记者学生.
2012,70,431,2023-11-18,坠落事故,轻度,食堂,学习精华语言这些不要朋友因为阅读虽然.
2013,2,670,2023-11-29,滑倒摔伤,轻度,车间,朋友手机业务产品因为人民一样操作相关出现方面而且.
2014,77,164,2022-12-28,触电,致命,停车场,继续我们他们作为时间基本标准等级自己一个之后点击.
2015,47,367,2023-09-22,滑倒摔伤,中度,电梯间,具有虽然分析有关学校密码安全喜欢一种最后作为本站一点.
2016,75,366,2025-08-12,机械故障,轻度,食堂,空间全部最新更新企业以及然后报告包括朋友最大大小.
2017,75,674,2026-05-14,物体打击,致命,实验室,新闻也是发生单位都是根据.
2018,60,55,2026-09-02,机械故障,重度,维修区,这个我的非常一般根据广告部门以及文章.
2019,11,445,2025-11-30,坠落事故,中度,户外,为什文件阅读语言其中电话客户设备根据一定觉得公司.
2020,83,320,2024-05-03,过劳,重度,实验室,自己组织手机相关为什谢谢.
2021,47,423,2026-02-23,坠落事故,致命,户外,人民工作解决谢谢现在建设得到很多音乐论坛资源工程.
2022,90,829,2024-09-03,机械故障,轻度,户外,有些进入评论人民参加因为以上觉得资料情况一点.
2023,70,431,2025-12-07,交通事故,重度,食堂,现在没有一点行业两个还有.
2024,47,31,2025-12-16,滑倒摔伤,致命,电梯间,时候制作手机地址美国你的.
2025,16,299,2023-05-24,滑倒摔伤,轻度,食堂,为什有些通过信息完全下载威望.
2026,85,550,2024-10-15,触电,轻度,仓库,其实网上组织服务一直技术生活.
2027,94,491,2026-08-11,物体打击,重度,维修区,以下情况合作特别管理上海公司女人已经的话.
2028,24,794,2024-01-09,火灾,致命,车间,当然为什也是帮助运行单位一个所有市场位置.
2029,36,512,2025-07-31,触电,致命,工地,广告完全比较详细查看来源而且文章分析是一可能.
2030,73,528,2024-11-05,坠落事故,中度,维修区,内容所有方面为了这是需要部分这样通过名称生活.
2031,81,331,2025-10-16,交通事故,重度,车间,有些自己主要标准经营谢谢你们浏览科技那么提供设备成功.
2032,67,290,2026-01-19,交通事故,重度,实验室,但是发布发展地址基本没有.
2033,53,599,2022-12-15,火灾,致命,仓库,虽然直接北京登录法律到了.
2034,58,582,2026-02-06,滑倒摔伤,轻度,工地,为什她的情况查看销售以及正在部分投资而且国家.
2035,82,228,2026-09-02,触电,中度,办公室,方法能够我的注册还是广告.
2036,12,965,2026-07-30,物体打击,中度,停车场,重要单位就是历史时间工具.
2037,62,867,2026-08-23,职业病,中度,工地,研究关系作者其中还是为什知道.
2038,56,932,2024-08-15,化学品泄漏,致命,停车场,标题发生运行情况地址因为商品.
2039,83,490,2025-07-01,火灾,轻度,维修区,孩子一些如果可能名称次数时候喜欢类型.
2040,86,651,2025-11-01,职业病,轻度,办公室,名称方法大学下载或者你们注册我们什么.
2041,99,805,2026-07-08,化学品泄漏,轻度,车间,下载是一我们下载不是知道工具下载.
2042,64,971,2026-06-30,交通事故,中度,户外,系列查看详细成功发展研究.
2043,23,745,2025-04-14,火灾,重度,工地,网上所有中文这个开发如此.
2044,22,136,2024-05-03,物体打击,致命,仓库,时候免费等级同时部门事情汽车地方日本这里.
2045,60,676,2023-06-27,物体打击,重度,电梯间,免费她的以后为什由于女人已经起来正在文章提供已经.
2046,71,903,2025-11-13,过劳,重度,仓库,评论自己方面一种到了有关人民我们.
2047,97,352,2026-07-21,过劳,中度,实验室,系统而且认为没有参加生活.
2048,45,885,2025-03-01,滑倒摔伤,致命,车间,联系提供其他朋友地方发展投资人民还是以后.
2049,97,466,2026-06-06,坠落事故,中度,停车场,销售一下两个现在知道使用一下.
2050,91,499,2026-01-08,化学品泄漏,重度,维修区,同时情况认为位置状态密码或者详细技术环境历史.
2051,13,488,2026-06-02,触电,致命,车间,国家推荐北京需要开发日期发生地区来自一次.
2052,90,436,2026-04-06,职业病,重度,仓库,应该资料地址行业这些空间得到.
2053,73,89,2026-02-22,滑倒摔伤,轻度,停车场,不同一般这些欢迎一直电话制作安全国内这个具有.
2054,27,37,2022-07-09,化学品泄漏,中度,仓库,正在回复只要你的北京加入游戏成功地方业务.
2055,94,204,2025-12-22,化学品泄漏,中度,车间,使用下载原因介绍留言中心.
2056,10,737,2025-10-14,交通事故,中度,户外,个人起来工作一种自己开始电子这种.
2057,55,998,2026-07-29,机械故障,重度,维修区,男人或者能力运行女人搜索无法法律有关研究记者时候任何深圳.
2058,99,133,2026-05-24,机械故障,重度,维修区,标题正在一种不要这是网络这是当前更新网上能够.
2059,28,647,2023-08-18,职业病,中度,实验室,发生在线参加成功一种市场计划人民联系自己两个需要一样.
2060,33,276,2026-01-30,职业病,轻度,实验室,工程男人名称最大广告来自设备感觉运行.
2061,65,693,2023-10-13,过劳,致命,工地,的人发现时间之间一直业务计划浏览.
2062,14,341,2026-01-03,过劳,致命,工地,谢谢一切希望资料价格以后查看出现类型.
2063,64,394,2025-12-24,职业病,重度,食堂,论坛对于解决也是看到包括是否两个设备发布网站.
2064,12,710,2023-10-09,职业病,重度,工地,当然会员工程一般您的如此行业经营.
2065,73,214,2024-09-05,触电,重度,实验室,认为发表专业喜欢用户不能质量这么专业作者不要因此.
2066,53,914,2026-07-13,交通事故,轻度,停车场,同时报告经验经营那些各种的话已经你的标准但是有关工作.
2067,67,412,2025-10-19,物体打击,中度,电梯间,地址由于能力威望威望不断软件.
2068,41,304,2026-01-23,火灾,重度,办公室,时间认为就是使用以上增加经济.
2069,16,350,2026-09-08,过劳,轻度,办公室,关系一起他的提高决定发现游戏感觉.
2070,83,678,2025-03-05,化学品泄漏,中度,停车场,语言论坛她的设计项目方法资源作者服务.
2071,88,860,2026-02-11,过劳,致命,食堂,不是社区网上这里之间积分以下世界如果.
2072,99,542,2023-09-28,坠落事故,中度,车间,很多程序客户准备设计没有空间.
2073,92,921,2024-02-07,物体打击,致命,电梯间,表示这么历史基本更新怎么图片一样今天文章.
2074,9,362,2026-07-22,职业病,中度,实验室,工具出现历史主题品牌因此社会很多标题完全制作的是推荐出现.
2075,97,588,2026-05-25,触电,致命,电梯间,只要今年因为事情但是空间以后有关有限事情.
2076,92,596,2026-07-29,物体打击,轻度,电梯间,继续学校企业一般社区工作成为威望学生.
2077,43,452,2025-10-11,交通事故,致命,维修区,应该首页点击密码不会制作准备浏览登录对于合作.
2078,41,66,2026-08-24,物体打击,重度,户外,显示显示时候那么他们人民单位各种一种这种文化个人.
2079,27,663,2025-08-16,职业病,重度,实验室,精华这是完全所以一般作为主题参加回复控制.
2080,76,761,2026-01-17,火灾,重度,维修区,学校发生基本安全正在之后设计经济女人不断由于但是积分.
2081,94,907,2026-09-02,职业病,中度,食堂,活动的人价格喜欢日期全部阅读我的简介.
2082,1,974,2026-06-29,触电,轻度,停车场,方法事情类别客户重要的话世界可是.
2083,58,493,2026-06-27,物体打击,轻度,电梯间,系统全国信息什么发现一种由于位置今年城市公司积分.
2084,90,611,2025-07-09,职业病,轻度,车间,内容您的主题他们问题所有这是大小电话首页商品.
2085,82,701,2025-08-30,化学品泄漏,轻度,车间,一起组织他的品牌为了的是今年搜索继续.
2086,81,211,2026-08-26,过劳,中度,电梯间,设计所以单位可以不能出现人员还有标准首页不能.
2087,28,818,2026-08-04,机械故障,重度,办公室,因为新闻实现开发原因如果不断.
2088,40,772,2025-03-24,坠落事故,致命,停车场,国际帮助谢谢最新主要等级国际制作汽车位置企业.
2089,24,259,2021-10-26,化学品泄漏,轻度,户外,最后男人本站帖子美国一直公司所有最后.
2090,91,526,2026-03-04,交通事故,致命,停车场,参加网上最新她的直接威望不同首页包括.
2091,48,905,2025-11-29,职业病,轻度,电梯间,时候首页日期问题根据还有基本支持一次直接选择方法企业.
2092,33,193,2026-07-03,过劳,中度,户外,因此可以控制解决通过帮助不要记者产品类型国家任何类型一切.
2093,20,744,2026-08-17,过劳,中度,工地,有关留言上海虽然参加所有.
2094,82,811,2026-09-08,职业病,中度,实验室,一般正在很多联系过程那个人员希望.
2095,28,504,2026-01-07,火灾,致命,办公室,方法的人地方分析不是电脑下载电子汽车希望法律.
2096,26,230,2026-01-20,交通事故,轻度,维修区,使用怎么如果成为有关女人销售电影威望数据本站以下.
2097,62,870,2026-07-19,坠落事故,致命,车间,他的希望投资应用为什影响进行能够学习广告如果.
2098,16,443,2026-07-01,机械故障,重度,车间,次数教育等级名称用户注意留言.
2099,5,7,2024-02-22,触电,重度,食堂,评论拥有标准一样名称活动目前.
2100,58,147,2026-08-29,机械故障,中度,电梯间,一样重要内容为什精华都是支持帖子.
2101,70,318,2024-05-11,职业病,轻度,维修区,出现查看之后的话还是实现城市之间推荐起来只是.
2102,84,948,2026-05-29,化学品泄漏,重度,停车场,什么显示部分系列学校首页简介.
2103,89,432,2026-08-07,滑倒摔伤,轻度,仓库,起来根据联系活动增加不过.
2104,61,234,2025-01-15,火灾,轻度,办公室,以后如此下载感觉个人一个有些发现因为为了实现结果状态.
2105,30,705,2026-01-06,机械故障,重度,仓库,服务需要设计进入组织文化他的项目.
2106,9,544,2024-01-08,机械故障,重度,维修区,数据如何由于那么自己汽车美国有些一样两个关系用户.
2107,93,740,2026-09-08,火灾,轻度,维修区,喜欢那么教育注册价格所有操作网站资源更新现在如果以上.
2108,67,928,2026-08-30,化学品泄漏,致命,食堂,投资公司汽车地方投资全国日本电子能够发表.
2109,71,987,2025-09-26,过劳,致命,实验室,用户设备以后认为人民责任成功中心.
2110,21,263,2026-01-13,滑倒摔伤,致命,车间,帖子您的部分不过影响时间不过因为如此我们网上规定方式.
2111,86,161,2026-06-14,滑倒摔伤,致命,食堂,之后市场特别对于不断上海更多有限今年单位.
2112,73,323,2026-08-21,触电,重度,工地,得到孩子质量大学因此学生关系中国地方今天人员使用会员.
2113,92,279,2023-05-31,坠落事故,中度,工地,所有最大业务有关男人决定欢迎教育操作为什全国文化.
2114,83,571,2022-08-23,火灾,轻度,车间,作品查看欢迎已经他们准备日期男人.
2115,69,966,2025-03-14,化学品泄漏,致命,车间,下载这种今天一起还是不会时间很多世界不是广告.
2116,63,192,2026-02-12,滑倒摔伤,轻度,维修区,工作谢谢最后用户功能一个销售功能一下.
2117,42,517,2025-11-08,火灾,致命,实验室,之后我们设计最后你的这个科技业务他们发表.
2118,57,380,2026-06-29,交通事故,中度,电梯间,信息法律具有有关社会以上一次当前已经或者北京同时.
2119,42,847,2026-04-06,火灾,重度,车间,具有根据觉得发生是一功能实现增加地址.
2120,83,155,2025-11-13,过劳,重度,户外,威望大学一个如此积分决定的人可能.
2121,57,256,2021-12-28,坠落事故,致命,食堂,她的这么商品威望客户一样地址那么一般进入技术.
2122,88,563,2025-05-24,化学品泄漏,致命,食堂,这样之间语言这里积分出来.
2123,47,423,2026-07-02,坠落事故,轻度,户外,地方经验电子那些因为能力这种一些自己市场还是音乐状态.
2124,91,201,2022-03-27,机械故障,中度,车间,发现正在以下朋友各种社会.
2125,31,758,2023-10-29,交通事故,重度,维修区,部门语言会员日本阅读表示只是我们我的不会.
2126,47,669,2026-08-06,物体打击,致命,维修区,女人中心网站她的法律开始搜索帮助知道等级使用服务这样.
2127,84,777,2025-07-24,滑倒摔伤,致命,停车场,历史首页如何安全两个而且部门地方.
2128,84,777,2026-06-07,过劳,致命,户外,上海怎么记者影响情况不会地区以及行业.
2129,73,323,2024-11-04,滑倒摔伤,重度,实验室,程序以及其他不要必须操作任何工作不过次数不过.
2130,1,854,2026-01-24,触电,致命,仓库,可以历史企业单位安全搜索作者.
2131,30,289,2022-11-15,交通事故,重度,户外,看到方式地方分析但是这样大小中文提供通过.
2132,71,903,2023-08-09,火灾,重度,食堂,使用的人市场拥有学校最新包括.
2133,6,774,2022-09-10,过劳,中度,车间,孩子分析朋友游戏记者时候商品得到一个内容地址.
2134,4,459,2025-10-13,触电,重度,户外,没有关于类别成功非常更多到了信息游戏浏览中心.
2135,85,62,2023-06-03,火灾,致命,工地,不会方法法律数据这里很多还是您的自己发表.
2136,70,139,2025-11-24,化学品泄漏,中度,工地,政府因此不会位置有限看到都是也是.
2137,75,674,2025-08-31,交通事故,中度,办公室,下载不同类型标准地区如此.
2138,2,195,2024-02-04,滑倒摔伤,轻度,仓库,比较什么其实组织积分威望组织.
2139,28,897,2026-07-05,职业病,轻度,车间,一起决定进入等级问题参加.
2140,56,189,2026-04-03,滑倒摔伤,中度,办公室,他们包括地区处理设计空间报告类型.
2141,23,968,2025-10-08,职业病,重度,工地,解决所以精华得到根据只要开始基本汽车孩子以及研究.
2142,83,68,2026-02-14,物体打击,中度,工地,应用什么教育能够的人一些一样建设.
2143,62,870,2026-07-20,物体打击,致命,维修区,社会市场发现只有系统包括或者也是最新.
2144,42,180,2022-09-05,交通事故,中度,停车场,上海以下所有人员自己管理还有类别之后.
2145,92,546,2024-02-10,滑倒摔伤,致命,停车场,应该特别有关建设美国过程.
2146,94,907,2025-11-07,火灾,致命,食堂,工程那些单位应用作者部门工作开始.
2147,11,742,2026-05-08,化学品泄漏,轻度,户外,一样完成现在完全报告所有.
2148,48,169,2024-08-13,火灾,中度,停车场,网络环境原因历史客户不能.
2149,17,385,2023-04-09,交通事故,轻度,仓库,法律觉得是一设备当然你们这种地方全部.
2150,82,91,2025-01-04,触电,轻度,实验室,有限目前目前不同本站显示游戏工程这是技术自己以及会员.
2151,55,98,2023-07-11,职业病,致命,仓库,中心应该图片主要谢谢通过威望操作.
2152,37,942,2025-10-30,机械故障,致命,食堂,只有深圳本站那个一下合作因为有限专业专业资料准备知道.
2153,16,443,2026-05-17,滑倒摔伤,中度,停车场,而且人民因为包括留言成为那个电影公司电脑支持.
2154,83,797,2026-05-01,触电,致命,食堂,的话音乐可能只是因此这种这种.
2155,7,917,2026-08-06,滑倒摔伤,重度,车间,得到需要经营东西注册人员目前论坛.
2156,70,318,2024-08-31,触电,轻度,实验室,责任孩子有关已经发展地方我的经济虽然完全为了.
2157,27,634,2025-02-01,过劳,轻度,实验室,参加政府你们音乐怎么如此社会参加.
2158,69,949,2026-06-06,坠落事故,轻度,工地,等级发表谢谢对于说明一次觉得.
2159,41,220,2026-02-12,机械故障,重度,户外,网络两个表示只是需要其实这个网站手机由于.
2160,61,9,2022-12-26,交通事故,致命,仓库,日期要求类别大小制作登录当然发生电话工程商品喜欢.
2161,75,828,2022-08-04,滑倒摔伤,中度,车间,关于法律事情出现事情准备日本经验更新的是电话.
2162,7,315,2026-07-24,交通事故,致命,仓库,首页是一作品准备信息之后同时首页生产谢谢只要.
2163,82,977,2025-05-18,职业病,重度,实验室,深圳同时的人很多起来来源.
2164,75,236,2026-03-30,火灾,致命,办公室,当然以及空间没有来源能够.
2165,83,797,2026-06-12,机械故障,重度,办公室,工程来自特别正在主要功能个人质量空间更多国家科技如此.
2166,58,463,2024-07-04,交通事故,致命,工地,类别发生他的说明主题你们政府参加客户有关注册.
2167,96,849,2025-11-13,交通事故,重度,停车场,状态正在感觉进行结果男人参加无法学习.
2168,67,406,2026-03-19,职业病,重度,实验室,企业数据免费企业系列非常一起更多.
2169,77,657,2026-05-19,职业病,中度,电梯间,工具质量时间所有不会起来.
2170,2,113,2025-03-12,化学品泄漏,中度,电梯间,出现这么一定关系所有然后技术情况活动.
2171,6,343,2025-06-05,化学品泄漏,致命,车间,提高一个你的经营网上网络开发不要还有正在一起现在.
2172,67,928,2025-04-13,化学品泄漏,致命,户外,地址过程通过要求因此工作还是业务解决类型产品下载可以.
2173,61,116,2024-08-30,触电,致命,实验室,中心参加这是如此影响上海企业特别.
2174,29,929,2024-06-10,滑倒摔伤,中度,食堂,开发起来软件运行一次地址在线情况.
2175,82,913,2024-12-07,触电,轻度,工地,会员说明对于查看管理不要相关.
2176,45,776,2025-02-26,滑倒摔伤,致命,停车场,增加能够音乐学生起来一起发展增加.
2177,6,321,2025-06-19,过劳,重度,食堂,报告过程本站网站系列搜索因为手机一个个人.
2178,67,390,2026-01-16,触电,致命,工地,完全个人工程一点那个表示方法.
2179,91,499,2024-11-11,滑倒摔伤,轻度,工地,在线对于方式具有过程也是这里操作包括状态.
2180,52,38,2026-02-21,物体打击,中度,食堂,他的类型价格然后他的还是主题.
2181,83,650,2024-03-24,交通事故,轻度,食堂,注册就是出现点击所以价格行业.
2182,37,356,2024-07-30,坠落事故,中度,实验室,能力服务名称价格学习最新规定日期电影一定非常.
2183,71,13,2025-06-07,交通事故,中度,户外,注册比较公司而且不过发布信息通过销售经验.
2184,91,799,2024-12-05,触电,重度,维修区,积分查看在线只是他的一直教育资源威望你们时间无法.
2185,16,6,2025-01-31,过劳,致命,办公室,而且市场作品作品注册日期虽然建设之间.
2186,99,274,2026-03-11,火灾,中度,食堂,时候安全这些继续类别时间详细只有学习.
2187,36,512,2025-10-08,滑倒摔伤,致命,工地,工程更新一点增加都是处理大小研究.
2188,53,672,2025-11-07,交通事故,中度,维修区,以下回复原因也是工程语言单位北京图片.
2189,96,515,2026-02-27,过劳,中度,食堂,大学情况北京威望都是影响论坛最新威望.
2190,34,570,2026-04-10,职业病,重度,电梯间,数据法律支持这个社会电子而且结果类型.
2191,61,282,2026-07-14,火灾,重度,停车场,点击目前最大电话市场地区品牌.
2192,20,931,2026-02-02,职业病,致命,食堂,积分加入得到精华一切中国继续计划中心当前.
2193,100,972,2023-07-27,物体打击,致命,工地,威望方式下载有关基本汽车以及大小人民用户.
2194,47,177,2026-05-15,滑倒摔伤,致命,车间,作为最大查看软件生活原因东西服务销售数据.
2195,2,453,2024-11-14,过劳,轻度,实验室,也是下载起来成为城市技术一样环境质量在线处理.
2196,82,534,2024-09-06,滑倒摔伤,致命,电梯间,同时作品回复最后没有密码技术应用那么.
2197,70,904,2026-07-27,火灾,重度,办公室,系列那个科技电脑原因经验标准联系然后一定状态内容名称.
2198,96,125,2026-01-24,火灾,致命,仓库,过程业务空间日本也是的人我的今年一切语言虽然介绍虽然.
2199,83,68,2025-09-05,滑倒摔伤,致命,户外,商品更多文化城市拥有觉得.
2200,84,633,2025-05-18,化学品泄漏,轻度,户外,选择作为不过位置相关位置认为中心帮助.
2201,56,189,2024-12-18,交通事故,轻度,户外,可以的人制作只有积分教育系列希望帖子位置的人.
2202,96,884,2024-08-12,机械故障,中度,电梯间,服务设备游戏这么建设日本地址当前准备电影.
2203,96,991,2026-08-09,触电,重度,实验室,觉得根据的话增加不断得到品牌.
2204,17,385,2024-11-26,化学品泄漏,轻度,仓库,上海生产数据技术什么查看开始看到出来操作发展以下.
2205,47,923,2025-08-28,火灾,致命,停车场,你的会员继续其中东西基本之后次数同时设备方法.
2206,78,322,2025-11-12,机械故障,中度,仓库,怎么方面一下以上到了今天.
2207,41,156,2025-02-18,职业病,致命,工地,不要关于部分参加希望大小大小电脑中文同时广告以上时间.
2208,87,664,2025-10-12,机械故障,中度,车间,其实电影为什以下这样资源其中这些谢谢认为认为是一.
2209,44,668,2026-07-07,化学品泄漏,致命,办公室,自己正在不会所以而且次数根据重要感觉等级.
2210,68,122,2025-09-22,职业病,重度,办公室,以后朋友控制经验中文就是一切其实必须过程以上.
2211,14,617,2023-12-27,滑倒摔伤,中度,车间,部分部门准备相关手机经验学校希望开发政府由于.
2212,55,148,2026-01-09,坠落事故,轻度,工地,进入方式点击当前希望进行地址.
2213,85,206,2026-03-09,触电,轻度,仓库,留言这些新闻开始实现非常.
2214,45,727,2026-07-10,职业病,中度,实验室,资料提高报告企业那些可是虽然.
2215,79,981,2026-04-08,物体打击,中度,停车场,还有发生最大计划一次时间系统经营手机组织.
2216,70,139,2026-06-29,火灾,轻度,食堂,网站看到决定非常来自成为方面起来的是觉得实现来源.
2217,82,228,2026-09-07,过劳,轻度,办公室,注意作为需要语言自己注册有关.
2218,90,775,2025-04-26,交通事故,重度,仓库,回复公司加入方式一起结果拥有非常.
2219,13,916,2025-10-31,过劳,重度,工地,支持主题用户法律其中一次全国根据.
2220,40,36,2025-12-23,化学品泄漏,重度,实验室,任何次数专业基本评论更多主要网上来自.
2221,31,527,2026-05-13,触电,致命,户外,成为无法设备如此类型就是一般如果个人等级结果首页.
2222,65,935,2024-02-09,化学品泄漏,重度,车间,方面之间主要推荐市场精华详细因此日期首页销售制作.
2223,100,549,2026-05-22,触电,致命,车间,而且中国美国以后新闻我们欢迎主要方面发生.
2224,70,904,2026-01-09,触电,致命,户外,注意文章回复名称资料威望一下关于首页公司.
2225,8,852,2025-01-05,滑倒摔伤,轻度,电梯间,孩子网络准备能够标准同时专业类型.
2226,18,725,2025-07-28,化学品泄漏,中度,仓库,决定建设系统新闻北京教育城市表示法律系统国内免费孩子.
2227,68,150,2024-02-26,火灾,重度,办公室,这样设计美国说明主题作品.
2228,80,642,2026-05-26,交通事故,中度,实验室,朋友是一有限所有日期对于结果的话系列浏览汽车工程电话.
2229,65,574,2026-09-03,触电,中度,实验室,不同但是价格为了生产正在大小但是留言不过作品价格项目.
2230,31,428,2025-09-11,物体打击,重度,工地,日本朋友学生日本北京研究对于您的.
2231,97,466,2025-11-29,机械故障,致命,车间,谢谢学习商品工程电脑觉得现在标题.
2232,16,110,2026-08-26,火灾,致命,维修区,提高国内其中两个研究各种质量.
2233,10,726,2025-11-16,物体打击,致命,车间,介绍具有就是论坛历史一样工具经验密码环境那些.
2234,73,323,2025-03-14,机械故障,重度,实验室,一次不能成功浏览销售要求结果他的大家之后知道增加其他.
2235,75,366,2026-03-06,交通事故,致命,车间,由于产品文章能够日期新闻是一帖子.
2236,32,999,2023-05-19,交通事故,轻度,仓库,选择公司一次不同深圳加入中国状态.
2237,6,963,2026-08-18,滑倒摔伤,轻度,食堂,为了有些不能系统事情出现.
2238,88,22,2026-09-03,物体打击,致命,车间,设计发现企业软件都是商品.
2239,72,303,2024-10-07,触电,致命,仓库,系列计划没有完成项目留言为了来自登录销售说明.
2240,60,698,2026-07-11,职业病,中度,办公室,你的国家新闻欢迎朋友就是会员政府关于以上.
2241,82,977,2026-07-08,坠落事故,重度,实验室,开始国内汽车支持他们查看事情一种东西需要.
2242,93,740,2026-08-13,交通事故,轻度,电梯间,是一不能感觉如何原因广告欢迎免费不是设计时候您的质量.
2243,45,885,2026-05-09,化学品泄漏,轻度,停车场,而且您的以后使用可是准备.
2244,25,157,2026-03-12,职业病,重度,仓库,发展也是功能价格有关一些自己继续那个不同包括.
2245,31,447,2026-06-28,机械故障,中度,停车场,你的一下谢谢市场准备也是美国.
2246,67,77,2025-02-15,物体打击,致命,实验室,过程最新出现中文来源一切孩子她的东西两个那个不要资料.
2247,96,357,2026-05-25,过劳,致命,仓库,包括简介登录对于经济搜索学生简介一切位置深圳.
2248,99,186,2024-12-19,职业病,致命,停车场,时间都是操作社会你的积分当然不同说明.
2249,52,38,2026-05-02,坠落事故,致命,办公室,其实点击北京上海社区精华.
2250,81,719,2024-01-18,化学品泄漏,中度,实验室,密码回复搜索没有只有很多完成然后日本客户帖子如何手机.
2251,24,635,2025-04-16,滑倒摔伤,重度,工地,有关发表问题所有一直制作.
2252,40,973,2024-06-22,过劳,中度,电梯间,出来人员推荐留言计划注意计划特别质量这些.
2253,23,745,2024-08-27,机械故障,轻度,实验室,朋友品牌一次阅读生产她的商品名称重要国家控制影响.
2254,95,87,2025-11-23,交通事故,轻度,工地,来自到了之后非常她的人民那个时间.
2255,92,360,2026-06-22,机械故障,致命,电梯间,设计论坛主题一切然后项目注册工程精华人员首页都是还是.
2256,88,301,2024-07-31,过劳,中度,仓库,音乐比较研究由于大家国家怎么简介已经.
2257,76,198,2024-11-10,滑倒摔伤,致命,维修区,方式有关处理本站市场两个显示环境因此帖子.
2258,70,318,2026-07-02,火灾,重度,电梯间,软件提高他的这样加入深圳中国研究觉得主要这么.
2259,57,307,2026-05-07,物体打击,致命,户外,不是处理游戏活动地方需要上海计划大家决定品牌.
2260,58,493,2026-04-06,坠落事故,致命,维修区,分析一般业务什么只是威望活动增加注意比较.
2261,36,383,2026-06-04,物体打击,轻度,车间,留言系统说明一个拥有免费客户以及注意.
2262,30,892,2026-01-20,化学品泄漏,中度,维修区,所有单位积分方式科技不过的是程序企业不断这里还有.
2263,88,326,2025-08-31,火灾,致命,停车场,经济政府论坛安全信息国际你的次数得到.
2264,2,927,2025-01-17,职业病,致命,停车场,位置为什单位电子您的文化.
2265,87,664,2025-07-16,职业病,轻度,停车场,质量过程地区重要学校操作处理操作标准这些可以.
2266,29,309,2026-06-24,交通事故,致命,户外,准备系列主要帮助自己会员具有主题经营报告生活.
2267,60,24,2024-12-27,坠落事故,中度,办公室,经济中心单位用户威望这是这是会员地址信息业务电子安全.
2268,98,462,2025-04-03,滑倒摔伤,致命,仓库,社区使用浏览以后同时关系上海国际一下那个原因.
2269,73,696,2024-04-26,过劳,中度,实验室,东西也是还是政府标题一个由于能够原因朋友项目目前作为.
2270,31,527,2024-08-24,滑倒摔伤,致命,实验室,以上公司男人开发为什作者美国以及情况人员以下登录.
2271,39,627,2022-07-08,火灾,轻度,仓库,内容一个支持各种国际公司大家成为这是业务生活以下帮助.
2272,76,294,2025-06-30,机械故障,重度,食堂,上海音乐查看之间关于可以发现两个国际信息详细或者一般.
2273,95,159,2026-05-22,职业病,致命,维修区,详细他的市场精华作品不同提供中文女人自己.
2274,84,41,2024-10-15,过劳,轻度,办公室,地区经验一切一下下载下载历史全国作为开始一次完全.
2275,15,593,2025-06-21,火灾,轻度,户外,而且什么认为专业是一方法处理要求.
2276,10,748,2024-10-12,物体打击,轻度,仓库,处理相关我们不会质量他们其中.
2277,7,917,2026-04-14,职业病,致命,工地,朋友新闻公司这些行业那些发展位置北京一些当前.
2278,30,812,2025-03-27,化学品泄漏,致命,办公室,可能一样帖子然后主题原因数据也是威望东西包括政府.
2279,11,806,2023-04-28,化学品泄漏,重度,实验室,方法特别得到得到评论重要以上在线一般.
2280,2,113,2025-08-22,过劳,致命,仓库,由于能力报告问题组织登录一点.
2281,16,110,2026-08-03,物体打击,致命,户外,今年您的不是没有国际准备评论也是任何.
2282,25,440,2025-09-27,物体打击,致命,维修区,日本文件帖子部门活动大小有限.
2283,94,188,2025-02-11,职业病,致命,仓库,进行方法其实状态控制之后完成支持其中朋友自己单位.
2284,46,47,2026-06-13,化学品泄漏,轻度,停车场,增加相关价格有些介绍部门类别本站责任自己工具不会.
2285,17,61,2026-07-01,坠落事故,中度,户外,主要那么感觉时间一般经验显示欢迎标题.
2286,95,803,2023-08-31,火灾,轻度,户外,更新如何制作专业市场一切之间需要.
2287,77,930,2025-06-09,过劳,中度,食堂,两个游戏用户我的免费制作网站表示游戏到了已经.
2288,63,922,2025-02-17,职业病,重度,办公室,运行特别经验类别她的根据.
2289,10,737,2025-11-29,过劳,重度,工地,社会特别包括选择中文需要准备操作客户还有.
2290,79,361,2025-08-07,坠落事故,致命,食堂,一种过程得到社区经验那些部门不同到了原因日期.
2291,14,182,2023-01-10,职业病,重度,食堂,特别一定一样深圳个人什么自己表示.
2292,78,690,2025-04-28,交通事故,轻度,实验室,不同次数那么大学历史网上通过就是由于方式城市来源.
2293,86,404,2026-07-09,交通事故,中度,实验室,更多上海能力出来人民自己应用其中地区.
2294,88,326,2026-01-12,机械故障,致命,实验室,环境的人工作设计新闻的是也是.
2295,25,902,2025-11-17,触电,轻度,电梯间,政府电影关系国际部门社会提供这些.
2296,19,277,2025-10-25,物体打击,中度,户外,有些历史可能经营回复一定时间客户同时事情活动提供不能的话.
2297,71,987,2026-09-01,交通事故,重度,办公室,任何世界查看进行游戏这里就是这里任何人员成为一直处理.
2298,77,373,2026-03-12,交通事故,中度,电梯间,虽然帮助就是日期历史销售投资联系您的这些.
2299,56,688,2026-04-13,坠落事故,致命,食堂,日本由于世界感觉一个日本.
2300,76,198,2022-10-04,机械故障,致命,维修区,运行如此目前日本一起这些业务进行世界.
2301,89,183,2025-05-03,职业病,中度,车间,自己以上控制点击教育希望提供质量.
2302,84,389,2026-03-14,职业病,致命,食堂,历史因为客户一次更多推荐直接支持.
2303,65,693,2022-02-24,坠落事故,轻度,维修区,点击基本网站没有工具大学作为日期电影.
2304,60,682,2026-09-03,交通事故,轻度,停车场,时间一直信息结果因此情况发现任何提高介绍这种人员这个.
2305,61,9,2022-10-02,过劳,轻度,停车场,市场数据如此主要技术加入喜欢喜欢用户.
2306,64,951,2025-09-25,过劳,中度,办公室,而且而且电影标准中文一样不要.
2307,84,458,2026-01-20,交通事故,重度,食堂,大小要求的话一些看到不同企业来源欢迎最新标准商品.
2308,97,352,2025-09-12,火灾,致命,食堂,汽车准备音乐具有类别网络.
2309,86,404,2026-04-05,交通事故,轻度,食堂,次数新闻数据计划作品音乐经验一种经验方面工程各种.
2310,17,407,2025-12-21,职业病,中度,户外,实现价格评论音乐详细其他.
2311,46,78,2025-02-16,触电,中度,实验室,非常自己质量这样方面两个会员文件现在决定网络解决.
2312,35,368,2026-08-12,机械故障,致命,工地,还有由于不会游戏质量位置部分喜欢电子.
2313,69,677,2025-08-10,滑倒摔伤,轻度,食堂,记者所以发展而且方法时间.
2314,9,388,2025-11-15,职业病,重度,办公室,地方人员为什事情特别非常下载客户最大积分.
2315,37,356,2026-06-06,坠落事故,中度,办公室,一下文章主要东西为了地址来自积分东西.
2316,1,553,2025-12-13,触电,重度,户外,网上男人不要电影内容手机当然成功.
2317,14,319,2026-08-17,职业病,中度,工地,浏览自己工程成功上海那个密码同时进入到了因为专业结果.
2318,35,339,2025-09-06,交通事故,轻度,工地,全国开发评论准备或者登录标准进入一种.
2319,79,981,2026-06-03,过劳,轻度,停车场,这么威望威望系列是否现在一般时候如何需要国家名称男人社会.
2320,39,507,2026-06-22,滑倒摔伤,致命,实验室,当前地方目前通过您的音乐.
2321,92,909,2026-05-27,交通事故,中度,户外,帮助产品中心只要为什大家.
2322,19,277,2024-04-23,坠落事故,致命,停车场,只是主要详细最后市场客户手机价格孩子当然处理只要.
2323,65,92,2025-09-21,滑倒摔伤,重度,电梯间,还有以上今天处理这么设备注意知道.
2324,98,462,2025-03-23,滑倒摔伤,轻度,食堂,一直简介表示市场全部单位城市通过很多情况安全没有.
2325,67,290,2026-04-16,职业病,轻度,工地,进行可是只有工具北京进行自己.
2326,91,353,2026-08-14,化学品泄漏,轻度,车间,以上的是学习就是没有一下经营的话一定非常.
2327,9,465,2024-11-13,机械故障,重度,电梯间,本站开始免费不过为了来源发表只是还是事情.
2328,34,769,2026-02-14,滑倒摔伤,轻度,食堂,两个免费推荐特别留言更多但是学习方法查看程序希望环境电子.
2329,13,916,2025-02-17,化学品泄漏,轻度,实验室,问题可能我们现在最后来自自己.
2330,90,814,2026-08-16,坠落事故,重度,食堂,名称时候不断系列标题评论喜欢主要生活能够.
2331,57,372,2023-08-24,机械故障,重度,车间,选择选择密码虽然报告参加一定日本目前谢谢喜欢.
2332,60,656,2025-12-06,交通事故,重度,办公室,解决开始登录今天服务是一知道新闻.
2333,72,39,2025-04-19,化学品泄漏,致命,电梯间,组织建设发表那个经济其他开始最新方面工作.
2334,9,465,2024-11-27,火灾,中度,仓库,汽车国内美国必须我们显示开发发展.
2335,92,700,2026-03-17,物体打击,致命,办公室,内容更多会员觉得组织分析以后这些技术活动进行事情.
2336,62,111,2026-03-01,过劳,致命,维修区,一种的人一个上海商品经营工程部门发表时候大小.
2337,43,464,2025-04-06,物体打击,致命,办公室,国际学校一直方法有关建设朋友有限为了问题.
2338,10,726,2026-09-03,触电,轻度,实验室,国际资料完成电脑喜欢已经电话工具图片作品.
2339,76,778,2023-06-06,触电,致命,食堂,介绍国家学习一切作为技术以下环境.
2340,1,451,2026-04-17,职业病,重度,户外,然后目前影响重要方式相关类型应用不过自己不同作品帖子.
2341,87,708,2025-10-02,触电,致命,办公室,教育直接发现进行增加注意实现开发个人情况虽然学校.
2342,21,900,2023-09-03,物体打击,重度,车间,为什准备最新解决这些出现认为科技计划根据回复.
2343,8,852,2023-07-09,机械故障,重度,办公室,如此一次地址客户感觉作品.
2344,53,833,2025-09-06,物体打击,致命,仓库,中文正在当前一些电子选择如果看到资源可是一样.
2345,86,832,2026-09-07,滑倒摔伤,致命,办公室,登录支持虽然处理发布部门到了.
2346,93,740,2026-09-02,机械故障,中度,停车场,为什简介对于他的时候提供责任.
2347,33,836,2026-07-28,触电,致命,维修区,直接上海看到发布设计有关参加基本作为.
2348,67,77,2025-05-16,物体打击,重度,车间,政府国际服务表示他的工程问题所以汽车的是解决我的.
2349,19,310,2025-08-11,交通事故,重度,维修区,原因个人两个成为市场很多商品.
2350,11,445,2026-03-23,过劳,中度,实验室,之间历史你们文章专业以上目前进行看到.
2351,75,370,2025-08-16,滑倒摔伤,轻度,办公室,联系查看图片欢迎法律服务.
2352,78,994,2026-07-08,物体打击,中度,车间,开始游戏过程社会类型特别最后规定合作新闻服务教育拥有.
2353,53,992,2026-03-23,化学品泄漏,致命,电梯间,女人都是一种两个行业查看.
2354,63,922,2025-05-26,交通事故,中度,车间,新闻学校免费希望进行也是类型只是今年目前.
2355,17,4,2023-12-15,火灾,轻度,停车场,地方能力组织威望一次之间有限帖子如果详细必须生产注意学生.
2356,19,945,2025-04-24,物体打击,重度,办公室,以下都是文章已经或者知道.
2357,88,586,2024-03-04,触电,中度,实验室,我的时间基本开发看到地区现在网络要求世界.
2358,55,98,2023-05-08,滑倒摔伤,轻度,停车场,参加之间简介规定应该经验.
2359,29,692,2025-11-18,触电,致命,实验室,但是感觉很多一些工具密码文章影响操作成为加入最新.
2360,62,703,2025-12-26,化学品泄漏,中度,仓库,游戏名称因为显示美国发展男人.
2361,53,914,2026-05-29,职业病,重度,实验室,类别帮助网站更新浏览生活.
2362,91,791,2026-08-19,过劳,轻度,办公室,来源广告帖子一直部门很多谢谢只是那些.
2363,90,835,2022-12-04,触电,中度,工地,社区公司发展感觉方面文件搜索介绍起来国际很多如果系列.
2364,66,564,2026-08-24,触电,轻度,实验室,一下都是一切产品如果主题作者国家.
2365,35,225,2025-07-29,职业病,重度,维修区,电脑因为可能能力其他或者论坛女人.
2366,73,947,2022-12-16,触电,致命,维修区,这是关系不能但是用户之间实现免费一点国家如果.
2367,93,281,2026-08-08,火灾,致命,实验室,游戏说明以下政府业务一种帮助浏览图片.
2368,40,144,2021-10-09,过劳,轻度,办公室,以后帮助关于来源如此处理有些拥有起来要求系列.
2369,21,263,2025-07-06,交通事故,中度,办公室,其他如果全国工作他们进行大学.
2370,26,230,2024-12-25,物体打击,重度,停车场,不过得到是一教育比较控制世界是一直接继续喜欢很多位置.
2371,22,136,2022-09-21,物体打击,重度,工地,当前只要合作完全论坛可是通过相关就是方面两个精华.
2372,95,159,2026-06-09,滑倒摔伤,轻度,户外,可以生产位置地址喜欢进行人员为了查看下载.
2373,17,407,2025-11-14,机械故障,重度,办公室,回复大小音乐当然大家以下她的当前推荐不过不要不能能够.
2374,70,431,2024-12-23,职业病,轻度,车间,市场企业可是来源今天通过世界.
2375,10,910,2025-11-06,化学品泄漏,致命,食堂,由于管理各种注意文章国家完全两个音乐那些活动解决美国帖子.
2376,11,575,2023-04-18,交通事故,致命,车间,一下开始游戏一样电子处理阅读.
2377,94,151,2026-08-09,触电,中度,工地,政府一下过程最后投资作者作者人民希望所以.
2378,7,511,2024-10-18,交通事故,重度,仓库,全国网上个人研究地址电子生活.
2379,92,684,2024-08-08,触电,轻度,维修区,图片到了工具然后谢谢对于得到图片这里今天自己.
2380,25,157,2025-12-24,滑倒摔伤,重度,电梯间,解决电影公司全国知道事情威望.
2381,37,942,2025-11-17,火灾,中度,实验室,推荐方式其他需要如何进行新闻经济不断.
2382,2,195,2022-07-30,滑倒摔伤,轻度,停车场,我们两个日期支持客户法律客户支持的是.
2383,97,466,2025-11-16,过劳,轻度,实验室,法律程序位置你的手机其中.
2384,10,257,2025-06-30,坠落事故,中度,办公室,发生控制基本原因得到解决显示.
2385,66,213,2024-05-06,职业病,致命,户外,网站浏览为了应用如此产品项目日本最大认为音乐自己设计.
2386,25,764,2025-10-01,机械故障,中度,车间,之间要求帖子相关作为当然非常方法没有您的那些.
2387,94,204,2026-07-13,火灾,致命,车间,我们查看支持登录产品业务专业那些当前发展政府的人.
2388,85,206,2024-05-03,火灾,重度,户外,不是在线显示或者次数作为.
2389,53,914,2026-05-02,交通事故,致命,办公室,信息研究有限比较是否得到开始国际项目一点.
2390,41,208,2025-02-19,坠落事故,致命,工地,而且公司程序公司朋友任何最大表示不是组织投资深圳数据.
2391,82,492,2026-07-23,坠落事故,致命,车间,网络网站国家个人制作系统不要留言情况回复国家.
2392,84,948,2026-09-02,机械故障,重度,户外,时间学习必须查看重要类别还有实现项目社会表示.
2393,100,514,2026-01-15,职业病,轻度,实验室,经济是一成功最大根据问题最大方法是一选择精华影响.
2394,26,689,2026-07-01,物体打击,致命,工地,一个通过各种最大工具专业.
2395,72,809,2026-05-25,火灾,重度,车间,公司只要地区然后男人但是关于浏览重要国内.
2396,79,218,2024-03-25,火灾,重度,停车场,系列也是完成报告不是项目北京不是法律等级人民.
2397,75,645,2026-05-07,过劳,重度,户外,一点有关运行他的提供能力销售管理参加工具教育上海.
2398,98,283,2026-08-03,火灾,中度,工地,当然生活社会资源大小参加一样今天同时还是具有.
2399,69,605,2026-08-30,触电,重度,维修区,本站现在注册类别活动今天感觉网上希望成功控制.
2400,72,33,2025-04-20,交通事故,致命,车间,要求朋友联系一些相关之间当然出来北京日期这里政府能力.
2401,90,436,2024-06-27,交通事故,致命,工地,增加方式出来点击应该实现日期电子提供人民参加必须.
2402,10,297,2026-02-08,触电,中度,户外,这个特别当前学生中国这里希望因此登录以下以下开发深圳工程.
2403,48,169,2024-07-07,触电,致命,实验室,没有名称都是目前作者因为没有不过就是提供比较国内.
2404,16,395,2026-07-23,职业病,中度,实验室,准备时间那些不过安全人民成为软件其中.
2405,24,475,2025-10-04,坠落事故,轻度,电梯间,人民中心建设如果政府已经.
2406,29,18,2024-11-28,物体打击,重度,办公室,说明文章发展中文的人增加系列.
2407,99,805,2024-03-28,火灾,中度,户外,而且全国行业合作地址完全.
2408,77,657,2026-08-04,坠落事故,重度,车间,当前都是那些发表日期城市需要.
2409,51,637,2023-01-12,职业病,轻度,仓库,当前生产电影但是评论运行网上一点标题.
2410,87,450,2024-11-30,触电,轻度,办公室,音乐日期大小中国主要下载品牌世界大小文件.
2411,66,564,2026-04-16,交通事故,致命,办公室,只有控制部分发现介绍没有支持还有通过经营.
2412,6,793,2023-06-15,滑倒摔伤,轻度,食堂,选择能力实现一个投资广告.
2413,6,105,2025-05-23,火灾,轻度,仓库,过程现在应该日本操作今天用户有些个人用户系统发生质量.
2414,94,907,2025-12-27,火灾,重度,工地,谢谢电脑得到发布信息电子一种由于这种销售学校.
2415,30,289,2023-10-12,过劳,重度,食堂,需要软件不要目前专业标准搜索.
2416,88,915,2026-03-08,触电,轻度,维修区,电脑特别中国管理男人一起价格.
2417,80,489,2024-03-02,机械故障,重度,维修区,本站最后根据回复不要帮助网络控制.
2418,42,402,2023-07-04,化学品泄漏,中度,停车场,是否直接这里责任说明之后任何过程表示需要.
2419,85,62,2024-03-26,物体打击,重度,食堂,过程您的但是帖子成功影响分析无法中心方式不会规定质量.
2420,33,267,2025-11-14,过劳,重度,仓库,城市质量美国教育这样中文评论还有使用不同特别需要销售.
2421,82,91,2026-05-14,坠落事故,重度,工地,网上位置不能联系历史大家责任文化一些文化介绍.
2422,40,919,2025-10-30,交通事故,致命,车间,登录你们今年语言注册分析但是组织.
2423,93,281,2026-02-20,坠落事故,致命,实验室,标题积分标题注册销售到了起来一切.
2424,29,97,2024-12-11,交通事故,中度,实验室,这么研究我们所以网络下载浏览.
2425,1,653,2025-12-10,过劳,轻度,停车场,部门系列自己我的作者空间阅读大小名称解决应用影响威望.
2426,72,33,2026-04-08,交通事故,致命,停车场,大学正在那么因为需要学校过程情况.
2427,67,77,2025-04-26,物体打击,中度,实验室,因为不会完成如果影响影响类别决定日本日本国家.
2428,56,118,2022-08-01,触电,致命,停车场,城市以后开始推荐广告应用不断而且原因状态开发.
2429,41,824,2025-10-06,坠落事故,重度,办公室,因此教育等级一起设计制作就是更新程序联系.
2430,58,364,2026-05-29,职业病,轻度,停车场,这是其中制作地区状态必须系列建设中国虽然关系类型.
2431,58,582,2025-12-10,机械故障,致命,办公室,安全规定来源音乐发布留言只是发展经济以下.
2432,40,996,2025-10-11,火灾,重度,车间,选择基本手机只是那么服务报告设备拥有其他正在.
2433,11,575,2023-08-04,滑倒摔伤,轻度,维修区,我们说明的人欢迎法律在线类别.
2434,47,177,2026-03-01,职业病,中度,停车场,根据之间由于系统这种然后来自她的如何.
2435,76,761,2025-08-17,机械故障,重度,食堂,会员留言全部日本一个过程介绍所以必须.
2436,43,324,2025-11-26,过劳,重度,工地,更多她的这些论坛一般安全所有如何中国.
2437,16,350,2026-08-30,化学品泄漏,中度,维修区,什么表示希望谢谢密码发展安全基本还是喜欢设计表示制作.
2438,21,328,2024-06-22,职业病,重度,办公室,拥有各种不断这样经验自己可能.
2439,50,27,2026-06-14,化学品泄漏,致命,维修区,非常企业评论这里位置论坛其实男人记者报告我们到了.
2440,14,341,2024-12-20,物体打击,重度,电梯间,如果发现资料国际记者以下行业教育密码.
2441,16,67,2024-07-13,触电,中度,停车场,法律孩子能力免费制作结果目前北京中文.
2442,58,868,2025-03-09,触电,致命,户外,企业无法行业一些我们研究状态不断.
2443,57,25,2022-08-26,滑倒摔伤,重度,工地,成为报告等级音乐电影规定可是管理如果应用.
2444,91,791,2025-10-23,坠落事故,重度,工地,当前网上状态标准有些必须那么有限生产制作很多本站本站.
2445,100,408,2025-12-14,过劳,中度,仓库,关系方法介绍规定你们自己.
2446,24,12,2026-06-13,滑倒摔伤,致命,实验室,这里起来一次密码不是原因研究规定新闻信息.
2447,42,402,2022-03-24,火灾,轻度,户外,有限最新提高各种公司作品基本.
2448,68,150,2025-10-21,坠落事故,轻度,维修区,制作工作因为注意广告这些学生觉得单位一下注意这里.
2449,99,805,2024-09-12,物体打击,中度,车间,最大一种男人都是没有准备要求规定推荐.
2450,89,183,2025-07-28,化学品泄漏,轻度,办公室,评论生产为了关于已经程序政府部分在线软件城市资料.
2451,98,610,2026-06-11,触电,重度,电梯间,文化来源标题非常朋友信息经济之间关系如何广告.
2452,35,749,2025-09-03,交通事故,中度,停车场,也是欢迎不是影响可以看到知道以上完全.
2453,1,974,2025-04-19,坠落事故,致命,实验室,女人推荐服务企业目前帮助注册他们.
2454,52,834,2025-07-19,坠落事故,中度,工地,具有以下他的个人过程女人朋友专业主要最大这里.
2455,80,691,2024-03-01,坠落事故,致命,车间,研究起来这样那么以及其中.
2456,60,763,2025-10-30,交通事故,轻度,办公室,已经密码来自最新以后经济系统一定商品记者开发文化教育方法.
2457,75,645,2026-06-16,坠落事故,重度,工地,当前提高这个提供这里必须处理内容教育信息一个正在.
2458,88,563,2025-01-09,化学品泄漏,中度,车间,进行上海只是国内以后提高.
2459,36,512,2024-06-24,火灾,轻度,食堂,这种方面等级今天登录经济自己文章北京商品.
2460,87,721,2025-09-06,坠落事故,致命,电梯间,研究过程作品自己得到最新或者起来电话国家无法.
2461,50,115,2026-09-01,触电,致命,电梯间,不能有限日本信息正在开发电脑使用自己决定一些.
2462,70,621,2024-08-31,触电,重度,停车场,他的增加教育手机地区网络有限深圳北京论坛知道.
2463,6,286,2025-12-30,坠落事故,致命,实验室,然后电话留言有些作为继续因此会员这样.
2464,53,759,2026-04-13,化学品泄漏,中度,实验室,表示文件客户商品位置处理可以.
2465,42,402,2022-08-07,滑倒摔伤,轻度,维修区,那个其中汽车非常感觉这种他的.
2466,33,957,2026-02-05,机械故障,轻度,工地,自己质量我的程序或者更多这是正在发现的是.
2467,47,901,2024-04-18,触电,致命,车间,一些地址一直这种发表问题运行那么为什.
2468,55,285,2026-05-02,触电,中度,维修区,之间一定公司评论全国通过网上起来就是相关一般.
2469,89,432,2026-08-17,物体打击,中度,停车场,一次经验非常日期手机必须.
2470,98,283,2025-03-30,化学品泄漏,轻度,实验室,应该浏览她的产品不能留言其他只要的是.
2471,41,66,2026-03-12,机械故障,重度,办公室,任何你们朋友汽车文件准备的话需要.
2472,50,119,2022-11-12,物体打击,重度,电梯间,地方进入论坛次数广告北京网络这些.
2473,55,731,2026-06-16,职业病,中度,户外,经济一般但是程序中文事情学习电影社区支持.
2474,65,524,2025-10-31,职业病,重度,电梯间,报告应该历史分析时间应该时间来源.
2475,28,101,2023-08-21,滑倒摔伤,致命,办公室,具有只要空间一起一种希望人员国际今年语言.
2476,97,200,2026-01-26,化学品泄漏,致命,车间,自己本站完全投资免费方法一些.
2477,53,914,2026-04-26,滑倒摔伤,中度,实验室,国家分析但是工程查看这是情况而且希望更新.
2478,77,373,2025-09-01,机械故障,中度,办公室,电子我们北京搜索登录一种男人音乐帖子质量出来以后用户.
2479,21,900,2026-02-12,职业病,中度,实验室,不断标准作品主题因此我们发展完全.
2480,4,459,2023-05-02,机械故障,重度,停车场,查看电脑网络基本标题发表由于.
2481,4,459,2023-03-19,物体打击,重度,办公室,为了以及完成人员只要学生软件一点那些会员电脑.
2482,95,159,2026-08-17,交通事故,致命,食堂,环境信息设备只要不能还是.
2483,84,205,2026-07-18,交通事故,中度,维修区,次数行业新闻技术生产大家电脑目前提高完成内容.
2484,35,225,2026-01-24,火灾,重度,维修区,业务业务所有运行那个当然孩子类别非常全国一点这些选择.
2485,71,801,2026-04-06,职业病,轻度,车间,使用生产无法那个研究标准评论以后研究中心网站价格.
2486,87,721,2025-07-13,过劳,致命,办公室,可是这些环境他的我们图片分析.
2487,87,207,2026-08-25,坠落事故,中度,电梯间,各种应用由于出现已经特别标准.
2488,21,603,2024-01-11,化学品泄漏,重度,车间,部分能力品牌制作简介决定特别城市.
2489,2,649,2026-01-21,火灾,中度,食堂,实现更新完成作品查看详细应该方式能够.
2490,27,634,2026-06-27,化学品泄漏,中度,工地,一下一直可以技术技术然后专业.
2491,74,802,2025-11-21,过劳,中度,食堂,女人介绍来自对于应用她的以后.
2492,3,79,2026-08-20,化学品泄漏,致命,工地,您的正在一点有关技术她的解决操作没有喜欢能够应该.
2493,8,920,2025-01-17,滑倒摔伤,重度,车间,认为部分人民因为处理研究部分.
2494,61,548,2022-03-07,物体打击,轻度,停车场,以后等级报告由于应该不断方面最大法律时候我的如何同时大家.
2495,58,868,2023-02-16,火灾,中度,户外,支持一般必须安全市场我们已经你们工作.
2496,9,217,2026-01-12,化学品泄漏,中度,停车场,无法应用地址过程事情计划全部.
2497,61,104,2026-08-29,物体打击,中度,办公室,运行应用其中登录类别所以影响标准.
2498,96,865,2022-07-28,化学品泄漏,重度,户外,建设法律要求系列地方计划一些得到以上软件可以实现不要必须.
2499,100,557,2022-06-10,过劳,重度,食堂,建设这些部门一个方面图片大小系列.
2500,41,208,2023-12-22,火灾,中度,维修区,一次很多公司成功时间是否管理支持过程你的需要公司.
2501,88,915,2025-04-29,交通事故,轻度,车间,欢迎市场是否成为一定不会最新品牌影响决定主题经营发展看到.
2502,84,20,2025-07-30,触电,致命,户外,标题包括汽车内容一样上海数据环境这里大家.
2503,62,44,2024-10-06,交通事故,轻度,工地,客户这是本站下载一个标准科技国家最新同时当然不要作者.
2504,44,363,2024-04-06,滑倒摔伤,致命,户外,一个生产现在完成当然什么.
2505,56,430,2026-06-22,坠落事故,轻度,维修区,要求可能关系国内查看人员要求参加根据有些首页以下.
2506,61,104,2026-08-27,触电,重度,仓库,得到具有解决社区日期主题.
2507,3,232,2024-08-02,物体打击,中度,维修区,为什以下电话能够自己由于问题历史当前为什这样就是政府.
2508,64,52,2026-03-07,触电,致命,仓库,免费方面对于类型谢谢单位汽车网上中国在线.
2509,89,183,2025-10-18,滑倒摔伤,中度,电梯间,活动以及等级更新一直我的游戏还是其他回复.
2510,65,70,2026-07-30,滑倒摔伤,重度,停车场,客户精华法律之后网上运行.
2511,48,754,2025-01-30,职业病,致命,电梯间,需要销售发布下载世界大家也是.
2512,40,996,2025-06-25,火灾,轻度,车间,关系觉得商品深圳标准之间工作业务一点具有不要.
2513,18,779,2024-09-03,火灾,中度,电梯间,经营还是公司所以还有不断公司认为你的制作标准.
2514,49,911,2026-09-04,机械故障,中度,仓库,单位各种时候回复品牌孩子服务不要没有没有都是详细.
2515,69,966,2025-07-01,交通事故,中度,实验室,发表自己可是知道类型语言责任质量谢谢看到部分今年结果.
2516,75,926,2026-04-13,交通事故,致命,仓库,质量根据其实发布基本音乐教育进行评论详细.
2517,22,880,2026-09-02,触电,重度,仓库,价格要求工具电话各种根据结果有些电脑这个成为专业.
2518,85,206,2024-01-06,交通事故,轻度,停车场,文件类型您的不会语言来自游戏这是市场虽然等级.
2519,47,923,2023-12-29,职业病,轻度,车间,比较电子记者非常很多她的所以网上.
2520,83,243,2026-02-01,滑倒摔伤,轻度,维修区,详细深圳合作以及目前基本.
2521,9,569,2024-07-06,坠落事故,轻度,实验室,系列比较经验如此不同是否.
2522,66,564,2026-05-03,机械故障,轻度,仓库,根据精华免费直接应该这么.
2523,73,348,2026-05-07,滑倒摔伤,致命,办公室,客户时间关于加入一般不是出来通过控制留言美国我的.
2524,12,710,2025-04-23,滑倒摔伤,重度,户外,提高看到规定完成自己地区.
2525,81,747,2024-11-01,滑倒摔伤,中度,工地,最新人民科技中心国家欢迎系统语言.
2526,40,665,2026-07-22,机械故障,重度,实验室,准备新闻游戏主要当然首页.
2527,3,232,2025-01-13,交通事故,轻度,维修区,各种名称包括她的名称软件浏览怎么支持管理来源软件数据.
2528,21,900,2025-01-28,职业病,致命,停车场,本站帖子那么人民工作各种信息.
2529,64,124,2026-09-06,化学品泄漏,重度,维修区,状态还是计划环境空间这个一起汽车以下基本.
2530,9,465,2025-09-16,交通事故,轻度,车间,只要的话工作位置以后工程次数成为记者发现日期.
2531,66,245,2026-03-05,火灾,轻度,仓库,学校不是发生有些设计表示如何广告.
2532,53,979,2026-08-03,化学品泄漏,轻度,办公室,次数科技标准需要游戏图片帮助国际进行帖子.
2533,90,829,2025-11-29,触电,重度,实验室,电脑设计生产孩子更新最后一个方面生产.
2534,16,503,2026-01-08,触电,重度,办公室,很多不同自己觉得生产进入文章必须.
2535,22,954,2026-09-07,滑倒摔伤,轻度,户外,操作就是作者质量生产学习各种出现主题资料法律.
2536,16,299,2023-06-29,触电,中度,车间,点击责任希望只要有些应用提高.
2537,1,351,2025-09-05,坠落事故,轻度,停车场,之间使用而且回复包括一直需要北京科技网络以后.
2538,1,854,2026-01-03,触电,重度,工地,文章认为工具一次评论积分通过也是记者公司汽车报告安全.
2539,27,634,2023-11-26,火灾,重度,车间,感觉具有相关游戏政府工程事情那么计划其他是一.
2540,41,66,2026-08-16,物体打击,轻度,仓库,以及女人工程世界现在一下类别.
2541,14,869,2025-06-11,坠落事故,轻度,电梯间,部分关于是否希望发表手机一起无法.
2542,46,572,2026-02-09,过劳,致命,工地,登录积分应用中文网络制作本站所有商品相关现在他们资源.
2543,75,941,2026-07-14,物体打击,重度,食堂,标准状态因此很多知道一种成功的话生产.
2544,11,445,2025-10-21,物体打击,致命,实验室,自己功能投资而且这些单位说明不会时间之间.
2545,7,878,2025-01-17,坠落事故,重度,办公室,时间不能广告数据一切社区系列你们什么.
2546,9,217,2025-07-03,滑倒摔伤,轻度,车间,不断能力地区那个语言大小北京使用一些不断学生女人服务.
2547,99,887,2025-09-23,过劳,致命,工地,基本软件设计电影更多注意一直.
2548,84,948,2024-03-17,化学品泄漏,轻度,维修区,原因游戏女人行业但是产品.
2549,31,447,2026-08-12,过劳,中度,实验室,直接行业看到企业如果最后其他基本如何其中中文.
2550,97,466,2025-09-06,机械故障,重度,工地,文章业务电影显示当前这里美国电子开始系统最大组织.
2551,72,33,2025-07-18,机械故障,轻度,维修区,具有最后两个一些主题今天基本增加方式.
2552,66,308,2025-04-09,机械故障,致命,维修区,一切相关工作环境投资有关.
2553,65,524,2025-05-25,职业病,重度,仓库,世界各种新闻一起女人完全文化.
2554,65,523,2025-05-30,坠落事故,致命,维修区,过程社会生产关于相关喜欢游戏他的.
2555,70,683,2025-11-27,触电,重度,实验室,东西标题不会教育地方详细继续.
2556,24,494,2022-12-10,滑倒摔伤,中度,户外,能够组织产品不要投资发展更新.
2557,29,773,2026-07-28,机械故障,中度,办公室,的话点击认为专业事情专业中心之间生活.
2558,70,327,2024-03-25,滑倒摔伤,中度,食堂,必须空间评论经济论坛积分浏览.
2559,87,664,2026-02-28,火灾,轻度,工地,没有中心他们位置进行到了之后提供我的开发目前.
2560,21,196,2026-07-26,滑倒摔伤,中度,实验室,处理那些行业社会应该全部音乐回复自己.
2561,83,243,2025-12-09,物体打击,中度,车间,信息一定阅读继续安全然后一个可以威望然后位置.
2562,50,595,2025-11-23,触电,轻度,实验室,决定中国城市还是自己公司开始.
2563,41,66,2026-08-31,化学品泄漏,致命,停车场,解决选择联系如果企业方法不能.
2564,71,933,2022-11-09,物体打击,中度,停车场,深圳环境销售工作销售威望希望注意具有.
2565,4,76,2025-06-24,职业病,轻度,户外,专业价格商品所以在线等级以下图片一些回复.
2566,99,133,2026-04-07,坠落事故,重度,实验室,系列参加环境留言以上留言一次如果联系网站标准.
2567,5,332,2026-06-27,过劳,致命,车间,他的北京作者谢谢程序我们设计原因.
2568,94,807,2026-01-16,过劳,致命,电梯间,语言没有觉得上海然后搜索系列北京直接事情拥有用户深圳.
2569,60,178,2024-07-27,滑倒摔伤,轻度,车间,这个你们由于广告类别来自方面全部说明.
2570,60,24,2023-08-10,交通事故,中度,车间,本站发现大小本站生产决定.
2571,11,575,2023-10-13,触电,轻度,停车场,精华空间网站业务两个分析你的更新.
2572,53,578,2024-01-17,机械故障,重度,办公室,网络地区简介密码而且分析.
2573,66,197,2024-07-07,化学品泄漏,重度,实验室,位置两个免费注册完成历史目前技术.
2574,94,807,2025-10-01,机械故障,致命,维修区,经营关系合作设计广告注册这种文章记者电脑怎么制作.
2575,33,193,2025-08-25,过劳,致命,车间,无法已经不断用户那些作者功能服务音乐.
2576,75,943,2026-04-25,火灾,重度,户外,还有以上文件简介用户本站中心方法那个发展地址环境或者.
2577,17,407,2025-04-12,坠落事故,中度,工地,语言通过主要发现来源积分生产全国分析上海作者.
2578,77,164,2024-03-27,物体打击,致命,办公室,广告只是其中时间这些全部影响公司更多.
2579,91,791,2025-03-31,化学品泄漏,致命,仓库,行业所有注册日本今天的是都是规定重要这些.
2580,1,653,2025-10-10,坠落事故,轻度,户外,拥有介绍如何投资地区关于时间出现.
2581,9,465,2025-11-06,职业病,致命,仓库,自己日本成功资料但是参加资源正在.
2582,15,694,2023-12-16,化学品泄漏,致命,仓库,您的一个你的名称行业发表.
2583,1,553,2026-06-30,触电,中度,工地,教育不断虽然日本今天建设学习中心经验起来价格行业学校.
2584,27,37,2026-06-19,火灾,重度,实验室,目前建设文件系列发现选择你们同时提高设备通过决定.
2585,24,635,2024-01-24,交通事故,致命,办公室,应用广告非常新闻生活认为投资美国那个人员网络一直用户内容.
2586,63,317,2025-10-26,滑倒摔伤,轻度,办公室,安全那么说明设计这个他们男人质量关于教育希望简介.
2587,97,466,2024-11-01,过劳,轻度,食堂,已经语言本站提供部分不会所有如果同时系统可是提高.
2588,100,783,2025-09-07,火灾,致命,工地,男人推荐所有管理以后联系.
2589,44,363,2026-04-17,触电,轻度,工地,有些是一完成网络技术为什一些客户要求美国主要一直.
2590,75,926,2026-03-20,物体打击,致命,工地,报告增加记者一般电影国际全部增加教育事情通过单位汽车.
2591,94,188,2026-01-13,滑倒摔伤,重度,电梯间,只要现在她的生产推荐更新成功目前北京由于.
2592,84,786,2025-10-15,物体打击,中度,食堂,这是项目计划教育开始这里如果会员以下北京控制搜索.
2593,77,506,2023-05-01,触电,中度,车间,一些进行工具一次产品过程设计直接生活社区.
2594,9,388,2023-11-15,机械故障,重度,户外,为什地方登录有些服务介绍有些等级工作是一.
2595,11,742,2026-08-07,机械故障,中度,仓库,文章网站搜索完成要求一切本站关于计划各种支持社会.
2596,42,354,2026-05-20,触电,中度,实验室,新闻产品主要设备很多国际那么解决还是一点使用还有.
2597,16,121,2024-04-24,机械故障,重度,食堂,您的注册我的图片更新中文以及这种学习觉得可能软件.
2598,67,928,2026-01-31,滑倒摔伤,重度,工地,空间不要两个资料资源这么的人相关最后信息东西等级操作.
2599,55,661,2026-06-29,火灾,中度,仓库,详细包括论坛以后过程帮助建设下载.
2600,41,752,2025-08-19,化学品泄漏,轻度,停车场,当然介绍用户类型最新直接点击那么.
2601,85,460,2026-08-24,坠落事故,中度,食堂,位置运行自己教育今年之后简介关系学校.
2602,80,401,2026-05-23,滑倒摔伤,重度,实验室,公司只有没有一定当然显示如果那个.
2603,31,502,2026-04-24,坠落事故,轻度,办公室,提高记者不同功能图片日本完成其他.
2604,72,100,2023-04-16,触电,中度,户外,密码出来更新项目资料方式记者发布服务欢迎需要.
2605,87,450,2025-10-17,机械故障,轻度,维修区,之间日期质量时间注意因此经营他的.
2606,35,339,2024-05-02,过劳,中度,停车场,资源这是这里中文程序无法.
2607,52,474,2026-03-19,触电,轻度,仓库,空间实现责任的是工具今年国内工具.
2608,10,82,2025-07-26,化学品泄漏,重度,电梯间,登录空间非常深圳主要网上自己世界有限当前希望环境.
2609,33,495,2023-11-11,滑倒摔伤,致命,户外,帮助法律音乐参加具有提供其他.
2610,48,153,2025-06-28,物体打击,轻度,食堂,可能通过个人社会完全这样电话联系以上部门成为.
2611,67,290,2026-04-20,机械故障,重度,户外,用户准备学校语言基本专业直接今年欢迎国内事情会员这个.
2612,16,299,2026-08-24,职业病,重度,食堂,认为日期提高学习虽然控制各种生活一个只要虽然提高.
2613,84,633,2023-09-22,坠落事故,致命,食堂,这里上海音乐进入得到威望.
2614,73,543,2024-09-03,物体打击,中度,电梯间,到了说明重要中文自己最大文章一般世界因此你的.
2615,75,366,2026-04-20,坠落事故,轻度,车间,不会任何使用北京一定所有.
2616,6,780,2022-12-16,滑倒摔伤,重度,维修区,发表什么客户你们很多全部网站出现.
2617,36,983,2026-04-24,触电,重度,工地,的是全部现在提供是否生活同时方法还是所以世界一直浏览.
2618,7,706,2026-06-15,化学品泄漏,重度,食堂,你的这种电脑过程如果关系全国如何使用介绍主题她的设备.
2619,36,555,2025-05-30,职业病,轻度,电梯间,管理时候语言大学电脑电脑日本登录如果简介一样.
2620,42,162,2026-08-24,坠落事故,轻度,办公室,认为注册介绍你的公司评论不是安全数据生活方面生产这个行业.
2621,70,683,2025-12-28,化学品泄漏,致命,办公室,服务经营必须得到学生对于这些语言研究.
2622,72,100,2025-03-28,过劳,中度,车间,更新积分你们帖子点击还有报告生产以后出现现在.
2623,94,781,2023-06-07,火灾,轻度,实验室,支持新闻情况完全如此具有.
2624,17,359,2026-07-04,滑倒摔伤,轻度,食堂,相关推荐通过学生首页环境.
2625,45,730,2026-05-07,化学品泄漏,重度,户外,一切经济最大两个联系下载男人的话.
2626,22,473,2026-08-26,机械故障,致命,车间,用户发现项目根据查看这个经营.
2627,9,405,2025-11-02,化学品泄漏,轻度,维修区,等级作品可是评论查看觉得最后有关直接教育开始网站.
2628,36,961,2026-01-11,交通事故,致命,停车场,工程支持开始孩子基本论坛功能上海记者显示他的部门信息.
2629,69,966,2025-04-03,交通事故,中度,维修区,地址研究组织公司今年电影.
2630,2,841,2026-01-30,职业病,致命,车间,科技可能回复学校销售这里解决详细关于技术方式.
2631,83,490,2025-06-18,交通事故,轻度,仓库,网络来自情况如果一直数据进入这里您的美国情况.
2632,75,848,2022-11-24,交通事故,重度,维修区,出来情况浏览内容能够完全产品.
2633,42,522,2026-03-01,职业病,中度,工地,原因投资工具完成表示所有其中产品虽然方式业务.
2634,81,49,2024-02-25,交通事故,轻度,实验室,图片用户只要使用我的所有他的学生这样全部朋友开发一起.
2635,99,86,2022-03-26,机械故障,中度,实验室,汽车工作你的设计学生不断直接新闻会员时间中心只有.
2636,33,276,2026-03-28,化学品泄漏,致命,办公室,方面科技相关还是首页最新内容今年.
2637,94,491,2026-08-13,职业病,中度,实验室,密码标准也是一次虽然内容.
2638,87,505,2024-01-05,交通事故,致命,工地,学习最后是否销售资源其实信息报告.
2639,54,530,2026-06-24,物体打击,致命,实验室,继续方式可以广告游戏位置.
2640,49,626,2025-11-02,职业病,轻度,户外,更多记者企业因此游戏来源提供.
2641,99,274,2026-02-21,交通事故,重度,食堂,城市这么提高一般国际日本大小通过不要选择我们.
2642,69,896,2025-07-25,坠落事故,重度,实验室,能够帖子等级新闻国内的人出来规定作为.
2643,14,93,2026-02-28,物体打击,致命,仓库,问题网站语言需要部门两个全国你们只是社会.
2644,86,651,2025-06-13,物体打击,致命,车间,美国正在电子完全技术只要公司主题更新现在方法可是应用注意.
2645,96,287,2024-12-06,机械故障,中度,实验室,帮助推荐很多原因北京开发.
2646,26,71,2025-03-17,滑倒摔伤,重度,电梯间,通过可是进行人员都是来自一起问题拥有部分.
2647,69,40,2023-01-29,滑倒摔伤,致命,仓库,大家是一女人准备当然参加.
2648,100,557,2025-04-21,坠落事故,重度,电梯间,都是女人由于当前还是图片搜索资源认为.
2649,22,954,2026-08-28,机械故障,重度,工地,会员文化人民都是阅读要求.
2650,73,528,2024-09-10,化学品泄漏,轻度,办公室,成功市场下载可是环境你们原因只是是否根据法律.
2651,41,220,2023-01-30,化学品泄漏,中度,食堂,一个大家主题继续历史只是文件搜索今天.
2652,63,192,2026-03-31,触电,重度,实验室,不是他的系统一下发现以上日期因为提高.
2653,35,749,2025-05-18,坠落事故,中度,工地,现在评论基本结果目前就是实现系列.
2654,19,333,2026-08-21,滑倒摔伤,致命,实验室,必须为了世界项目公司电话这是音乐非常就是.
2655,69,605,2025-09-30,物体打击,致命,实验室,比较进入而且登录支持业务简介项目.
2656,45,970,2024-12-13,坠落事故,重度,停车场,网上操作他们制作处理客户.
2657,41,220,2023-11-05,火灾,致命,办公室,销售人民如果东西成功数据公司产品以下.
2658,54,530,2026-05-25,机械故障,中度,户外,业务记者电影城市空间一般内容免费.
2659,27,508,2026-05-17,机械故障,轻度,食堂,不会你们进入来自通过工作.
2660,7,292,2024-10-27,物体打击,重度,食堂,开始什么更多有限市场作者全部深圳地址.
2661,73,528,2025-08-24,火灾,中度,维修区,只要制作他们网上目前帮助标准发表首页大小我们.
2662,60,178,2025-08-08,触电,中度,工地,当前解决主题正在学习设计使用在线方式不同的话的是.
2663,55,285,2026-03-30,滑倒摔伤,中度,工地,方面查看重要首页分析之间阅读你的使用.
2664,45,312,2026-09-05,滑倒摔伤,轻度,食堂,全部她的单位以上会员经营那些.
2665,100,514,2026-03-10,物体打击,重度,户外,只要研究关系能够比较直接这么世界部门各种.
2666,70,431,2025-06-30,滑倒摔伤,轻度,食堂,一起阅读选择之间发现您的那个来源.
2667,17,385,2026-03-25,机械故障,中度,车间,记者两个信息日期无法软件应该资料觉得具有人员地址状态.
2668,42,138,2026-08-05,职业病,轻度,维修区,经验专业进行商品是一现在.
2669,96,849,2026-01-16,过劳,轻度,办公室,一点主题而且比较东西行业控制这么.
2670,17,54,2025-02-25,过劳,中度,仓库,密码能够介绍一样项目部分在线会员发布标准发现重要用户.
2671,43,375,2024-10-30,化学品泄漏,中度,实验室,教育成为价格中文不要当前图片影响有限.
2672,64,971,2026-05-25,职业病,重度,办公室,详细一个解决生活一起服务很多具有帮助目前用户不同文件.
2673,88,563,2024-05-22,机械故障,重度,办公室,直接客户所以企业法律东西广告人民一种应用包括.
2674,37,96,2026-07-03,机械故障,致命,实验室,有关通过处理欢迎阅读上海项目软件显示发生音乐标题发布.
2675,37,942,2026-07-28,物体打击,中度,实验室,问题汽车国内产品更新类型到了应该政府那些因此.
2676,66,686,2025-07-18,交通事故,中度,办公室,经营觉得一个操作客户这些出现对于会员而且可以汽车.
2677,42,847,2025-09-07,滑倒摔伤,中度,食堂,可是影响论坛记者现在包括价格技术.
2678,91,176,2025-01-04,滑倒摔伤,重度,维修区,来源世界浏览汽车表示相关必须文件不同那些汽车.
2679,33,753,2026-07-07,触电,重度,办公室,等级目前管理学校电脑您的商品出来一样.
2680,41,66,2026-03-25,火灾,致命,户外,广告音乐发布这些以后正在使用或者方法地区投资自己主要.
2681,14,319,2025-12-07,火灾,重度,电梯间,最大或者能够网站详细解决开发.
2682,63,141,2025-08-24,触电,中度,停车场,电脑行业一起开始要求经济项目今天过程有些不断选择.
2683,6,808,2026-07-14,机械故障,轻度,电梯间,只是可以选择介绍责任生活发生.
2684,76,883,2024-09-25,过劳,中度,停车场,因此手机系列电子作为公司有限所以.
2685,97,352,2025-09-18,过劳,中度,办公室,联系你的那么中文其实商品操作论坛制作这么.
2686,79,631,2024-06-19,机械故障,重度,停车场,方法资料全部次数服务大学.
2687,76,813,2024-08-03,触电,中度,工地,国内的话也是你们论坛其中如果大家那个需要已经那些.
2688,98,238,2025-01-17,职业病,致命,工地,我的等级只有日本评论对于.
2689,17,407,2026-08-02,过劳,重度,户外,广告会员行业都是提供没有.
2690,71,903,2022-12-14,职业病,中度,实验室,进入积分加入时间必须发现.
2691,12,376,2026-03-29,职业病,中度,工地,一下密码的人控制软件大学朋友有些不断经验全部质量那个.
2692,98,238,2026-06-04,职业病,轻度,维修区,他的位置单位只是联系这个.
2693,3,573,2024-07-10,职业病,重度,工地,原因个人最新作者来自已经深圳那些基本文件工作信息出现.
2694,21,888,2024-01-22,交通事故,中度,车间,有些你们今天系列回复虽然没有帮助最后或者.
2695,96,306,2026-06-30,过劳,重度,办公室,那些位置得到文化完成解决具有学生专业所以以下.
2696,6,774,2024-08-23,职业病,重度,仓库,地址评论表示开始那些应用详细这个之间工作文件看到.
2697,14,215,2024-11-20,职业病,中度,户外,电话更多系统不同一般广告也是不是还有可能.
2698,70,139,2026-06-11,化学品泄漏,中度,工地,行业如何起来工作但是你的.
2699,88,252,2025-12-08,交通事故,轻度,仓库,那些报告功能北京方式参加自己今年国家.
2700,82,811,2026-08-16,坠落事故,致命,食堂,这么服务名称回复帖子显示.
2701,84,969,2026-07-10,化学品泄漏,致命,仓库,得到下载完成可能选择公司提高经营今天功能.
2702,54,530,2026-07-19,滑倒摔伤,重度,办公室,关系广告电话出现社区发生内容.
2703,10,82,2024-03-14,滑倒摔伤,轻度,仓库,到了网上一种但是管理由于系列阅读现在.
2704,24,335,2022-11-29,机械故障,中度,电梯间,根据重要特别类别密码处理广告朋友企业.
2705,26,230,2023-06-15,机械故障,重度,户外,电话报告成功包括主题发展一样.
2706,6,433,2026-02-06,物体打击,致命,车间,业务就是同时价格制作女人主题汽车客户环境东西以及.
2707,5,500,2022-07-30,物体打击,轻度,办公室,还是新闻显示还是欢迎最新孩子积分是一发布之间.
2708,90,934,2022-05-24,化学品泄漏,致命,维修区,学习支持朋友市场他的威望社会法律服务音乐谢谢.
2709,39,766,2026-08-14,机械故障,轻度,维修区,来源设计那些关系行业分析处理女人不是.
2710,87,221,2024-06-09,物体打击,中度,电梯间,发生一次准备责任加入文化城市各种其实.
2711,12,142,2026-07-29,职业病,重度,车间,名称影响由于目前如何之间.
2712,7,877,2024-11-03,物体打击,重度,电梯间,活动投资以下等级成为行业应用所有帮助经济加入.
2713,92,425,2024-02-17,交通事故,中度,工地,专业男人而且得到网上由于简介图片不同以下标准那个.
2714,87,721,2024-08-23,坠落事故,中度,实验室,世界报告以上所有计划方式资源只要美国发展法律经济.
2715,17,750,2024-11-02,机械故障,重度,停车场,生活日期很多介绍一般学校是否是一世界.
2716,25,157,2026-01-16,物体打击,轻度,停车场,组织男人完成正在感觉评论部分.
2717,51,613,2025-07-17,触电,重度,工地,专业无法帮助搜索以后作为文章帮助增加游戏.
2718,76,624,2024-10-20,物体打击,重度,车间,比较学校无法最大本站主题关于分析一次.
2719,57,25,2025-03-08,交通事故,轻度,实验室,广告发现标题由于上海商品网上报告责任.
2720,100,165,2025-06-15,滑倒摔伤,中度,工地,是一时候活动自己论坛可是部门地址同时拥有那些.
2721,73,602,2023-11-01,交通事故,重度,停车场,网络服务出来管理社会比较目前感觉作为查看那么为了.
2722,86,472,2026-07-28,触电,中度,户外,那么记者加入世界朋友不能日期人民一次就是系列这个登录.
2723,26,689,2025-06-17,机械故障,轻度,电梯间,觉得然后一起作者不是介绍.
2724,44,194,2026-09-07,职业病,重度,维修区,世界回复今年因此两个任何论坛技术而且.
2725,68,8,2024-10-29,化学品泄漏,轻度,仓库,是一完全知道中文不过市场只有技术其他积分本站全部时间.
2726,57,291,2026-08-13,火灾,重度,仓库,政府只是其他资料注意那些当然成功.
2727,60,763,2025-12-15,职业病,重度,停车场,市场应该大小出现自己网站因为.
2728,14,869,2024-10-10,物体打击,中度,实验室,最后提高具有文件我的游戏作为阅读根据可以.
2729,6,286,2025-03-07,滑倒摔伤,致命,办公室,一些日本地址环境方式目前为什不会全部觉得.
2730,25,902,2025-08-26,物体打击,致命,办公室,人民更新公司一定拥有有关报告认为的是.
2731,81,30,2026-02-02,过劳,轻度,维修区,成为他们是否特别其中出来发现可能数据.
2732,24,494,2022-12-25,坠落事故,中度,车间,一切没有需要更多这么很多日本数据.
2733,87,711,2025-08-22,坠落事故,重度,办公室,成功实现文化产品什么由于经营还有搜索积分进行成为.
2734,69,949,2025-07-26,火灾,致命,电梯间,汽车其实决定还是部门生产北京项目留言同时发现发表.
2735,2,195,2026-06-08,机械故障,轻度,户外,经营网上对于非常帮助注意现在工具一样.
2736,42,847,2025-07-13,坠落事故,中度,仓库,语言教育所以也是企业方面所以.
2737,72,100,2023-07-20,化学品泄漏,重度,仓库,组织方面搜索工作处理工作帖子内容今年当然支持.
2738,6,269,2025-10-26,滑倒摔伤,中度,工地,社区精华地方历史如果等级政府而且得到查看免费积分.
2739,17,359,2026-08-21,触电,中度,户外,业务两个中心程序这种各种帮助商品.
2740,87,721,2026-04-02,机械故障,中度,工地,空间研究语言电子建设注册这里市场增加都是图片发布品牌.
2741,13,69,2025-12-18,物体打击,轻度,仓库,朋友系列参加个人成功这是搜索.
2742,17,750,2023-05-18,火灾,轻度,仓库,积分政府非常然后部门就是可能.
2743,90,611,2024-11-07,物体打击,轻度,实验室,结果的话不能任何人员那些.
2744,20,539,2026-09-04,坠落事故,重度,食堂,以上网站发表地区关系还是.
2745,67,424,2026-07-21,滑倒摔伤,轻度,电梯间,来源已经网上来源城市为什大家作者参加文件次数查看.
2746,14,319,2026-02-09,交通事故,轻度,停车场,其实关系合作相关完成更多一定.
2747,91,499,2023-10-16,坠落事故,中度,实验室,北京谢谢查看方法次数就是都是朋友包括为什还是.
2748,83,490,2022-12-17,过劳,中度,户外,非常密码浏览开始企业图片.
2749,7,964,2026-05-25,物体打击,重度,电梯间,这里就是状态为什解决提供使用.
2750,45,730,2026-05-17,职业病,轻度,工地,学生威望然后标题网上更多怎么国际所以商品.
2751,54,827,2023-08-07,交通事故,致命,维修区,不是登录实现起来不能需要一切之后女人.
2752,65,681,2023-08-30,交通事故,轻度,实验室,的人这个单位出来回复世界电影.
2753,17,61,2026-05-13,物体打击,中度,工地,程序发生增加也是公司经营直接语言自己.
2754,92,596,2025-05-30,过劳,轻度,电梯间,应用因此实现评论游戏这样主要必须分析决定通过到了.
2755,64,951,2025-08-05,坠落事故,中度,车间,解决他们大学可以关系系统设计自己学习政府工程.
2756,47,367,2024-07-07,火灾,重度,车间,这样必须不能来自使用进入电话查看有些.
2757,50,48,2023-07-12,职业病,中度,车间,来自方面到了开发必须通过.
2758,50,272,2026-01-04,化学品泄漏,重度,停车场,不同电话关系进入国家以及欢迎大学一点.
2759,16,6,2024-05-28,坠落事故,重度,车间,还是标题部分还是这么具有项目她的.
2760,98,283,2023-11-03,物体打击,中度,食堂,一些资源研究的人最新企业软件作者我们日期质量相关新闻.
2761,36,558,2026-08-27,交通事故,中度,食堂,作者查看空间新闻服务任何个人生活女人表示.
2762,65,693,2022-07-25,触电,中度,办公室,具有其他电脑那么环境国际数据对于发表查看地址感觉.
2763,60,886,2025-11-18,坠落事故,重度,办公室,业务业务免费两个教育非常得到记者经验.
2764,42,138,2026-09-04,滑倒摔伤,重度,办公室,准备其实这个必须会员系统.
2765,43,580,2025-11-08,职业病,轻度,工地,什么报告信息我的位置电脑社会看到今年完成.
2766,98,329,2024-01-15,职业病,轻度,维修区,能够正在密码类别一切教育研究.
2767,61,104,2026-07-17,坠落事故,轻度,食堂,资源回复工具他的类型而且查看企业.
2768,3,426,2022-07-15,触电,中度,电梯间,商品一切也是类型发现方式论坛能力没有研究全国电脑销售.
2769,83,581,2026-08-13,坠落事故,重度,食堂,网站责任大小密码以后根据.
2770,67,871,2025-08-09,职业病,致命,仓库,国际只是部分最新起来经济日本然后中国发展.
2771,97,200,2025-11-07,机械故障,轻度,车间,评论增加一定起来的话一直.
2772,60,413,2026-01-24,过劳,轻度,实验室,朋友查看显示来自名称可能有些网站东西.
2773,65,523,2025-01-09,交通事故,中度,维修区,方式应该控制可以数据所有.
2774,67,928,2025-10-14,坠落事故,重度,实验室,最新就是根据等级科技方法她的.
2775,34,420,2026-02-14,触电,重度,仓库,以下参加部分公司可以有些怎么其实实现主题应该.
2776,76,556,2026-07-24,火灾,中度,食堂,生产会员管理这种的话北京图片.
2777,76,198,2025-09-10,滑倒摔伤,重度,车间,一直所以电脑发表通过根据以下.
2778,43,185,2025-09-15,化学品泄漏,重度,仓库,经济类别最后喜欢她的部门上海技术当然联系更多.
2779,36,592,2026-09-02,职业病,中度,户外,分析首页您的程序您的资源.
2780,9,293,2025-09-08,机械故障,重度,维修区,组织日本过程全部东西等级开发.
2781,100,408,2026-04-05,火灾,中度,办公室,科技目前回复会员更新公司女人公司上海有关出来根据.
2782,92,959,2026-07-15,触电,轻度,工地,回复空间人员应该使用有些汽车.
2783,41,468,2026-06-02,触电,致命,户外,如果出来现在工具我的出来起来进行技术学习.
2784,6,433,2025-04-07,机械故障,中度,食堂,类别经验评论处理销售帖子浏览政府日本为了合作所有.
2785,30,842,2025-09-10,机械故障,轻度,食堂,非常密码更新建设表示无法已经部门电子.
2786,84,205,2026-05-23,化学品泄漏,中度,电梯间,经验上海各种不断企业直接因为大小技术浏览时间.
2787,55,98,2024-04-21,坠落事故,轻度,食堂,学生不同品牌名称应用名称.
2788,32,999,2023-11-28,化学品泄漏,致命,维修区,具有信息这是工具自己帖子.
2789,18,725,2026-01-23,化学品泄漏,致命,车间,帮助知道中心得到最后美国显示.
2790,24,190,2026-07-24,职业病,致命,实验室,合作作者设备次数规定学生当然城市网上.
2791,63,442,2025-07-29,火灾,重度,电梯间,一点由于一起责任公司登录城市实现查看.
2792,64,559,2026-09-06,火灾,中度,办公室,文章你的有些资源也是管理为了文件.
2793,56,118,2024-01-18,过劳,轻度,停车场,简介下载方法发布无法文化显示.
2794,62,703,2026-05-16,滑倒摔伤,轻度,停车场,部门提高一下北京一切大小一种任何国内电子如此威望.
2795,60,55,2026-06-27,滑倒摔伤,中度,维修区,经济系列社会开发不能决定名称本站以上计划手机继续类别.
2796,55,439,2024-05-31,职业病,轻度,车间,有限运行已经那么直接日本学习美国应该浏览组织为了浏览.
2797,98,875,2026-08-27,职业病,中度,办公室,国家内容详细知道市场控制图片中国生活喜欢.
2798,27,851,2026-05-20,机械故障,重度,户外,报告详细简介全部特别首页两个.
2799,39,872,2023-08-10,坠落事故,重度,电梯间,通过建设简介销售最大不断以后音乐同时一下新闻主题主题一个.
2800,75,889,2024-03-09,触电,致命,户外,谢谢程序科技上海中国只有拥有你们处理只是参加计划.
2801,87,735,2026-03-22,过劳,轻度,食堂,环境当前资料历史一样虽然应用不要如此.
2802,98,329,2026-06-29,物体打击,致命,维修区,公司然后如果设备详细方法空间可以学校支持如此.
2803,80,489,2026-08-19,滑倒摔伤,致命,食堂,首页两个电话认为拥有威望解决次数合作完全系列不同.
2804,91,353,2026-06-28,滑倒摔伤,轻度,车间,那些一种工作更多中文信息全部.
2805,36,529,2026-06-25,火灾,重度,办公室,进入其实作品社区介绍有些应该下载只要位置质量.
2806,63,782,2026-04-21,化学品泄漏,轻度,工地,加入您的不是关系觉得经营市场你们参加.
2807,20,510,2025-03-04,火灾,中度,实验室,电话国内要求行业积分这么东西那么计划客户行业.
2808,53,599,2025-01-27,职业病,致命,办公室,以上时候觉得作品只是通过.
2809,35,697,2026-08-17,触电,重度,实验室,当前商品一直这是空间操作特别最新还是不会国际.
2810,83,709,2025-12-20,职业病,重度,实验室,服务一般还有工具她的以及.
2811,60,619,2026-06-12,触电,致命,工地,欢迎积分解决经验国际活动.
2812,73,34,2023-12-19,交通事故,轻度,食堂,全国使用然后怎么提高语言来自参加帮助销售操作来源专业.
2813,70,431,2024-05-20,触电,中度,电梯间,新闻介绍需要进行加入如果位置服务资料.
2814,28,536,2023-11-28,坠落事故,轻度,停车场,而且生产根据名称用户经营.
2815,3,232,2026-08-16,过劳,轻度,车间,进入数据以下经验觉得评论.
2816,70,327,2024-11-13,物体打击,中度,实验室,比较认为环境文件已经日期责任地区最后精华来自不要.
2817,53,599,2023-04-05,过劳,致命,电梯间,您的女人大家地区经验科技.
2818,35,695,2025-04-24,坠落事故,重度,实验室,管理成为什么一种查看电影地方显示.
2819,7,877,2025-07-19,机械故障,中度,停车场,对于起来经营不同下载这种希望登录.
2820,90,733,2026-06-11,机械故障,重度,工地,论坛最新合作注册日期说明正在.
2821,33,753,2025-12-03,滑倒摔伤,重度,工地,国际的人发展发展上海文化密码为了程序.
2822,20,539,2026-08-29,职业病,轻度,车间,回复那个其中成功他的责任密码.
2823,76,778,2026-02-14,火灾,轻度,办公室,他的准备计划发现有关部门出来.
2824,25,764,2025-01-19,过劳,致命,工地,语言那个支持正在空间而且.
2825,71,987,2025-01-29,触电,中度,食堂,准备提高首页帮助电影开始更多方法销售对于管理.
2826,44,112,2025-08-02,机械故障,致命,工地,投资主要密码之后电话内容简介还有.
2827,28,713,2026-08-31,物体打击,致命,食堂,就是只有工程发表美国看到解决.
2828,1,614,2024-01-01,触电,重度,车间,名称规定有些日期发表一样不会.
2829,65,762,2022-05-05,机械故障,重度,工地,表示学习事情控制产品下载政府.
2830,29,309,2026-05-28,交通事故,轻度,电梯间,今年上海怎么关系工作中国是一.
2831,50,741,2026-08-22,滑倒摔伤,轻度,工地,部门经济控制更多汽车参加这样出现喜欢那么管理决定.
2832,65,935,2024-09-21,过劳,重度,工地,经验进入你们到了文件同时.
2833,72,718,2026-09-05,机械故障,重度,维修区,其实地区留言非常时间美国业务之间必须安全地区.
2834,37,822,2023-07-11,坠落事故,轻度,仓库,音乐法律记者必须大家专业怎么.
2835,10,737,2026-02-22,物体打击,重度,工地,功能根据怎么这种威望科技因此到了能力.
2836,71,903,2023-03-25,交通事故,轻度,户外,这里新闻作者方法以及质量女人组织制作.
2837,34,420,2026-06-13,过劳,致命,工地,公司浏览然后特别继续相关相关.
2838,1,614,2025-02-03,交通事故,重度,电梯间,孩子用户关于城市生活精华完成之间必须资料今天.
2839,82,913,2024-06-28,坠落事故,轻度,车间,安全社会孩子最大状态如何网络专业同时教育这样.
2840,92,700,2025-12-15,机械故障,中度,工地,准备人员我的那么积分全部帖子首页.
2841,81,28,2025-12-04,坠落事故,中度,仓库,一个都是不是推荐如果还是成功能力阅读特别.
2842,10,910,2024-12-22,机械故障,重度,户外,国内教育所以增加最大分析那些拥有使用自己世界.
2843,19,170,2026-02-07,化学品泄漏,轻度,仓库,关于主题已经本站中国全国因为最大东西学生发现还是正在其中.
2844,27,699,2026-01-09,化学品泄漏,重度,车间,需要时候中心其他的话最新投资解决评论重要.
2845,35,985,2026-05-12,火灾,轻度,车间,空间希望这里一定他们操作.
2846,66,564,2026-06-02,化学品泄漏,致命,仓库,空间所以游戏资料教育大学评论孩子如何最后首页方式.
2847,95,757,2025-07-21,职业病,重度,实验室,环境决定只要资源为什作者威望资料如何全部.
2848,47,923,2022-08-22,坠落事故,轻度,工地,大学免费部分名称因此还是.
2849,86,161,2026-05-02,机械故障,致命,停车场,评论你们经验由于一定注册运行社区社区社会.
2850,71,903,2024-06-29,机械故障,轻度,办公室,质量朋友历史资源谢谢位置其中记者一般历史服务.
2851,83,155,2024-04-13,机械故障,中度,车间,单位公司决定一种女人出现虽然也是这样很多.
2852,19,277,2024-08-23,职业病,重度,电梯间,使用这种一起一般以及是一以下出来应用工程音乐全国.
2853,3,995,2022-09-27,火灾,致命,食堂,通过标准信息一次注册得到最新专业经济论坛.
2854,98,60,2026-02-10,火灾,中度,停车场,公司继续拥有学习留言人员关于就是设备广告中国显示国际.
2855,28,101,2026-05-24,火灾,轻度,实验室,电影参加我的可能次数相关拥有.
2856,24,222,2026-06-21,触电,重度,仓库,因此觉得人员企业业务北京网上规定拥有同时应该工具.
2857,49,626,2025-01-04,火灾,轻度,办公室,法律地方成为使用查看任何规定业务密码不会.
2858,60,682,2026-08-31,化学品泄漏,致命,工地,市场控制包括基本出现的是由于重要评论投资问题城市.
2859,50,115,2026-08-24,过劳,致命,食堂,网站可能出来技术的人解决知道您的一样说明工作汽车.
2860,44,363,2025-08-29,职业病,中度,实验室,教育为了分析时候欢迎其中计划可能下载.
2861,5,496,2025-11-12,火灾,中度,停车场,对于问题经济必须怎么学校可是世界生活就是作品.
2862,36,416,2025-12-18,触电,致命,办公室,必须分析人员电脑时候部门问题文章产品无法国际人民客户.
2863,45,970,2026-02-04,交通事故,中度,工地,当然无法所有阅读人民只要包括一下质量情况联系.
2864,75,828,2024-06-27,滑倒摔伤,中度,户外,手机不会内容名称那些系列.
2865,4,174,2026-08-27,职业病,致命,维修区,报告计划今天活动分析经济其实等级.
2866,11,260,2025-11-18,化学品泄漏,中度,停车场,以下更新中国影响应用运行为了.
2867,53,862,2026-09-05,交通事故,中度,食堂,表示情况朋友孩子这是如此网络环境.
2868,59,149,2026-06-26,过劳,轻度,车间,语言女人一些知道以上首页你的商品价格谢谢运行直接.
2869,40,825,2025-08-21,触电,致命,仓库,由于我的地址很多成为事情继续运行之后责任.
2870,92,546,2022-11-02,机械故障,重度,车间,也是情况为了空间全部男人内容中心可是不会网络.
2871,73,323,2025-01-25,触电,重度,工地,类别国内发生研究基本问题专业进行提供欢迎一起世界那么使用.
2872,79,65,2024-08-29,物体打击,致命,食堂,根据经济工程文化规定城市知道学习日期.
2873,1,614,2025-02-14,机械故障,中度,实验室,不能其实软件解决之间来源首页发布.
2874,97,466,2023-11-05,职业病,致命,仓库,销售以上科技朋友个人他的报告.
2875,92,265,2026-08-24,触电,致命,实验室,汽车非常男人分析责任大家图片只要企业已经实现原因公司.
2876,6,793,2025-08-27,滑倒摔伤,重度,实验室,数据发布经济来源经营人民在线价格一个目前报告为什汽车.
2877,95,757,2026-06-04,滑倒摔伤,轻度,停车场,部分是否单位已经觉得应该注意地址根据.
2878,53,833,2023-08-14,坠落事故,致命,食堂,欢迎回复国家那个那么的人正在可能解决.
2879,92,360,2025-02-15,触电,重度,停车场,登录相关免费推荐手机之后完成相关处理提供因为.
2880,66,564,2026-08-01,交通事故,致命,维修区,企业部分地区这是特别一切推荐论坛.
2881,31,831,2023-08-17,机械故障,致命,仓库,经济怎么要求标题当然经营控制.
2882,88,301,2024-12-24,过劳,致命,实验室,次数来自开发电话看到因此非常应用我的系列朋友.
2883,44,668,2026-08-30,触电,中度,维修区,准备大学电子关系投资因为.
2884,51,655,2024-01-26,火灾,重度,实验室,成功时间电影这么注册专业有些网站当然网络.
2885,60,178,2026-06-12,火灾,致命,仓库,一定建设开始的话出现点击政府只有那些.
2886,80,691,2025-02-05,化学品泄漏,轻度,维修区,广告包括其中不会查看来自支持实现社区地址如此大学.
2887,74,520,2025-05-05,坠落事故,致命,电梯间,目前继续还有本站的是网上.
2888,70,139,2025-12-10,物体打击,轻度,仓库,一切内容图片不会拥有手机你的电脑.
2889,10,257,2024-04-08,过劳,中度,仓库,都是功能图片环境是否东西.
2890,20,796,2025-05-17,机械故障,致命,车间,那些准备评论标准日期运行.
2891,36,891,2026-08-23,火灾,中度,食堂,帖子其中上海设计用户内容方式通过点击相关为了.
2892,17,4,2025-07-19,物体打击,轻度,车间,操作空间经济朋友经营建设他们管理大小信息什么.
2893,71,987,2025-03-28,滑倒摔伤,轻度,停车场,男人还有内容到了方法工作重要安全发现简介.
2894,84,134,2026-05-08,物体打击,中度,食堂,中心以上规定完成欢迎法律表示应用质量地址时候.
2895,30,58,2024-04-15,火灾,轻度,办公室,更新准备推荐手机无法位置文化工具.
2896,7,877,2025-12-14,坠落事故,中度,户外,大小密码能够安全重要拥有应该.
2897,24,518,2025-01-03,滑倒摔伤,轻度,工地,发布不过信息很多一些结果感觉日期.
2898,73,130,2025-12-29,过劳,中度,车间,研究介绍怎么网上上海可是国家.
2899,44,363,2026-02-20,过劳,致命,实验室,开始工程下载深圳是一使用其他很多这个事情标题.
2900,27,37,2025-01-11,触电,中度,户外,不能空间制作孩子他的目前工程能够对于中文.
2901,46,724,2025-08-08,职业病,中度,电梯间,中心下载工具相关只有图片目前查看女人影响一样规定.
2902,15,593,2025-02-19,机械故障,轻度,食堂,部门这里单位希望感觉更多业务还是这个参加帮助中国一下.
2903,85,62,2022-09-01,机械故障,中度,仓库,在线威望安全两个当前处理联系作为情况简介手机希望设计.
2904,19,846,2026-01-29,坠落事故,轻度,工地,能够资料之后位置音乐有关系统生活.
2905,92,265,2026-08-10,物体打击,中度,办公室,地方同时政府联系显示所以希望主题用户继续她的增加一样.
2906,100,783,2025-01-25,火灾,中度,实验室,如何国内全部在线对于那些电话市场如此没有虽然男人根据.
2907,9,687,2025-08-19,物体打击,致命,车间,位置生产直接科技谢谢一般以后其实.
2908,7,296,2026-08-25,滑倒摔伤,轻度,食堂,政府为了那个继续一起决定不是专业然后社区.
2909,81,597,2025-09-02,触电,重度,电梯间,不能他们今年这样威望出来.
2910,87,664,2025-12-02,机械故障,致命,停车场,需要合作评论具有市场全国会员然后公司.
2911,87,711,2025-08-28,触电,中度,维修区,到了处理公司标题本站决定.
2912,86,404,2026-06-19,滑倒摔伤,重度,仓库,等级时间名称没有公司什么东西大小运行等级必须根据.
2913,34,420,2026-01-19,职业病,中度,户外,查看只有学生行业密码标准广告深圳今年留言名称各种我的.
2914,68,787,2024-10-12,火灾,致命,实验室,留言简介上海怎么你们法律项目.
2915,6,269,2023-04-17,过劳,轻度,停车场,完全为什生产等级下载提高文章他们直接软件网络以及.
2916,90,934,2024-08-10,滑倒摔伤,轻度,车间,感觉拥有作者发展你的支持用户虽然投资.
2917,9,217,2026-01-08,坠落事故,重度,维修区,因为参加事情只有不同推荐查看个人拥有这是一起直接运行.
2918,49,75,2026-07-24,坠落事故,中度,维修区,管理一种正在一般资源同时作品系列名称.
2919,92,387,2025-05-26,交通事故,中度,停车场,帖子查看准备感觉工作设计什么觉得发布已经类型次数任何.
2920,35,985,2026-02-26,坠落事故,重度,停车场,音乐中文阅读运行不断是否来自进入要求活动时候合作以及.
2921,57,372,2025-05-19,职业病,重度,实验室,政府阅读欢迎免费我的会员那个应该学习重要电脑可能.
2922,50,334,2026-05-03,化学品泄漏,轻度,户外,密码日期一定有限电影实现部分文化之后一定但是产品.
2923,66,245,2024-07-17,化学品泄漏,致命,办公室,方式资源一下广告有关今天为什具有.
2924,5,874,2025-12-25,滑倒摔伤,中度,工地,网上社区可能学生国家社区.
2925,99,186,2025-05-26,交通事故,重度,停车场,进入而且人员更新如何环境要求一般增加全国.
2926,96,838,2024-09-23,化学品泄漏,致命,维修区,男人历史时候事情文化支持全国单位.
2927,87,820,2025-12-03,机械故障,致命,食堂,两个今年都是注册以后基本生产有限地址.
2928,77,400,2024-09-13,物体打击,致命,食堂,还是有限还有大小影响最后阅读可以其中业务标准能够时间建设.
2929,90,953,2026-08-26,机械故障,致命,电梯间,这些只是可能要求加入两个学习朋友组织来自系列.
2930,96,849,2026-07-23,触电,轻度,办公室,作者点击有关今天就是只要这么回复可是说明显示完全网上规定.
2931,29,309,2026-08-16,过劳,轻度,食堂,内容等级如果今天当前标准不同回复.
2932,8,396,2026-08-22,火灾,中度,电梯间,这种现在比较不同解决本站.
2933,51,613,2026-06-30,物体打击,中度,仓库,应该专业个人时间学生经营搜索.
2934,44,112,2025-05-20,坠落事故,重度,停车场,深圳详细那些我们为了积分电话详细方式提高.
2935,47,830,2025-12-27,职业病,重度,办公室,工具不要政府公司同时大家实现手机.
2936,59,723,2025-01-03,职业病,重度,办公室,成为包括历史更多电脑就是音乐什么开发一点欢迎不过一直.
2937,98,875,2026-04-13,过劳,重度,仓库,原因不断行业为什特别价格而且以及相关深圳因此而且.
2938,85,128,2023-01-09,职业病,重度,车间,名称这些软件因为以下过程活动数据应该.
2939,14,869,2025-06-20,坠落事故,致命,电梯间,评论汽车上海帮助开发为了人员建设分析还是根据发生.
2940,9,465,2023-09-17,机械故障,重度,车间,社区的人可是为什所以希望发布而且作品.
2941,31,758,2025-06-01,交通事故,重度,办公室,生活不是选择主要为什但是位置一切这么谢谢直接.
2942,83,155,2026-07-08,化学品泄漏,轻度,食堂,没有地址研究网上他的看到对于文化注意支持.
2943,19,369,2026-04-29,滑倒摔伤,重度,食堂,新闻很多任何所以不过能力能力企业你们以下浏览活动朋友.
2944,80,819,2022-05-29,机械故障,中度,办公室,一样不要出来无法发生对于电影文件出现这些根据游戏.
2945,100,268,2024-03-24,触电,重度,实验室,大家活动两个包括的是发现一切谢谢为什.
2946,32,679,2025-09-04,交通事故,重度,维修区,部门规定正在中国信息更多今年知道价格来源.
2947,17,750,2026-02-20,物体打击,致命,食堂,音乐只有设备特别希望功能内容专业为什开始系统服务一种.
2948,87,767,2022-08-21,火灾,致命,实验室,的话有些这是数据广告他们名称专业任何.
2949,37,356,2026-01-29,职业病,轻度,停车场,提供开发而且应用目前只是任何责任.
2950,80,620,2026-02-21,物体打击,重度,户外,价格不是回复完全不能目前以后之后情况一下企业城市欢迎.
2951,50,625,2026-03-08,机械故障,轻度,仓库,增加具有价格现在点击搜索一下政府是否规定孩子目前你的.
2952,19,646,2026-09-07,触电,中度,停车场,发展得到图片单位使用自己.
2953,7,511,2024-11-10,触电,致命,实验室,责任而且价格以上类别网上欢迎责任方面单位.
2954,14,93,2023-08-16,化学品泄漏,轻度,仓库,什么可能一点今天网络发现应该非常影响.
2955,71,933,2025-05-28,过劳,致命,车间,对于类别标准怎么设计得到.
2956,50,334,2026-06-29,坠落事故,重度,户外,发表一直设计全国发生能够来源.
2957,44,194,2026-09-07,化学品泄漏,致命,户外,知道应用资料认为详细在线一点经济不要.
2958,60,908,2023-03-15,滑倒摔伤,致命,电梯间,建设不断继续准备社会来自价格文章不同学生进入.
2959,52,834,2026-07-30,物体打击,中度,停车场,其他销售程序帖子注意电话成为科技发现发表今天.
2960,64,23,2024-11-12,物体打击,中度,电梯间,阅读准备名称特别使用程序以后回复以上那个深圳.
2961,10,737,2026-03-21,过劳,致命,停车场,法律一直解决这样标准提供能力不能任何.
2962,66,978,2024-01-16,机械故障,轻度,工地,由于你的以后继续城市这种不能留言.
2963,24,756,2025-09-30,交通事故,轻度,工地,一样各种北京不要的是社会.
2964,76,982,2026-02-08,交通事故,重度,食堂,关于美国所有电子学习过程当前.
2965,24,1000,2026-06-06,化学品泄漏,轻度,停车场,出现由于必须但是一起这样之后国际今年以上现在介绍.
2966,41,3,2026-06-14,滑倒摔伤,致命,维修区,必须出现商品北京活动社区计划时间状态业务.
2967,59,723,2025-01-16,火灾,轻度,车间,为什建设上海支持得到所有发布就是管理一起关于正在企业.
2968,42,876,2025-05-15,职业病,致命,办公室,来源各种语言游戏广告处理成为主题环境可是大家等级中国.
2969,7,292,2023-06-18,机械故障,轻度,维修区,重要新闻标题情况感觉如果人民看到没有同时状态一点国内.
2970,77,164,2026-04-12,触电,轻度,办公室,生产那些社区的是相关注册北京大学上海生产无法为什公司.
2971,86,554,2025-08-06,物体打击,轻度,实验室,发生深圳国家的人一起那些喜欢电话文件选择不是由于游戏.
2972,60,656,2025-06-03,坠落事故,致命,电梯间,这些系统城市控制特别时候.
2973,44,112,2026-07-22,交通事故,轻度,维修区,成功应该都是推荐首页女人运行在线经济为什状态.
2974,9,405,2026-08-04,过劳,重度,电梯间,事情所以学习地区帮助积分无法资源生产东西之间这么.
2975,16,395,2025-08-07,交通事故,中度,车间,大家浏览主要注册不能免费自己欢迎所有大家中心.
2976,82,534,2024-10-10,机械故障,轻度,户外,为什任何游戏主题更多怎么增加但是为什方面这么.
2977,26,230,2025-12-01,滑倒摔伤,重度,停车场,这些还是影响得到分析为什只要结果也是.
2978,30,32,2022-03-13,物体打击,轻度,食堂,大学等级市场一点什么活动帮助.
2979,34,570,2026-01-31,交通事故,中度,仓库,世界感觉比较作者自己网站一样城市喜欢.
2980,60,656,2025-10-10,滑倒摔伤,中度,工地,他们这里一些不要国内一下情况注意.
2981,8,396,2026-08-10,机械故障,轻度,电梯间,提供社区产品电子只有下载功能最新对于注意销售怎么.
2982,41,660,2026-08-15,职业病,中度,工地,数据很多国家有关大家系列直接.
2983,14,391,2023-12-25,职业病,轻度,电梯间,游戏不是价格得到不要时候.
2984,92,223,2025-03-18,化学品泄漏,中度,停车场,要求合作空间主要内容增加这个直接.
2985,92,84,2026-09-03,交通事故,轻度,维修区,继续结果回复资料得到通过等级.
2986,5,874,2026-06-24,物体打击,轻度,工地,您的内容那些项目不是方面正在只要拥有地方之间分析.
2987,22,136,2025-03-25,触电,中度,车间,能够看到孩子然后论坛我们一起.
2988,67,21,2023-06-09,物体打击,致命,停车场,汽车您的销售一次很多计划.
2989,30,342,2026-01-07,交通事故,重度,食堂,电影有关投资类型经验国内下载我的标准当然完成功能地方.
2990,76,446,2026-05-14,触电,重度,车间,一下一下有关专业规定以后希望特别用户日本.
2991,41,739,2023-07-26,化学品泄漏,致命,实验室,经验美国全部发展阅读解决以下自己最后以后的话系统状态.
2992,87,664,2025-12-13,物体打击,轻度,办公室,情况一次组织地区可以作者.
2993,21,328,2024-05-25,职业病,中度,维修区,系统都是方法质量的是环境免费公司只要时间.
2994,5,874,2025-11-25,交通事故,致命,维修区,精华相关直接现在还是项目操作中文是一发表开始也是.
2995,81,719,2025-04-18,物体打击,致命,户外,同时时间一些只要质量工作.
2996,100,302,2022-08-08,交通事故,轻度,户外,管理质量经济单位日本专业原因所以.
2997,74,802,2025-10-24,坠落事故,重度,食堂,今天实现科技广告中文以及什么文件开始不是.
2998,22,473,2026-09-05,交通事故,中度,办公室,其他大小欢迎主题能力特别很多位置.
2999,61,83,2024-08-06,职业病,致命,维修区,法律发表投资都是只有结果的是.
3000,18,561,2026-06-12,坠落事故,重度,实验室,质量作者可能重要有些您的这样.
3001,84,786,2026-05-09,物体打击,中度,办公室,开发经济这些密码所有基本我的企业.
3002,63,317,2026-02-05,坠落事故,重度,户外,那么电话品牌可能教育文化公司包括.
3003,72,316,2024-05-30,触电,致命,工地,评论论坛全国积分北京产品实现地区销售.
3004,86,161,2024-06-25,坠落事故,重度,实验室,等级还是地址那些开始国际.
3005,40,665,2026-08-14,化学品泄漏,轻度,工地,大家根据因为一起方式国家国家各种为了制作等级.
3006,29,929,2026-01-09,触电,致命,食堂,只要当然汽车今天开发美国.
3007,93,740,2026-07-23,职业病,轻度,车间,但是这么新闻国家要求空间你的生活方面.
3008,18,779,2025-05-18,过劳,致命,实验室,自己工作您的工作必须注意一直国内可能.
3009,16,503,2025-11-18,坠落事故,致命,户外,觉得只是一定作者作品特别这个不断能够发现程序空间.
3010,50,27,2024-07-12,化学品泄漏,致命,电梯间,方法建设你的方面电子公司软件任何美国正在美国.
3011,91,176,2025-03-13,物体打击,致命,车间,一样生产分析认为产品研究孩子完全您的以下使用建设客户.
3012,57,256,2025-06-15,物体打击,中度,户外,大小就是之后免费投资学生孩子为了生产积分他的.
3013,57,137,2025-06-18,触电,中度,工地,方式不会这样位置中文最新不会虽然发现当然位置.
3014,84,800,2025-12-21,交通事故,重度,仓库,成为记者今天安全所有系列很多发展内容.
3015,30,158,2025-11-26,化学品泄漏,中度,食堂,解决威望成为单位社区评论这里.
3016,30,892,2025-10-11,交通事故,中度,食堂,软件国内你们最新一切有些国际教育这样类型资料起来这里决定.
3017,49,75,2025-06-05,化学品泄漏,轻度,仓库,同时说明游戏商品不断公司.
3018,65,92,2025-08-25,机械故障,轻度,户外,决定为了自己不会提供男人需要这里登录作者国家中文同时.
3019,8,513,2024-11-02,交通事故,轻度,食堂,直接虽然电脑时候音乐其中国际计划研究她的.
3020,47,720,2026-06-09,滑倒摔伤,中度,电梯间,由于我们设备设计学生大小城市.
3021,1,861,2026-08-18,触电,中度,停车场,公司事情也是搜索安全政府孩子一种.
3022,73,997,2026-08-01,触电,致命,电梯间,组织只要他的社会您的精华等级品牌注册商品学生如何.
3023,92,265,2025-12-21,火灾,致命,电梯间,规定的是发生谢谢音乐进行.
3024,85,128,2024-06-19,职业病,中度,电梯间,因为方式发现大家内容浏览经营方法软件只有为什如何.
3025,11,629,2026-06-06,过劳,致命,车间,的人的人也是主要应该孩子空间比较学校人民系列工作.
3026,4,76,2026-03-08,物体打击,中度,电梯间,而且出来地方因此状态质量生活所有提高只要是否.
3027,45,727,2026-08-20,交通事故,中度,仓库,功能一下希望结果运行中心城市数据工作业务.
3028,16,235,2024-03-25,职业病,重度,实验室,朋友客户学生由于系统显示表示中文社会.
3029,19,333,2025-11-23,坠落事故,致命,仓库,上海设计服务空间以及电影加入不是然后回复但是管理.
3030,44,817,2024-07-09,滑倒摔伤,轻度,食堂,技术加入发表有些简介免费我们不过重要公司决定.
3031,77,568,2024-06-24,职业病,重度,维修区,销售解决一下点击一般地方使用有关根据首页.
3032,36,172,2026-08-25,坠落事故,致命,工地,朋友不同本站也是你们以后实现选择如何企业女人.
3033,41,2,2026-09-03,火灾,致命,工地,我们文章表示进行决定品牌所以一起当前需要还有问题商品全部.
3034,96,210,2025-01-06,火灾,轻度,车间,不过查看上海信息有限发展.
3035,97,200,2026-05-25,过劳,中度,实验室,如何一个来自积分不过技术根据系列日本特别如果.
3036,47,476,2026-03-13,交通事故,轻度,电梯间,下载威望质量大小根据环境活动.
3037,37,356,2024-10-22,交通事故,致命,实验室,密码具有其他电话中文当前进入能够现在工程报告.
3038,51,655,2024-12-27,化学品泄漏,致命,户外,不断欢迎记者两个项目其他参加发布登录认为各种回复.
3039,46,481,2026-08-16,火灾,重度,停车场,不要而且下载所有的是安全正在虽然音乐图片使用.
3040,70,431,2026-01-29,化学品泄漏,重度,户外,文化知道积分一点因为帮助.
3041,76,761,2025-05-03,触电,致命,户外,当前用户发布这是这是可以建设价格点击.
3042,80,401,2025-08-20,物体打击,致命,办公室,规定以后如何这些发现发现.
3043,16,299,2024-10-11,职业病,致命,电梯间,发表这样应该自己都是现在显示.
3044,5,874,2025-07-10,过劳,中度,仓库,经济大家选择等级投资空间.
3045,64,394,2024-08-24,触电,致命,停车场,网上日本搜索实现因为所有文章系统要求各种您的品牌本站.
3046,12,142,2025-02-19,滑倒摔伤,轻度,实验室,通过回复登录一个控制价格其中一个.
3047,25,440,2025-11-03,机械故障,中度,工地,使用开发论坛关于等级最新这个那么主要.
3048,90,835,2023-11-06,坠落事故,中度,车间,需要今年用户结果提供经济.
3049,71,987,2026-02-18,滑倒摔伤,中度,仓库,注意相关论坛政府首页游戏完全所有标准全部单位公司工作.
3050,28,647,2024-09-19,火灾,致命,车间,表示上海应该一个投资安全不能所以技术应该.
3051,43,185,2024-12-24,触电,轻度,办公室,如何这样报告看到广告以上.
3052,39,893,2025-11-06,物体打击,中度,维修区,次数是否一切地方部门一些但是.
3053,38,566,2026-02-03,触电,致命,实验室,手机品牌质量有限价格谢谢.
3054,50,246,2025-04-20,滑倒摔伤,中度,停车场,完成为什其中准备一点提高同时最大推荐.
3055,42,402,2024-11-17,机械故障,轻度,户外,都是可能名称不能技术地方系统是否合作日本处理全部类型.
3056,38,498,2026-04-02,物体打击,重度,停车场,虽然你的可以您的都是这样.
3057,75,848,2021-11-03,火灾,中度,维修区,然后一点我的客户记者一个学校点击地址情况都是发布中国.
3058,7,878,2026-05-16,坠落事故,中度,仓库,不能新闻市场只是工作您的你的欢迎当然价格作为完成.
3059,31,428,2025-09-30,火灾,重度,户外,管理方法类型问题更多控制文化查看方式等级.
3060,55,140,2024-06-14,触电,中度,办公室,您的自己介绍有些看到生活.
3061,41,377,2026-03-21,职业病,重度,户外,简介活动问题之间这种合作一般.
3062,13,859,2023-07-21,物体打击,重度,维修区,也是无法大家中国发布注册.
3063,30,289,2024-11-16,物体打击,轻度,仓库,你的根据具有免费这么广告因此开始运行中国你们.
3064,79,879,2024-11-09,机械故障,轻度,车间,不同单位继续部门上海一直这么希望.
3065,62,703,2026-08-19,物体打击,重度,户外,可是或者评论日本建设更新.
3066,6,780,2025-05-30,化学品泄漏,致命,电梯间,城市还是更多怎么能够得到准备需要名称.
3067,9,405,2025-10-27,化学品泄漏,轻度,实验室,主题虽然一起今天为了以及有限一般新闻选择.
3068,31,831,2024-10-20,坠落事故,中度,电梯间,不能产品以下大学最大软件汽车生产成为其中能力.
3069,36,512,2026-03-19,坠落事故,中度,户外,教育自己这个根据技术这样一切直接全部国家决定报告.
3070,9,465,2026-03-19,物体打击,重度,户外,图片资源管理公司国内继续类别研究需要为了.
3071,8,5,2025-08-03,物体打击,中度,维修区,公司销售搜索起来安全可是而且其他由于中文.
3072,30,158,2024-09-29,滑倒摔伤,重度,停车场,成功世界一点点击更多联系学生.
3073,50,226,2026-01-20,火灾,重度,停车场,直接以上目前日期制作谢谢使用.
3074,85,128,2025-09-21,火灾,致命,户外,关于详细项目觉得说明社区进行首页应该一切电影查看.
3075,75,236,2025-11-14,机械故障,中度,食堂,有关只要还是本站登录开发已经项目投资人民能力通过可是.
3076,58,463,2024-11-19,坠落事故,重度,食堂,不同帖子这么这是的人的话应用这里注意.
3077,47,423,2026-02-19,坠落事故,重度,户外,现在不要大家具有发展大小.
3078,73,130,2025-10-06,化学品泄漏,重度,实验室,重要以上作为今天通过计划影响起来提供原因对于实现.
3079,85,509,2026-04-15,物体打击,中度,仓库,留言如何手机解决生活相关这里朋友美国的人客户使用.
3080,71,912,2023-03-16,化学品泄漏,中度,车间,选择回复市场标题不会正在.
3081,96,357,2026-03-06,触电,轻度,工地,规定全部一定当然是一但是很多经营还是建设他们.
3082,47,669,2026-08-03,触电,重度,维修区,解决是一最后评论之后应该记者上海朋友.
3083,34,570,2026-04-29,坠落事故,中度,实验室,人员电影如此游戏最新女人需要部门.
3084,14,215,2025-07-16,交通事故,重度,仓库,日期用户到了个人全部电脑现在开始的是经营都是必须.
3085,11,311,2026-02-01,坠落事故,致命,实验室,影响时候公司工具出现商品觉得正在状态的话非常发表.
3086,39,872,2026-08-15,化学品泄漏,重度,车间,社会包括内容投资根据可以东西或者然后问题一起作品.
3087,45,885,2025-08-21,物体打击,重度,停车场,不能各种功能提供手机无法因为.
3088,53,979,2026-06-01,滑倒摔伤,中度,户外,以下开始你的作者本站之间方法只是游戏世界影响而且手机.
3089,44,817,2024-07-31,机械故障,轻度,食堂,操作都是帮助一起或者感觉当然处理.
3090,22,541,2026-04-30,滑倒摔伤,重度,维修区,开始记者这是什么联系城市一起应用.
3091,60,682,2026-09-02,物体打击,重度,工地,中国开始标题回复其他上海文化搜索.
3092,15,694,2023-11-26,触电,致命,仓库,今年首页不断方法主要地方文件.
3093,94,622,2026-04-27,滑倒摔伤,轻度,维修区,主要通过还有这些目前发展.
3094,47,367,2025-09-09,交通事故,中度,停车场,部分实现然后不是次数管理空间关于日期.
3095,90,792,2026-04-21,触电,重度,维修区,资料汽车信息男人手机威望不能资料本站资源成功.
3096,86,152,2026-09-05,交通事故,重度,食堂,问题应该那些全部进入开始时候进行文件企业为了.
3097,11,311,2026-08-19,机械故障,致命,食堂,关于看到汽车销售时间部分程序他们他的这种无法.
3098,19,369,2025-10-22,触电,轻度,电梯间,功能特别威望全国社会国家资源一下服务全国还有.
3099,5,496,2023-12-30,过劳,重度,停车场,评论以上比较市场广告产品.
3100,71,13,2024-02-26,职业病,轻度,实验室,正在因此学习能够过程留言女人东西.
3101,22,541,2026-06-08,滑倒摔伤,致命,车间,新闻的人本站这么公司日本首页深圳如何社会方面男人.
3102,52,237,2026-04-08,火灾,轻度,维修区,地方表示自己上海最后管理论坛活动次数社区.
3103,9,857,2026-06-15,触电,轻度,食堂,要求他们是一方式价格语言或者这种工具.
3104,53,833,2024-07-12,物体打击,中度,工地,这么精华会员可是回复作品.
3105,38,313,2024-07-11,触电,重度,电梯间,通过之间公司增加类别电话比较学习只要不要时候.
3106,22,658,2024-12-21,职业病,重度,电梯间,威望可以来自安全表示运行虽然.
3107,21,888,2022-04-04,过劳,轻度,办公室,主要说明学校发展一种准备.
3108,79,879,2023-11-02,滑倒摔伤,致命,实验室,你们项目全部一个状态就是.
3109,40,673,2026-09-08,过劳,致命,停车场,地方为什显示现在基本通过.
3110,3,995,2025-02-10,火灾,中度,户外,正在孩子不能是否工具我们为什那么教育品牌一点中国还有.
3111,10,297,2025-03-08,触电,致命,食堂,对于学生责任起来经济可能基本这里回复.
3112,50,27,2024-07-03,坠落事故,中度,停车场,有些因此应用部门重要阅读最大具有.
3113,46,724,2025-03-04,火灾,中度,停车场,怎么产品投资两个学生进入之后系统也是不会企业同时提供.
3114,2,927,2023-09-28,滑倒摔伤,重度,工地,开发希望安全技术需要你们.
3115,33,630,2026-09-06,交通事故,致命,食堂,之间重要拥有更新东西经验社会来自新闻内容.
3116,60,262,2025-09-18,物体打击,轻度,电梯间,根据中心中心相关的话法律那个.
3117,61,116,2026-09-04,化学品泄漏,中度,仓库,虽然您的上海不同就是关于准备他们音乐国内.
3118,7,315,2024-08-28,机械故障,轻度,实验室,那些国际出现其中资料选择专业觉得对于出现虽然一起.
3119,73,543,2022-08-06,过劳,重度,维修区,科技如此显示制作任何计划不要问题非常一直同时大家不会.
3120,78,690,2025-03-15,火灾,中度,车间,之后一切他的分析通过选择经营服务企业单位制作看到只有.
3121,63,192,2026-09-07,坠落事故,轻度,维修区,今天会员方面应该记者这是你们解决历史.
3122,57,307,2025-07-03,火灾,致命,维修区,语言如何应用城市日本运行有关.
3123,1,974,2025-06-15,过劳,重度,户外,功能地区只有人民阅读一次两个今天类型类型还是资料一个.
3124,53,672,2024-11-13,过劳,中度,工地,免费方面人员活动查看作品以及.
3125,85,509,2025-05-21,触电,轻度,仓库,以及介绍非常我的出现很多拥有的人发展.
3126,73,882,2023-02-07,化学品泄漏,轻度,仓库,也是得到其中上海可是显示部门那个服务精华.
3127,98,60,2026-06-13,坠落事故,重度,办公室,也是数据世界音乐中文中心.
3128,84,15,2025-08-31,交通事故,轻度,实验室,商品作品一起可是控制大学一定文化国内音乐.
3129,86,152,2026-07-05,过劳,中度,电梯间,科技过程看到比较看到数据特别工作具有方法很多这些.
3130,57,85,2026-07-27,过劳,中度,食堂,之后一般只是其实部门图片那个电影汽车如果所以必须.
3131,53,736,2026-08-27,坠落事故,中度,仓库,公司有限相关完全作品对于还有更多最大部门对于你的.
3132,50,272,2026-05-21,机械故障,中度,食堂,中心表示设计企业回复开发广告评论她的论坛感觉.
3133,44,817,2025-07-04,滑倒摔伤,致命,办公室,电脑开始一个主题需要现在喜欢电子重要其中情况工具.
3134,26,90,2025-12-25,过劳,致命,仓库,本站中文网站成为对于那个内容.
3135,66,978,2024-10-01,物体打击,轻度,工地,那个感觉工作通过这么社区服务.
3136,28,101,2023-01-29,过劳,中度,停车场,内容活动情况精华您的部门发表威望这么通过这里需要信息.
3137,56,688,2026-06-04,触电,中度,户外,支持今天解决操作国内一起得到原因数据提供中心发现.
3138,38,640,2024-02-09,触电,重度,工地,这么加入只是然后推荐运行更新人员语言运行中文.
3139,68,787,2023-10-10,火灾,中度,电梯间,电影然后其中销售记者时候安全的人如果.
3140,2,191,2026-04-27,坠落事故,中度,仓库,必须图片觉得环境发表应该根据男人也是详细.
3141,31,314,2023-02-06,过劳,中度,停车场,评论完成出来也是之后经营一样您的全部直接的话教育空间大小.
3142,25,764,2023-04-29,机械故障,致命,维修区,业务投资但是这里这个直接操作组织中文设计留言.
3143,55,148,2024-04-27,物体打击,致命,车间,标准开发实现就是操作所以法律通过加入登录.
3144,64,23,2023-12-13,化学品泄漏,重度,维修区,不是你的网络她的产品今天事情注意.
3145,99,805,2024-12-21,过劳,致命,实验室,不要有些分析其他公司积分人民有些需要认为.
3146,63,192,2025-10-23,化学品泄漏,重度,车间,通过人员需要积分现在知道作者出现希望.
3147,6,286,2024-08-04,交通事故,轻度,户外,全国都是开始你的不断欢迎.
3148,98,94,2024-06-02,职业病,中度,维修区,历史非常是一商品设计质量大小可是事情手机科技增加.
3149,76,11,2024-10-28,过劳,致命,办公室,知道来自人员手机中国教育.
3150,39,627,2024-03-06,滑倒摔伤,中度,仓库,发布帖子服务过程法律操作来自.
3151,52,237,2026-08-19,过劳,致命,户外,简介起来所有包括自己相关这样最后或者增加等级.
3152,45,970,2026-05-16,职业病,致命,办公室,而且注意国内影响不断说明国际不过.
3153,38,313,2024-05-19,物体打击,重度,停车场,密码查看科技空间那么生活电影帖子无法过程.
3154,96,551,2026-08-29,机械故障,轻度,车间,或者合作查看之后非常只要手机两个直接.
3155,88,586,2024-12-29,物体打击,致命,办公室,大学完成可是原因威望应用国际语言.
3156,88,563,2024-08-02,职业病,重度,食堂,一次主要到了最后所有不要位置出来所以直接结果控制他的.
3157,46,78,2025-09-22,化学品泄漏,致命,工地,规定各种方面运行国内评论其中个人地方网上会员我的.
3158,87,207,2026-05-18,职业病,轻度,办公室,业务学生在线虽然完成他们产品建设如何图片处理.
3159,48,754,2023-05-22,火灾,重度,办公室,处理一下工程没有建设更多应该行业.
3160,18,74,2025-06-20,火灾,重度,维修区,搜索只要市场开始下载不是只有社会方式没有.
3161,5,500,2024-06-08,化学品泄漏,中度,停车场,主题就是安全责任最新一定商品解决.
3162,72,809,2024-07-05,机械故障,致命,车间,自己基本市场学校行业发现因此论坛东西建设发生次数女人.
3163,77,400,2025-02-22,机械故障,重度,电梯间,处理对于表示操作之后之后所以.
3164,19,170,2024-09-26,过劳,中度,食堂,不要工作其实其中评论标题音乐以及认为.
3165,6,774,2022-09-23,机械故障,中度,电梯间,是否为了虽然孩子谢谢而且等级位置提供包括事情谢谢以上完成.
3166,65,762,2022-12-28,交通事故,中度,户外,直接同时本站需要登录是一发生.
3167,64,971,2026-08-16,职业病,致命,维修区,浏览软件标题目前建设标题.
3168,67,77,2025-07-25,化学品泄漏,致命,工地,人民看到工作两个专业由于.
3169,87,202,2025-09-25,坠落事故,重度,办公室,特别人员增加要求技术音乐认为社会注意来源.
3170,59,149,2026-07-14,过劳,轻度,车间,自己中心密码程序简介只有大小品牌任何拥有最后可是.
3171,51,637,2024-10-10,化学品泄漏,中度,办公室,经济设备欢迎其中最大教育市场网站名称当前登录.
3172,66,197,2023-12-14,触电,轻度,仓库,资源留言或者发布欢迎结果.
3173,11,629,2026-02-28,坠落事故,重度,工地,手机控制不断商品最后本站研究新闻论坛公司是否全部地方.
3174,70,904,2024-02-19,触电,致命,电梯间,在线都是搜索今天其实如何.
3175,84,458,2024-10-04,交通事故,重度,停车场,搜索对于名称标准汽车时候的话你们发现谢谢谢谢完全.
3176,11,575,2023-03-13,坠落事故,重度,实验室,根据只有一个以下系列一下看到出现不过相关完成.
3177,10,179,2026-04-16,过劳,中度,停车场,决定法律这些业务相关日期各种详细管理.
3178,75,370,2025-02-17,机械故障,重度,电梯间,这些原因网上一样如此选择但是.
3179,73,947,2025-10-29,物体打击,致命,食堂,已经评论时候作为关于部分无法.
3180,94,491,2026-07-31,过劳,轻度,停车场,分析公司学校内容基本现在能够客户.
3181,6,433,2024-05-11,坠落事故,轻度,停车场,方法进入标题更多看到分析.
3182,75,366,2026-08-19,坠落事故,轻度,仓库,深圳实现服务开发一下只有.
3183,67,77,2024-12-14,物体打击,重度,停车场,因为密码法律可是任何各种工程类别市场时候简介继续结果.
3184,75,370,2026-06-11,物体打击,致命,维修区,企业谢谢都是操作中文主题得到.
3185,73,17,2026-08-12,过劳,轻度,仓库,问题帮助两个一次只是出来详细之后人民经验应用.
3186,44,668,2025-01-22,物体打击,中度,停车场,出来任何拥有如何朋友工具有限系统那个语言.
3187,81,597,2026-03-20,火灾,重度,食堂,因为等级然后的人你们质量阅读女人威望你的注意关于游戏系列.
3188,90,436,2026-08-06,滑倒摔伤,中度,工地,加入中心具有查看只是发布推荐问题.
3189,17,54,2025-05-06,机械故障,重度,停车场,以后现在手机参加发现认为.
3190,16,6,2026-03-18,机械故障,轻度,实验室,这种城市日本出来情况科技工作也是.
3191,80,547,2025-05-18,机械故障,重度,食堂,阅读积分显示其中技术标题处理.
3192,44,810,2026-07-22,交通事故,致命,车间,不断欢迎项目其中标准进行本站责任中心.
3193,28,35,2026-01-27,职业病,轻度,电梯间,希望参加以及文件制作深圳.
3194,63,782,2025-10-17,触电,中度,停车场,的是不同中心所有支持电影以及文化之间作者必须自己.
3195,96,210,2025-08-17,坠落事故,中度,实验室,只是必须以后不会操作之间非常应用可以作者设计知道位置工程.
3196,1,351,2025-07-22,坠落事故,重度,停车场,包括很多已经要求基本项目电话介绍等级主题发展世界.
3197,93,728,2023-12-21,物体打击,致命,停车场,系统电子相关控制自己设备工具帮助状态.
3198,24,654,2026-03-17,化学品泄漏,轻度,电梯间,使用具有回复发布需要个人报告环境但是通过那些很多.
3199,37,638,2026-03-02,过劳,中度,食堂,可以新闻的人应用您的主题根据.
3200,37,96,2026-06-15,火灾,轻度,食堂,时间包括精华可能公司你的这么要求任何是一应该特别虽然.
3201,95,455,2026-03-17,职业病,重度,维修区,全国资料来自开发企业手机今年都是过程最后.
3202,18,725,2026-01-19,职业病,重度,户外,图片今天所有说明就是或者.
3203,46,47,2026-05-06,交通事故,轻度,食堂,中国一下实现文件人员可是只有发表主要希望其实.
3204,24,12,2025-02-08,交通事故,致命,仓库,程序以上这么实现世界重要起来注意目前当前计划大小以上.
3205,38,566,2026-03-25,交通事故,中度,办公室,下载但是表示完全由于服务人员具有.
3206,36,416,2026-03-10,职业病,重度,户外,精华系列学生详细操作注册经验.
3207,55,285,2026-06-03,滑倒摔伤,致命,实验室,是否安全工作应用决定认为一定操作详细看到简介增加.
3208,73,947,2022-10-24,过劳,中度,办公室,作者精华需要由于系列免费提供什么发展能力工作.
3209,41,66,2026-07-30,滑倒摔伤,重度,户外,科技制作你们科技朋友发布当前知道那个这些包括的是各种.
3210,41,427,2022-03-18,交通事故,致命,维修区,城市项目标准当前最新谢谢软件类型客户.
3211,21,328,2026-08-28,坠落事故,轻度,维修区,认为方式电子工程有些能力都是电话制作企业详细.
3212,90,266,2025-06-17,火灾,中度,工地,然后数据空间如果都是本站回复您的如此文件情况基本类型.
3213,44,112,2025-05-02,坠落事故,轻度,办公室,具有社区技术系列单位登录发布的话.
3214,53,417,2026-07-23,坠落事故,中度,电梯间,品牌这些回复因为一切感觉女人免费这里其中结果.
3215,55,439,2025-12-19,物体打击,轻度,办公室,研究知道活动一定一下来自一些不会只有没有进入推荐.
3216,11,806,2025-01-08,交通事故,致命,实验室,建设活动情况软件一样文件男人没有.
3217,69,677,2025-05-17,过劳,轻度,实验室,帖子起来资源方法语言注册各种为了说明过程.
3218,90,611,2025-01-29,化学品泄漏,致命,办公室,女人知道技术选择自己作为简介.
3219,60,178,2025-10-17,触电,中度,电梯间,世界网络帖子现在完全可以.
3220,29,864,2026-02-16,火灾,中度,维修区,留言单位还有商品免费的人原因今天主要.
3221,75,674,2026-03-03,职业病,致命,维修区,评论网站自己无法参加应该由于实现控制.
3222,51,655,2026-02-05,坠落事故,中度,车间,更多回复女人得到很多企业位置重要经验而且更多工作.
3223,41,616,2026-08-25,触电,重度,户外,这种如果软件说明语言作为价格帮助.
3224,38,485,2026-05-29,触电,重度,实验室,人民电子系统必须注册目前这样教育责任得到.
3225,22,880,2024-07-25,火灾,重度,电梯间,不断活动全部地方软件拥有来源.
3226,58,482,2024-10-26,职业病,中度,工地,中国学生为了注意解决空间广告大小.
3227,22,473,2026-09-04,火灾,轻度,实验室,语言自己发展不是如何他们这些的话论坛应用项目.
3228,87,202,2026-04-18,交通事故,轻度,维修区,市场这个只有对于数据包括影响如何支持.
3229,60,609,2025-11-22,职业病,轻度,户外,成功程序这些所以能够选择部分.
3230,90,435,2026-05-30,职业病,重度,维修区,设备还是查看不同这些电话质量网上一起全国用户地方.
3231,35,695,2025-05-29,职业病,轻度,工地,所以解决一些这个当前美国操作服务.
3232,52,474,2025-07-16,触电,中度,电梯间,网络现在下载直接觉得环境数据当然还有学习.
3233,63,922,2026-04-26,职业病,重度,停车场,选择可能成为查看开发原因出现一切.
3234,3,426,2024-03-14,化学品泄漏,致命,维修区,名称的话希望这里精华国内地区.
3235,1,46,2026-05-06,化学品泄漏,致命,停车场,得到所有什么经验一起不过网上产品这里报告怎么任何一切.
3236,92,700,2026-01-19,机械故障,重度,食堂,这些政府的人工具已经但是法律设备中国更多今天.
3237,75,236,2025-02-11,化学品泄漏,轻度,维修区,论坛电影能力法律报告管理还是.
3238,50,850,2022-02-14,滑倒摔伤,中度,仓库,评论今天记者阅读法律增加国家今年详细我的.
3239,51,613,2026-08-07,化学品泄漏,重度,仓库,虽然谢谢什么提高已经部分如果.
3240,40,919,2025-12-25,机械故障,轻度,办公室,他们工程直接没有那么科技个人最后品牌.
3241,77,373,2024-10-28,职业病,致命,食堂,结果觉得标准以后影响很多市场计划人民提供积分电话.
3242,42,181,2026-03-22,滑倒摔伤,重度,工地,点击合作空间不同一直更新.
3243,76,11,2023-05-30,物体打击,致命,工地,类别数据手机单位注意中心可能设计记者.
3244,11,260,2026-09-05,过劳,重度,户外,成为公司行业学生任何最大其中北京阅读次数产品管理.
3245,14,398,2026-08-24,机械故障,致命,户外,运行一起目前美国空间规定当然重要都是更新具有学生.
3246,5,7,2025-06-25,物体打击,致命,办公室,主题发现应该出现程序我的因为学习科技原因.
3247,61,56,2023-05-05,滑倒摔伤,致命,户外,目前社会环境事情如何那个发生社区世界.
3248,59,628,2026-03-17,火灾,重度,停车场,情况虽然各种关系发布社会根据.
3249,67,392,2026-07-07,火灾,重度,工地,一点完全新闻进入为什使用社会的人增加同时.
3250,46,250,2025-08-16,机械故障,轻度,工地,基本工具有些之后之间只是大学提高位置设计标准非常其他.
3251,99,274,2026-08-16,化学品泄漏,轻度,实验室,部分感觉产品责任他们回复国家开始关系积分工具.
3252,84,771,2026-07-07,触电,重度,仓库,查看还是发表状态建设活动这样.
3253,9,687,2026-04-14,火灾,轻度,户外,使用研究情况下载企业商品喜欢查看她的大家可能客户.
3254,7,292,2022-12-30,火灾,轻度,食堂,只有组织行业一起因此作者这是生活质量您的.
3255,92,425,2023-06-22,坠落事故,重度,仓库,不断责任标题全国计划系统一般重要可能显示来自.
3256,90,436,2025-06-07,化学品泄漏,中度,工地,文件东西专业这些查看因为欢迎支持基本.
3257,30,32,2023-03-20,职业病,致命,维修区,人员首页谢谢世界新闻各种经营什么的人.
3258,61,56,2025-08-15,机械故障,致命,电梯间,评论加入以后结果地方显示国家东西自己是否软件一下需要.
3259,63,317,2021-12-29,物体打击,轻度,实验室,中国时候责任广告今年不会要求操作.
3260,61,234,2022-03-12,物体打击,致命,工地,或者增加一切已经比较威望发生专业过程之后.
3261,5,500,2025-11-17,触电,致命,停车场,上海但是一定责任那些更多方面注意.
3262,41,837,2025-08-12,物体打击,重度,工地,类型安全只有信息文化系列目前两个只是人员.
3263,40,665,2026-09-05,物体打击,重度,工地,参加不是这个深圳可以最新起来国家行业可能这里联系能够.
3264,32,249,2025-07-24,滑倒摔伤,重度,食堂,那个要求地方生产电影说明上海中国这么.
3265,60,615,2026-02-27,过劳,重度,办公室,今天业务公司不断拥有然后我的发生.
3266,89,432,2025-05-15,过劳,重度,实验室,法律也是具有或者程序进入留言发布正在.
3267,75,674,2025-05-09,触电,中度,停车场,手机进入比较不同深圳全国当前.
3268,47,80,2022-11-30,物体打击,轻度,停车场,建设过程一直行业准备发布不是文章公司解决.
3269,95,284,2025-04-07,交通事故,轻度,仓库,显示查看专业各种作品数据这种如果只要内容控制欢迎.
3270,44,817,2024-07-15,坠落事故,致命,办公室,解决深圳要求出来得到相关国内不过经验名称.
3271,62,870,2026-05-20,触电,中度,仓库,人员评论欢迎资源更多一起出来原因客户世界今年.
3272,52,478,2023-06-27,触电,重度,实验室,所以技术有关完成详细记者所以大学生产.
3273,38,640,2024-10-25,物体打击,中度,办公室,内容阅读记者也是系列开始.
3274,46,826,2026-05-14,机械故障,重度,办公室,软件所以网站然后会员表示之后已经.
3275,29,255,2023-02-20,坠落事故,致命,工地,投资等级以及一下历史一下感觉不过非常主要.
3276,86,456,2024-02-27,物体打击,致命,工地,社会数据信息很多进入功能帮助还是通过活动当然组织.
3277,46,724,2024-09-30,坠落事故,重度,食堂,一下公司精华语言责任精华技术语言如此发生工作产品组织.
3278,56,118,2022-10-01,交通事故,致命,工地,同时新闻下载项目只要喜欢密码网站拥有.
3279,92,360,2026-02-07,坠落事故,中度,户外,时间对于直接生活影响处理本站希望语言精华原因过程比较.
3280,95,803,2022-08-26,交通事故,轻度,工地,需要类别不要图片方式经济组织一般有限以及系统.
3281,64,414,2024-08-13,交通事故,中度,户外,您的你们应该但是详细帖子根据北京市场一个.
3282,46,685,2024-10-11,职业病,致命,工地,地区起来本站美国决定管理法律由于.
3283,31,831,2023-09-26,物体打击,致命,户外,帮助浏览人员要求关于只有系统学习.
3284,59,149,2026-07-25,坠落事故,重度,电梯间,安全人民内容安全出来类型运行以后不是的是加入一样地方.
3285,30,127,2025-05-23,坠落事故,重度,实验室,文件汽车自己学生完全没有记者之后准备注册成为知道地址.
3286,96,838,2026-06-17,触电,致命,车间,必须安全各种标题作品继续出来环境语言日本网站联系.
3287,40,976,2026-05-07,机械故障,致命,仓库,安全不断支持安全品牌加入产品.
3288,79,361,2025-12-13,物体打击,中度,实验室,评论不同帮助是否有限价格实现参加教育自己经营.
3289,51,613,2026-06-13,触电,中度,户外,位置自己不同留言方式分析结果.
3290,53,759,2024-11-30,坠落事故,重度,户外,学生成功大小发生空间发生深圳您的只是准备不是城市论坛.
3291,62,956,2025-07-20,滑倒摔伤,中度,维修区,在线之间企业城市发生直接您的朋友起来软件你的.
3292,56,118,2023-10-08,化学品泄漏,轻度,维修区,欢迎由于最后日期注册免费实现推荐语言.
3293,88,915,2025-04-23,物体打击,致命,户外,建设类型分析社会图片政府重要选择一定.
3294,14,319,2026-04-06,交通事故,中度,维修区,发展谢谢美国状态同时浏览是否自己北京.
3295,11,378,2025-03-17,触电,中度,停车场,欢迎阅读拥有电影这是大家部门开始实现评论.
3296,67,290,2026-06-11,物体打击,轻度,户外,对于发现加入地区发生一切我的.
3297,60,760,2025-04-14,机械故障,重度,实验室,具有一种是否一定注意上海来源学生.
3298,46,685,2025-06-29,化学品泄漏,重度,办公室,积分生活有限由于不断销售密码责任搜索出来.
3299,84,771,2026-08-08,化学品泄漏,中度,实验室,方面空间方式浏览您的因为学生.
3300,94,477,2026-09-01,职业病,轻度,食堂,教育一点国际有限次数注意帖子手机有限到了实现中国.
3301,56,118,2023-12-13,机械故障,轻度,食堂,今年价格报告实现具有要求一定方式评论控制.
3302,18,160,2026-05-16,职业病,中度,停车场,搜索非常地址通过最新责任怎么您的标题.
3303,13,859,2025-12-10,物体打击,中度,户外,制作部门情况选择建设图片时间所以.
3304,44,817,2025-07-16,过劳,重度,电梯间,查看文化活动男人感觉合作.
3305,57,85,2026-08-26,交通事故,轻度,停车场,专业个人资料登录以及方面一切.
3306,100,275,2026-07-23,机械故障,致命,停车场,研究部分北京留言能力东西各种进入.
3307,16,6,2023-08-24,触电,重度,电梯间,制作觉得计划工具商品部分一起相关是否美国广告.
3308,78,322,2025-10-16,触电,中度,维修区,语言时间资源朋友还是查看图片一直.
3309,73,947,2023-07-24,火灾,轻度,工地,主题然后销售世界喜欢技术也是感觉发展.
3310,3,995,2026-07-19,火灾,重度,食堂,东西自己学校有限经济文化两个.
3311,88,915,2026-02-27,坠落事故,中度,办公室,之间这种所以活动然后帮助一点可能方面今天更新根据之后.
3312,19,945,2024-10-30,触电,致命,电梯间,系列国家所有选择一起手机手机语言.
3313,29,929,2026-05-11,坠落事故,中度,户外,标准感觉登录具有大小个人活动.
3314,82,701,2026-07-19,化学品泄漏,重度,工地,最大服务加入必须文件其实汽车.
3315,35,749,2025-05-18,触电,轻度,维修区,成为组织一种所以更新美国.
3316,85,550,2026-06-04,化学品泄漏,致命,食堂,今年特别留言音乐中心全部比较提供正在处理.
3317,65,681,2022-04-05,坠落事故,重度,维修区,孩子如果比较说明结果语言技术什么结果问题.
3318,63,567,2024-04-22,触电,中度,仓库,标准在线国内大学完全地址文化通过数据人员.
3319,43,375,2025-12-10,火灾,重度,办公室,位置应该地址学生环境能力结果结果.
3320,50,856,2025-01-07,坠落事故,重度,仓库,准备以后国家东西经验介绍的人产品地区因为一点.
3321,83,497,2023-11-06,火灾,轻度,车间,应用汽车觉得开发感觉状态其他联系来源城市增加其实.
3322,50,595,2026-01-10,交通事故,致命,停车场,公司开发只是出现免费影响自己留言继续这样一定觉得人员国内.
3323,41,752,2026-08-06,物体打击,致命,食堂,不会资料免费社区正在目前谢谢主题生产.
3324,62,870,2026-04-02,触电,重度,食堂,可是位置比较更多品牌研究情况如果正在空间一起.
3325,3,845,2025-04-09,滑倒摔伤,重度,食堂,更多语言报告已经只是进入学习解决控制不要下载国家.
3326,36,529,2026-06-04,过劳,致命,办公室,位置简介增加语言控制可是主题标题资料加入一般现在具有.
3327,78,690,2026-06-02,触电,中度,停车场,留言分析如果如果登录那些工程.
3328,3,573,2024-08-11,化学品泄漏,轻度,维修区,工程自己方式等级为什谢谢查看对于非常可是.
3329,39,627,2022-08-24,化学品泄漏,轻度,车间,主题广告日期登录生活经济.
3330,6,325,2025-11-12,职业病,中度,办公室,文章认为一定个人帮助这是那些一直登录只要系统以后深圳.
3331,55,285,2026-01-06,交通事故,轻度,停车场,地址进行结果国家时间也是发表.
3332,67,77,2024-11-23,滑倒摔伤,重度,仓库,应用结果一定他的成为相关开始会员关于最后基本联系.
3333,3,890,2026-08-14,触电,轻度,维修区,提高关系专业提供开发到了.
3334,27,508,2025-12-25,触电,致命,户外,继续也是电子拥有专业全部提供下载电脑市场软件运行电脑.
3335,75,674,2026-09-05,过劳,致命,食堂,主要单位空间介绍记者等级.
3336,6,415,2024-12-05,触电,重度,食堂,的是以下投资一定能力手机状态次数.
3337,37,356,2026-03-10,坠落事故,轻度,户外,规定电影一起能够下载情况过程当前.
3338,91,659,2022-10-12,机械故障,重度,维修区,还是朋友会员部门一点人员学习因为.
3339,28,504,2026-08-03,触电,中度,户外,为了全部国内完全留言其中.
3340,39,507,2026-05-30,火灾,轻度,车间,认为可以方面手机准备然后.
3341,9,465,2023-01-27,机械故障,致命,户外,免费最后电影登录最大表示.
3342,49,911,2026-08-30,过劳,致命,食堂,积分完成联系那个的是最新.
3343,5,496,2025-01-15,交通事故,中度,食堂,相关完全文章影响可是经济广告不能女人积分.
3344,8,552,2025-07-31,物体打击,致命,工地,位置设计文件地区感觉怎么这样问题主题.
3345,90,924,2024-07-07,物体打击,轻度,食堂,相关设计可是在线应用密码支持我们如此企业特别经营.
3346,84,15,2024-10-01,物体打击,轻度,工地,学习孩子继续但是得到他们到了.
3347,26,689,2023-12-07,化学品泄漏,中度,办公室,知道留言而且直接生产我们资源继续中国.
3348,36,383,2026-02-18,火灾,中度,停车场,有关发展工作任何所有自己生产查看还有积分.
3349,66,197,2025-04-02,坠落事故,重度,车间,其他说明进入因为作者历史操作.
3350,34,244,2025-05-07,触电,中度,车间,得到为了投资帮助不断然后还是是一方法等级回复资料对于.
3351,99,186,2026-08-20,火灾,轻度,户外,最后由于用户内容支持应该不同一样.
3352,36,512,2025-06-14,过劳,中度,停车场,标准服务开发注册这么浏览发表一般.
3353,60,233,2024-03-31,滑倒摔伤,中度,电梯间,过程电脑合作推荐有限时间留言公司组织其他所以关于.
3354,60,790,2023-08-17,过劳,中度,食堂,原因可能发展系列类别你的中文这样.
3355,12,224,2023-12-21,机械故障,中度,实验室,事情开发来自支持开始电影查看的人你的解决增加这是方法.
3356,73,997,2026-04-17,交通事故,致命,车间,公司成功一个中文有关手机一下完成.
3357,94,204,2026-04-05,机械故障,重度,实验室,开发得到社会你的当然最后参加必须显示男人联系提高.
3358,42,181,2026-07-20,物体打击,重度,户外,感觉作为部分世界业务历史一种她的之间东西.
3359,23,955,2024-11-04,过劳,中度,食堂,地址很多不是继续所以服务有些介绍世界价格.
3360,58,582,2025-12-24,火灾,重度,电梯间,社区加入那个研究制作生产由于以下关于方式.
3361,97,457,2025-10-31,滑倒摔伤,轻度,实验室,不要在线一起责任主要精华组织.
3362,43,464,2025-04-05,坠落事故,轻度,食堂,控制只是规定出来还有服务.
3363,96,991,2026-08-07,物体打击,致命,工地,根据在线两个环境其中谢谢.
3364,94,622,2026-05-20,触电,重度,实验室,生产其实以上部门知道由于软件中文.
3365,67,390,2026-07-05,滑倒摔伤,致命,食堂,精华不要位置今年目前特别关于.
3366,19,277,2024-02-01,触电,致命,维修区,您的公司电影如何国内使用推荐看到威望加入不要网络选择.
3367,2,453,2025-09-26,化学品泄漏,轻度,食堂,日本语言工作记者他们经济只要原因成为解决她的出来影响.
3368,16,350,2026-09-03,化学品泄漏,致命,工地,不断教育只有位置你们以下工程资源.
3369,88,563,2023-12-15,过劳,致命,电梯间,欢迎决定出现类型因此成为最大以下有限.
3370,48,585,2026-03-01,过劳,中度,户外,通过浏览位置语言用户感觉文件提供不断之间还是文章只是.
3371,85,509,2025-12-31,物体打击,致命,户外,支持有限可是一直电影经验一样一定标题广告.
3372,59,444,2025-04-12,坠落事故,轻度,电梯间,搜索电子活动图片自己商品男人中心最大.
3373,66,538,2026-07-10,机械故障,重度,食堂,控制是否电影这是来自电话发表还有关系也是国家.
3374,77,506,2023-04-18,物体打击,轻度,电梯间,的话客户类别一直计划当前标题质量类别影响的人成功.
3375,71,987,2026-03-12,物体打击,致命,办公室,他的软件工具原因很多北京学生什么以及就是决定但是.
3376,53,578,2022-11-20,触电,中度,工地,技术所以位置完成软件美国开发包括电影处理完全完成如果.
3377,38,729,2025-08-05,职业病,致命,仓库,工程详细应该还是分析虽然方法怎么工作.
3378,39,872,2024-10-02,职业病,致命,仓库,社会学生部门主题还是销售最新那些男人进行软件全部.
3379,38,598,2026-08-28,坠落事故,轻度,车间,开始各种内容支持不断报告.
3380,88,22,2025-03-16,过劳,重度,食堂,新闻实现发展直接网络控制根据.
3381,33,753,2026-06-07,化学品泄漏,重度,仓库,新闻应用社区包括回复您的电子发布.
3382,41,2,2026-08-22,过劳,中度,停车场,评论出现一切一样学生电子起来世界不能电影.
3383,52,834,2025-08-04,化学品泄漏,中度,办公室,感觉最新一些最大的话谢谢增加论坛中国感觉问题不同.
3384,84,15,2025-07-26,化学品泄漏,中度,电梯间,看到环境帖子以下网络也是这么或者要求作品一个.
3385,85,128,2023-12-31,火灾,轻度,户外,图片全部成功专业进行一种可以美国科技评论电影所以没有.
3386,62,44,2025-06-08,职业病,致命,维修区,阅读你的各种你的公司政府可是大家精华投资.
3387,3,845,2024-08-30,化学品泄漏,中度,仓库,没有以下解决实现也是价格基本.
3388,83,320,2024-04-02,机械故障,致命,实验室,情况只要设备虽然要求选择是否进入经验管理.
3389,7,511,2024-06-23,坠落事故,轻度,仓库,研究电脑这种留言主题计划不同今年活动标题孩子操作.
3390,76,446,2023-08-14,职业病,轻度,实验室,内容上海商品国家方式工作工程教育运行.
3391,73,947,2025-10-27,滑倒摔伤,轻度,办公室,汽车记者大小销售有些操作其中合作我的浏览发生合作威望.
3392,95,284,2026-07-04,化学品泄漏,重度,户外,两个正在自己一样能够还有这么相关回复看到.
3393,48,905,2026-05-28,职业病,致命,电梯间,到了管理以上类别状态我的操作由于日本工具准备也是今天.
3394,92,959,2026-02-12,机械故障,致命,仓库,文章搜索主要而且作品密码发生正在评论中国.
3395,82,701,2024-04-28,化学品泄漏,重度,办公室,影响可以文章评论计划可能.
3396,62,867,2025-09-24,滑倒摔伤,致命,车间,当前责任个人社区研究是否不会的是.
3397,66,213,2026-01-15,机械故障,轻度,户外,工程推荐环境加入单位一样一个通过选择.
3398,57,137,2024-12-09,火灾,致命,实验室,大学国内其中由于知道而且生产他的标题正在学生她的女人.
3399,42,180,2023-11-16,化学品泄漏,重度,户外,操作研究作者报告帮助历史进行国内其中重要.
3400,30,58,2025-08-21,触电,致命,车间,解决在线不过增加名称工具比较.
3401,41,220,2025-03-04,交通事故,致命,车间,今天觉得加入这里部门自己日本组织到了市场详细工作软件.
3402,13,804,2025-11-11,火灾,中度,电梯间,需要控制点击首页名称谢谢一般成为设备这样他的精华日本.
3403,37,942,2026-05-16,交通事故,中度,实验室,那个深圳出来技术市场本站责任其实怎么.
3404,2,768,2026-04-07,过劳,轻度,电梯间,首页比较地址单位您的也是主要以上你们密码简介有关东西提供.
3405,16,395,2025-10-29,坠落事故,中度,维修区,学生网上加入用户有些参加不是人员公司.
3406,19,369,2024-05-01,滑倒摔伤,致命,实验室,图片组织一直这个查看一切投资这个.
3407,31,758,2023-01-11,坠落事故,轻度,食堂,免费评论企业这里规定本站.
3408,41,616,2026-08-24,触电,重度,电梯间,深圳分析基本不要只是发表.
3409,56,135,2025-05-30,滑倒摔伤,轻度,维修区,如果一次不同朋友到了音乐.
3410,75,828,2026-03-19,火灾,轻度,电梯间,分析质量点击完全文件生产新闻人民来自.
3411,60,262,2026-01-29,过劳,中度,电梯间,觉得影响记者进行作品社区直接的话增加更新.
3412,98,94,2026-06-27,化学品泄漏,轻度,维修区,希望这个功能最大城市可以法律业务电影任何.
3413,33,630,2026-08-17,滑倒摔伤,致命,维修区,处理大小信息世界部分说明服务包括特别这么那个产品简介.
3414,47,177,2026-04-08,交通事故,中度,工地,点击客户当然通过然后准备为什最新一个.
3415,79,981,2026-04-27,触电,轻度,户外,历史因为文件国际东西美国看到文件回复其实更新如此会员.
3416,82,91,2025-07-02,触电,重度,户外,出现进行软件他的美国法律说明标准组织一起两个分析资源制作.
3417,6,433,2024-06-29,交通事故,重度,办公室,具有那个两个能够大家质量以及.
3418,19,945,2026-04-04,坠落事故,中度,维修区,比较内容世界学校他的可是国内同时详细注意.
3419,87,664,2026-02-19,坠落事故,中度,停车场,所以来源系列这些她的不要欢迎任何无法我们.
3420,13,612,2025-09-10,过劳,轻度,实验室,会员说明不要希望重要经营不同一般觉得你的.
3421,68,962,2025-08-03,坠落事故,中度,实验室,到了以下广告如何起来社区女人他的大学下载有限准备很多.
3422,48,153,2025-10-30,交通事故,轻度,停车场,你的搜索有些是一一切包括.
3423,95,159,2026-04-23,物体打击,轻度,维修区,工具那个经济大家这些得到女人成功东西其中程序技术具有更新.
3424,6,325,2023-04-01,坠落事故,重度,办公室,工作商品登录比较类型行业需要解决日期这些.
3425,36,416,2024-11-09,触电,轻度,车间,看到东西表示需要程序组织密码信息回复.
3426,44,112,2025-06-16,化学品泄漏,中度,户外,开发不断然后商品很多空间电影之间系列使用美国帖子.
3427,45,776,2026-03-23,触电,中度,食堂,地方或者首页一次不要虽然不同全部销售.
3428,1,861,2025-08-29,交通事故,重度,工地,市场今天运行记者公司本站工具决定.
3429,30,812,2023-08-18,坠落事故,重度,车间,各种合作大家然后更新显示不过活动认为.
3430,4,632,2025-06-22,过劳,中度,办公室,这是东西网络准备上海拥有他们完成网上欢迎.
3431,49,261,2023-09-02,火灾,中度,停车场,生产只有注册安全孩子包括完成完全是否得到服务大家市场积分.
3432,88,563,2022-12-06,火灾,致命,电梯间,功能应该一定一下就是主题.
3433,41,377,2026-06-18,火灾,致命,办公室,你的推荐今天程序不过内容.
3434,12,386,2025-12-27,火灾,中度,电梯间,学校通过方式电子网上基本活动公司我们是否不过.
3435,21,263,2025-02-12,触电,轻度,工地,市场介绍类型那些自己国家.
3436,46,250,2026-04-18,过劳,轻度,办公室,教育觉得必须阅读日本文化谢谢状态.
3437,83,678,2026-01-14,坠落事故,重度,维修区,加入的人提高说明运行汽车工作精华的人地方世界城市因为.
3438,58,129,2023-07-16,过劳,重度,办公室,社区为什注册包括日本以上系统有关方面你们开发来源新闻.
3439,30,812,2024-08-10,机械故障,轻度,工地,主要威望正在支持东西准备喜欢表示.
3440,29,255,2023-09-04,交通事故,重度,仓库,活动要求积分企业很多谢谢搜索历史部门电脑准备.
3441,64,124,2026-08-19,化学品泄漏,致命,食堂,这种一样谢谢现在这个业务.
3442,45,970,2026-07-19,火灾,重度,实验室,继续不同文件关于部门他们因为.
3443,41,752,2026-03-30,职业病,轻度,仓库,不能文化公司支持得到提供影响操作关于推荐国际.
3444,20,539,2026-08-02,职业病,重度,工地,情况中国作品广告什么位置.
3445,71,903,2022-09-06,职业病,致命,维修区,欢迎由于这个那个要求网上因此不能.
3446,76,382,2023-11-23,机械故障,致命,办公室,说明记者对于发现两个原因品牌发表时间.
3447,80,401,2026-02-10,物体打击,重度,户外,的是关系完成用户如何科技加入比较系列生产关于空间.
3448,73,323,2026-04-26,火灾,致命,户外,开发地址新闻电影朋友这么语言.
3449,82,228,2026-08-18,触电,致命,车间,特别教育因此电子不能欢迎汽车资源.
3450,66,538,2026-08-03,化学品泄漏,轻度,电梯间,准备直接网上设计一直工程.
3451,71,903,2024-11-27,过劳,轻度,食堂,直接决定运行网站增加项目地方一次.
3452,6,433,2024-01-08,火灾,致命,仓库,城市环境影响以上网络操作精华是一.
3453,31,447,2026-06-20,职业病,轻度,车间,能力必须已经人民功能次数由于广告必须系统所以已经如此.
3454,54,184,2026-06-02,化学品泄漏,轻度,电梯间,会员发表一下可是作品要求所有很多规定自己.
3455,11,253,2022-05-16,触电,中度,办公室,都是评论一样关于文化一定提高因此全国他的.
3456,61,104,2026-07-13,触电,致命,车间,非常以后提高支持产品东西结果全部音乐到了会员.
3457,71,107,2024-03-30,物体打击,致命,停车场,增加美国有关任何情况地区完全工程主要资料的人.
3458,30,892,2023-06-16,交通事故,中度,停车场,文章情况电脑谢谢标题我们由于情况通过解决学校.
3459,68,150,2024-11-25,物体打击,轻度,仓库,都是文化不能一点功能她的上海经验推荐.
3460,21,888,2025-11-19,触电,致命,工地,无法免费推荐之间分析如果拥有注意.
3461,25,449,2026-06-10,化学品泄漏,致命,电梯间,功能到了最后设备政府结果工具关系成为国内.
3462,96,515,2025-03-16,火灾,重度,办公室,直接的人孩子基本的是增加到了.
3463,79,879,2023-10-16,物体打击,轻度,维修区,一个图片原因公司关系一般电影精华次数欢迎不会这个支持.
3464,87,14,2026-05-12,物体打击,轻度,车间,社区一般这么无法经济地址公司你的现在地方电子以及谢谢.
3465,45,840,2025-11-08,职业病,轻度,仓库,她的一直其他品牌市场一个电影美国更多过程北京介绍.
3466,10,82,2025-09-25,坠落事故,重度,实验室,建设广告新闻一个国家一起投资设计之间认为本站.
3467,60,656,2025-06-29,物体打击,致命,工地,准备不会密码而且世界浏览资料能力下载我们文章我的.
3468,44,363,2024-01-09,火灾,中度,食堂,成功联系企业一起密码任何进入只是.
3469,77,400,2026-02-24,物体打击,重度,电梯间,一定得到学校以上其实女人现在这些深圳认为一直更多.
3470,92,387,2025-12-10,过劳,致命,停车场,最大女人技术关系社区不断商品资料.
3471,53,979,2026-05-12,交通事故,致命,仓库,因为技术空间信息网站起来无法城市在线留言.
3472,70,683,2025-10-04,火灾,中度,车间,精华人民那么为什系统我的简介还是帮助的人中心游戏地址.
3473,12,142,2026-05-18,职业病,致命,办公室,评论因此这是环境作者不同.
3474,6,105,2025-07-18,触电,致命,食堂,那个社区有限这么地址为了东西使用点击而且问题日期为了.
3475,93,590,2023-04-13,机械故障,中度,停车场,准备通过具有系列部门经济大学开始详细一切.
3476,19,310,2023-04-19,火灾,致命,实验室,不会自己生活系统下载评论深圳工具两个进行内容部门.
3477,23,589,2024-02-21,物体打击,致命,工地,进入一些喜欢一般不会他的我的相关制作地区重要到了.
3478,8,852,2023-10-26,化学品泄漏,中度,停车场,喜欢加入朋友不能一些制作得到当前学生地方一些经济.
3479,81,273,2024-05-07,过劳,致命,维修区,然后服务虽然为什网上环境.
3480,58,717,2026-08-11,滑倒摔伤,致命,实验室,我们次数新闻电话系统经济提高那些女人.
3481,88,326,2026-06-04,机械故障,重度,仓库,世界来自以后控制认为谢谢浏览男人都是登录.
3482,87,735,2026-05-20,触电,重度,食堂,应该重要发展来自喜欢方面重要我们主题.
3483,65,92,2025-12-12,过劳,中度,维修区,发现可是以上广告任何中心企业汽车说明工程免费显示城市.
3484,44,194,2026-07-28,火灾,中度,车间,技术是否规定觉得那个成功各种.
3485,90,953,2026-08-17,职业病,致命,维修区,科技经济公司所以留言其中其他价格的人开始表示.
3486,30,636,2025-06-06,坠落事故,轻度,办公室,学校一点然后文化生活业务人员汽车认为日本相关发布控制.
3487,23,108,2026-06-04,滑倒摔伤,轻度,仓库,因为空间朋友电子对于作品全部.
3488,55,998,2025-03-29,职业病,中度,维修区,会员一起女人方面问题这样合作.
3489,10,297,2024-08-19,机械故障,致命,车间,可以搜索一直查看回复结果.
3490,22,136,2024-03-17,交通事故,轻度,维修区,世界建设国内部分女人有限.
3491,6,321,2025-04-11,交通事故,轻度,仓库,成功这个地方我的人民现在计划等级人民最新.
3492,85,128,2023-06-22,职业病,轻度,办公室,投资设备发展继续时间一点出来基本.
3493,50,48,2024-10-05,滑倒摔伤,中度,电梯间,推荐汽车网站虽然历史但是使用以下地方目前.
3494,8,552,2025-02-20,机械故障,致命,工地,网络一点他们注意积分功能城市已经音乐结果.
3495,29,97,2022-11-16,职业病,中度,电梯间,必须数据部分电话对于类别拥有事情.
3496,28,713,2026-06-17,过劳,中度,办公室,孩子事情也是组织发生音乐在线由于.
3497,40,996,2026-01-19,化学品泄漏,轻度,电梯间,客户女人通过深圳那些其他科技工程时间情况处理成为.
3498,47,830,2026-08-18,机械故障,重度,食堂,而且电影得到中文有些决定.
3499,52,478,2022-08-21,物体打击,轻度,停车场,或者部门推荐学习手机政府使用操作投资系列在线.
3500,61,9,2026-03-09,火灾,致命,电梯间,一切特别本站公司您的的是应用孩子感觉当然.
3501,74,802,2025-11-08,火灾,重度,实验室,技术以下那个工具搜索质量价格以下没有其他.
3502,61,116,2025-06-30,化学品泄漏,重度,食堂,质量查看本站技术能够还有希望.
3503,97,583,2026-09-08,过劳,致命,食堂,发表方法部分简介密码支持.
3504,5,7,2025-05-17,火灾,重度,车间,在线如何当前地区学校操作.
3505,81,747,2024-07-28,火灾,致命,实验室,投资问题为了还是之间首页帮助网络.
3506,87,221,2025-08-23,职业病,轻度,办公室,程序科技或者品牌质量提供得到广告的是首页如此在线安全.
3507,14,146,2026-04-12,火灾,致命,办公室,要求程序自己其实首页威望其中网络一点觉得.
3508,25,440,2026-03-06,触电,重度,食堂,中国主要用户电话全部项目过程登录一下两个一起位置没有.
3509,41,208,2024-07-04,触电,重度,仓库,推荐作为参加非常之间这么作为原因制作或者.
3510,23,968,2024-11-18,化学品泄漏,重度,工地,加入本站全国中心标准一点能力.
3511,24,1000,2026-06-05,交通事故,致命,仓库,市场可是也是一切说明电影增加的话通过以及所有.
3512,13,967,2024-12-11,交通事故,致命,维修区,等级为什是一但是地方今天点击特别一定学生研究.
3513,41,143,2025-08-12,滑倒摔伤,中度,维修区,资料如此相关由于这里作者.
3514,61,56,2024-10-24,机械故障,致命,户外,等级学生为什他的但是所有制作朋友评论怎么汽车游戏.
3515,42,181,2026-08-05,化学品泄漏,中度,实验室,分析都是操作任何这种位置的人游戏.
3516,73,34,2023-11-13,过劳,致命,办公室,点击为什积分语言网上发布今年.
3517,74,802,2026-05-25,过劳,致命,工地,感觉注册汽车电脑安全只有出现有关工作你们是一.
3518,61,104,2026-07-01,物体打击,中度,实验室,深圳我们现在一种地区如果之后那些.
3519,88,22,2025-02-19,过劳,重度,停车场,免费客户为了谢谢问题一样.
3520,4,174,2026-09-02,化学品泄漏,中度,实验室,以后表示部分公司社区标题合作资料选择等级日期也是.
3521,61,282,2026-07-02,物体打击,中度,维修区,解决当然评论开始个人一点解决下载组织日本成为当前建设.
3522,8,552,2024-07-23,坠落事故,重度,食堂,学校喜欢包括企业具有今年之后因为.
3523,75,848,2022-03-24,化学品泄漏,中度,停车场,国家一直具有一般电影大小威望今天.
3524,13,859,2026-06-04,火灾,重度,电梯间,查看相关这里他的最新问题文件国内查看广告以下记者.
3525,75,370,2023-01-08,坠落事故,重度,维修区,一次成为什么一起帮助图片国际教育合作人民.
3526,60,886,2026-05-25,机械故障,轻度,车间,中文不过会员状态广告成功无法中心处理生活社会.
3527,92,223,2025-01-16,化学品泄漏,致命,户外,以上联系增加简介还有开发发布感觉看到名称.
3528,22,473,2026-08-23,机械故障,致命,食堂,不是通过历史注意也是那么研究影响无法.
3529,55,270,2023-06-18,过劳,重度,办公室,一样今天评论任何原因不同如何一点或者得到.
3530,9,486,2026-08-01,火灾,重度,食堂,结果的人表示地址起来部分情况过程资源欢迎主要.
3531,47,720,2026-05-17,职业病,重度,工地,销售继续标准任何直接进行要求空间联系看到无法设备可是.
3532,76,11,2024-07-09,物体打击,中度,维修区,开始历史网上行业其中需要你的新闻首页.
3533,46,481,2026-06-25,火灾,致命,实验室,大学支持所有历史城市之后生活喜欢部分法律其他他们说明.
3534,90,470,2026-06-11,触电,中度,食堂,上海软件到了注意责任比较或者一种来源.
3535,46,47,2026-07-18,物体打击,轻度,工地,什么准备到了威望计划东西生产.
3536,90,835,2023-09-20,机械故障,中度,车间,个人地区留言政府的人资料一点实现而且服务由于进行得到.
3537,45,863,2026-05-26,物体打击,致命,户外,朋友相关精华一个语言历史增加.
3538,80,691,2023-05-09,职业病,中度,办公室,因为会员资料这种之间主题一些登录点击图片经验.
3539,3,946,2025-04-29,过劳,中度,食堂,留言正在还有生活根据主要你的一次时候.
3540,24,494,2025-05-29,交通事故,轻度,办公室,是一深圳解决那个游戏部分广告资料用户你们到了.
3541,55,743,2024-07-09,坠落事故,轻度,停车场,这么一个经济文化品牌详细过程提供系列联系表示软件电子.
3542,25,902,2025-12-31,交通事故,中度,停车场,说明一种威望那么学生主题这么有关这个.
3543,84,134,2025-08-08,职业病,中度,户外,继续帖子现在活动问题到了不能这里来源.
3544,86,554,2024-08-19,火灾,致命,电梯间,下载怎么个人的话大学资料可是操作商品大家其他文化文化文章.
3545,65,935,2023-12-04,机械故障,致命,食堂,出现电子比较积分孩子不能因此.
3546,25,440,2025-10-24,机械故障,轻度,实验室,地方要求密码完全经营电子.
3547,51,843,2024-03-25,触电,重度,工地,研究社区东西继续重要音乐.
3548,73,454,2026-08-12,火灾,轻度,车间,类别点击状态个人次数选择商品能够城市这样分析起来到了.
3549,42,181,2023-02-10,过劳,中度,停车场,安全继续客户一个市场软件游戏不同.
3550,47,248,2025-10-28,过劳,致命,实验室,历史在线解决以下历史时候方面.
3551,8,513,2024-09-19,职业病,轻度,维修区,生产有关提高中文更新有关政府.
3552,6,963,2026-07-15,交通事故,中度,食堂,地址发布选择喜欢市场资源过程系统位置以上欢迎可是.
3553,3,995,2023-10-27,过劳,重度,车间,学生目前搜索资料历史内容一样程序原因要求更多.
3554,89,432,2025-01-21,触电,重度,电梯间,论坛一次程序我们只有全国.
3555,83,243,2025-10-29,化学品泄漏,致命,户外,城市个人无法语言根据详细开始欢迎手机.
3556,96,210,2025-05-03,职业病,中度,户外,今年决定孩子美国方面电影.
3557,29,97,2025-04-02,物体打击,轻度,办公室,事情需要因为得到朋友点击设计美国类型应该完全.
3558,85,206,2023-04-24,滑倒摔伤,轻度,车间,完全关系更多生产管理基本.
3559,64,559,2026-04-18,职业病,中度,车间,不过资料必须一定只是原因报告成为特别认为关系法律.
3560,82,811,2026-08-13,滑倒摔伤,轻度,维修区,学习责任科技还有品牌可以地区程序类型.
3561,42,522,2026-05-17,滑倒摔伤,重度,食堂,注册相关阅读公司其实可是广告这是是一.
3562,11,311,2026-06-28,化学品泄漏,重度,食堂,工作留言搜索文化规定开发其中正在帖子进入自己一起.
3563,79,441,2026-08-22,过劳,轻度,车间,作品为什完全发展那些记者手机各种用户当前最新.
3564,35,749,2025-12-20,触电,中度,停车场,有些北京的话情况程序搜索图片学校但是特别工程处理知道.
3565,49,75,2025-07-03,机械故障,轻度,车间,解决增加新闻更新有限为什其中实现深圳.
3566,21,603,2026-02-04,火灾,中度,食堂,今年基本单位一种下载一下支持同时全国是否市场网站.
3567,65,935,2025-02-23,过劳,轻度,仓库,拥有文化今年以上计划显示加入合作语言注意增加日期.
3568,4,459,2026-02-26,坠落事故,重度,实验室,这么感觉所以成为比较其中研究.
3569,7,706,2026-07-05,滑倒摔伤,重度,工地,问题比较网络语言拥有拥有觉得.
3570,51,637,2023-08-06,坠落事故,中度,电梯间,那么登录而且项目是否运行报告.
3571,44,194,2026-08-04,化学品泄漏,重度,电梯间,文件经济朋友点击成功方式提高单位.
3572,9,857,2026-06-19,职业病,重度,食堂,最后语言工作国际文章发生也是.
3573,44,668,2024-03-21,滑倒摔伤,中度,实验室,部分研究会员法律以及需要免费专业国际.
3574,9,687,2026-05-29,过劳,致命,仓库,公司不是电影研究系列这个运行语言.
3575,58,493,2023-08-01,机械故障,轻度,工地,因此只要表示研究作品看到原因等级东西必须这么学校单位.
3576,95,455,2026-05-05,交通事故,重度,电梯间,原因当前他的服务虽然城市.
3577,7,706,2026-08-26,机械故障,重度,户外,项目地方这种全国空间男人.
3578,62,429,2026-04-28,化学品泄漏,轻度,办公室,关于系统国内文化网上什么都是人民留言必须起来其中出现.
3579,8,5,2025-07-11,火灾,中度,仓库,开始时间而且不是回复得到.
3580,99,336,2025-04-04,机械故障,中度,实验室,问题会员设计学校最新来自.
3581,100,783,2026-06-04,化学品泄漏,中度,维修区,任何正在单位市场单位评论位置必须因为.
3582,35,339,2024-07-22,化学品泄漏,中度,户外,语言然后处理学习无法成功得到.
3583,50,119,2026-04-05,触电,轻度,车间,国家其实还有工具包括密码提高说明增加音乐原因.
3584,58,582,2026-08-17,滑倒摔伤,重度,实验室,这么解决最大她的名称程序.
3585,58,582,2026-08-09,交通事故,重度,实验室,关于方式首页政府对于类型电影怎么应用个人电脑怎么.
3586,7,565,2026-04-16,滑倒摔伤,致命,实验室,但是生产现在今天认为同时.
3587,100,557,2025-06-04,坠落事故,致命,食堂,资料用户必须一样喜欢的是当前都是用户朋友看到一定网络.
3588,82,975,2026-02-03,交通事故,致命,办公室,使用对于非常可是通过完成音乐市场无法.
3589,38,729,2026-01-17,过劳,重度,电梯间,类型处理发生等级选择能力结果学生作者应用你的积分.
3590,96,991,2026-08-04,过劳,重度,车间,需要社会北京支持一种经验处理状态组织全部生产.
3591,26,167,2026-06-08,坠落事故,轻度,户外,只有图片国内次数方面自己.
3592,21,328,2023-06-24,交通事故,中度,实验室,就是所有操作一般过程你的评论专业企业.
3593,29,255,2025-03-08,化学品泄漏,轻度,工地,人员质量首页因为教育出来市场不能语言状态论坛汽车.
3594,69,605,2025-11-20,过劳,致命,实验室,表示加入服务发布起来注意学校评论深圳帖子.
3595,60,682,2026-09-05,滑倒摔伤,轻度,仓库,标题解决朋友也是国家有些部分中心程序社区积分.
3596,74,802,2025-11-22,交通事故,重度,电梯间,欢迎出来问题在线人民完成还有科技任何设备合作记者.
3597,80,489,2023-12-07,触电,重度,维修区,浏览个人不是管理喜欢帮助.
3598,20,744,2025-10-09,触电,中度,工地,主要非常责任喜欢查看商品组织.
3599,46,531,2025-12-10,交通事故,轻度,办公室,说明行业显示能力的人人员重要推荐开始免费加入城市一直.
3600,14,182,2026-08-01,火灾,重度,维修区,大学城市希望可是更多地区.
3601,37,280,2026-08-14,职业病,重度,停车场,一样所以价格一种因为规定发现结果完成分析继续.
3602,46,531,2023-11-14,坠落事故,中度,食堂,任何国内你的加入更新没有软件精华.
3603,20,539,2026-08-13,火灾,轻度,工地,大小来自特别那个发现那个图片重要主题只是.
3604,61,56,2026-05-24,化学品泄漏,重度,电梯间,所有图片项目国内两个网络.
3605,99,887,2024-10-17,触电,重度,户外,虽然发布如此手机用户而且建设实现也是.
3606,16,350,2026-09-03,职业病,重度,维修区,一种用户欢迎部分结果对于还是大家今天发现数据部分.
3607,10,82,2025-12-22,火灾,中度,户外,因此而且以及电话政府发表之间一些注意企业一般全国.
3608,30,158,2026-01-24,触电,致命,电梯间,的是回复你们作品男人具有单位出现点击我的一些他们操作.
3609,12,710,2023-07-01,物体打击,重度,食堂,安全环境时间法律地区质量这样免费联系大家城市包括完成品牌.
3610,14,391,2024-11-30,职业病,轻度,食堂,一些同时不过关于通过她的类别为什来自经济.
3611,22,541,2026-08-01,滑倒摔伤,致命,仓库,更多法律同时的话音乐这种也是网络最大公司.
3612,50,334,2026-05-11,火灾,致命,电梯间,建设有限拥有文章一直标题选择不会这样.
3613,42,180,2024-05-30,化学品泄漏,致命,维修区,喜欢作为但是知道之间这个最后关于特别回复类型看到显示.
3614,67,392,2024-11-08,过劳,中度,维修区,密码经验因此朋友标题城市就是业务.
3615,41,66,2026-07-13,滑倒摔伤,致命,办公室,阅读情况两个注意他们方法位置最新任何下载最大品牌服务.
3616,45,730,2026-03-04,交通事故,中度,工地,科技功能项目工程一切技术.
3617,98,238,2024-06-28,过劳,重度,实验室,电话阅读她的这个本站没有部门当前国内全部深圳合作现在.
3618,65,92,2025-07-25,物体打击,中度,工地,不要这个注册中文注册准备解决可以选择控制这里那些设备.
3619,3,890,2023-09-23,机械故障,轻度,车间,系统具有科技不能等级音乐的人.
3620,7,877,2026-06-12,交通事故,轻度,仓库,欢迎一点一样选择选择报告当前注意信息.
3621,44,63,2025-05-30,化学品泄漏,轻度,办公室,登录最后知道问题部分部门数据活动.
3622,30,342,2023-04-09,火灾,致命,维修区,然后北京一直什么本站质量谢谢没有销售社区提供这里.
3623,98,610,2026-06-07,化学品泄漏,轻度,电梯间,成功不过都是还有免费一切不要软件希望日本当前继续.
3624,40,772,2025-04-08,交通事故,致命,办公室,功能当前出来进入所有一定人民.
3625,82,492,2026-04-13,机械故障,致命,电梯间,这样不同网络进行表示名称还是联系不断男人.
3626,66,308,2023-11-02,交通事故,致命,食堂,企业的话时候完成建设阅读威望还有那个任何简介.
3627,99,186,2024-12-31,滑倒摔伤,中度,维修区,原因作品内容选择如何质量大小现在现在过程市场支持登录.
3628,20,796,2026-09-05,滑倒摔伤,轻度,维修区,为了等级资料说明标题之间.
3629,75,943,2024-06-18,过劳,致命,仓库,这些关系只要无法的话社区可能一下如此.
3630,78,994,2024-03-18,物体打击,致命,车间,自己回复国内有限但是目前数据这个.
3631,28,504,2025-10-15,化学品泄漏,轻度,仓库,还有会员评论当然更多行业的是继续本站不要.
3632,86,472,2026-05-20,职业病,重度,仓库,学生政府基本新闻因此历史那些她的问题最大同时可以.
3633,48,169,2024-05-17,火灾,中度,停车场,不同服务业务主要中文之后责任以上成功帖子这种全国.
3634,82,977,2025-02-07,触电,致命,电梯间,教育两个一个来源制作国家觉得朋友商品相关次数女人.
3635,53,759,2026-04-03,火灾,重度,食堂,国内本站部分看到作为实现文章或者不能世界过程提高相关.
3636,87,708,2025-08-02,过劳,轻度,停车场,准备学生语言操作自己成功得到其中因为美国处理来自最后.
3637,94,535,2024-08-30,火灾,中度,户外,组织业务我的显示一起经济一下公司科技上海方法运行.
3638,74,479,2025-11-06,滑倒摔伤,致命,停车场,免费发展学习支持规定其他单位密码公司作者.
3639,10,179,2026-06-29,化学品泄漏,中度,仓库,日本游戏个人参加不会必须那么所以中国所有表示不要.
3640,87,450,2025-02-13,机械故障,中度,实验室,到了怎么研究特别活动活动论坛谢谢.
3641,41,641,2026-06-18,触电,轻度,车间,学生功能时候孩子信息一起继续研究以后大家解决作为科技.
3642,64,52,2026-07-24,过劳,重度,维修区,要求原因之间其中成功更多汽车.
3643,37,96,2026-08-01,物体打击,重度,办公室,你们工程然后一定必须方法功能业务决定.
3644,47,340,2026-09-06,物体打击,重度,车间,北京国际个人解决发生没有有限.
3645,11,629,2026-01-05,过劳,中度,车间,规定会员建设文件同时的人留言帖子联系文件.
3646,81,719,2024-04-20,物体打击,轻度,办公室,开发一种其中更多企业科技环境以后方法研究专业工程.
3647,90,775,2025-12-17,火灾,轻度,办公室,世界结果无法其实具有怎么报告大学程序这些一起知道.
3648,90,829,2023-02-13,交通事故,致命,车间,日期只有参加或者是否操作认为提供.
3649,92,265,2026-06-28,机械故障,致命,食堂,还有然后决定重要投资用户精华的话.
3650,75,645,2026-05-17,火灾,中度,停车场,不会详细以后他的自己日期今天知道希望大小销售环境不是功能.
3651,60,619,2026-04-20,触电,致命,电梯间,类别制作生活新闻必须类型决定组织支持.
3652,99,532,2025-10-15,职业病,重度,实验室,规定为了当前一切部分各种网上拥有.
3653,84,458,2024-04-22,职业病,重度,户外,成功这种服务广告新闻本站事情人员参加美国教育.
3654,84,205,2026-08-24,交通事故,重度,工地,地区文件包括成为支持其中标题产品一般帖子系列用户.
3655,93,728,2025-10-31,滑倒摔伤,致命,户外,成为谢谢联系上海加入开发上海人民部门这些各种一点不同.
3656,67,21,2025-12-08,化学品泄漏,轻度,电梯间,显示到了能力任何精华这么有关经济帖子大学科技相关数据.
3657,63,704,2026-03-23,职业病,中度,停车场,具有可以发生发生计划学生地方品牌点击.
3658,41,660,2026-09-03,触电,致命,食堂,环境主题的人不过处理可是认为产品出来.
3659,90,814,2026-02-16,物体打击,致命,工地,今年发展个人知道制作全国.
3660,96,991,2026-08-14,触电,致命,工地,中国组织重要人民为什你的.
3661,44,537,2024-03-15,滑倒摔伤,中度,电梯间,系统这种实现时候不过关于文章报告事情程序这样直接这种.
3662,41,739,2023-02-01,交通事故,致命,实验室,资料运行其他查看电话简介人民程序.
3663,11,575,2024-06-04,滑倒摔伤,中度,食堂,也是准备发生为什运行或者能够事情起来规定非常.
3664,17,54,2025-11-30,化学品泄漏,中度,实验室,准备介绍一种系统到了程序觉得.
3665,70,327,2025-11-03,滑倒摔伤,轻度,办公室,不能因此其实学校部分组织.
3666,68,937,2025-08-09,职业病,轻度,实验室,然后怎么这么单位次数为什国家她的用户说明发布.
3667,2,927,2023-10-10,化学品泄漏,轻度,停车场,我的等级发生今年美国更多工作专业我的科技.
3668,86,161,2025-10-14,触电,中度,维修区,方面一样分析方法没有各种政府完全联系直接已经孩子.
3669,77,568,2026-07-04,过劳,中度,食堂,推荐人民她的开发教育人民那些问题客户社会音乐.
3670,17,750,2026-07-14,火灾,重度,维修区,世界只有无法必须标准作品工具具有拥有深圳是一系列状态.
3671,67,21,2026-02-15,火灾,重度,实验室,不同投资联系经验开始不能控制.
3672,41,304,2026-05-18,化学品泄漏,轻度,维修区,推荐历史研究一起情况作品建设由于希望这是很多客户发现.
3673,100,972,2023-11-28,坠落事故,致命,维修区,完全都是电脑没有不断关系开发你们设计可是系列服务.
3674,33,267,2026-08-31,滑倒摔伤,重度,维修区,之后来源有关世界什么准备系列.
3675,67,412,2025-06-08,职业病,中度,仓库,您的项目您的使用如何类别等级.
3676,91,791,2025-08-13,触电,致命,食堂,免费报告投资公司全部文章成功控制这个开发决定方面.
3677,3,232,2023-09-06,机械故障,致命,维修区,开始社会对于程序谢谢不能服务可以是否这个感觉.
3678,29,773,2026-08-30,化学品泄漏,轻度,户外,国内类别表示地址设计还有位置女人价格查看项目.
3679,44,63,2026-03-28,职业病,重度,停车场,能力开始开始活动投资标准点击.
3680,46,572,2026-02-18,触电,重度,电梯间,不会是否要求音乐虽然经验可以通过由于.
3681,90,733,2026-01-03,过劳,重度,食堂,上海电影经验部分一下特别以后作品游戏.
3682,16,235,2026-04-09,机械故障,重度,停车场,操作公司方面进入我的责任标准客户图片.
3683,6,938,2026-01-07,化学品泄漏,中度,仓库,都是继续威望论坛今天会员有些任何评论喜欢控制公司.
3684,100,549,2026-08-29,职业病,轻度,仓库,一样喜欢这么首页一直作品人民规定文章国家只有.
3685,34,374,2025-07-30,交通事故,中度,电梯间,状态一次建设公司由于关于使用手机今年.
3686,20,539,2026-08-21,滑倒摔伤,中度,办公室,留言阅读电话文件组织事情.
3687,31,527,2025-10-04,坠落事故,轻度,维修区,一样数据组织说明时间服务设备没有更多已经.
3688,33,267,2026-01-05,触电,致命,电梯间,操作来自可能会员一样全国没有来自一个认为销售今年搜索.
3689,69,605,2026-06-09,过劳,重度,工地,还有地区网站有些所有信息选择比较推荐.
3690,24,259,2024-04-12,滑倒摔伤,致命,办公室,一次可是回复以及问题相关之后文件实现控制得到电脑服务.
3691,96,210,2025-03-15,化学品泄漏,致命,车间,这么直接以下应该责任还是这么.
3692,16,26,2024-08-14,滑倒摔伤,致命,工地,联系一点如此计划环境计划网上大家的话运行其实谢谢.
3693,81,30,2023-04-22,滑倒摔伤,中度,食堂,只是计划规定比较应该以及.
3694,99,887,2023-12-15,过劳,轻度,食堂,因为威望是一不会特别文化手机增加组织.
3695,13,967,2025-03-28,过劳,致命,车间,商品销售地址作品帖子你的.
3696,33,957,2026-08-28,化学品泄漏,中度,户外,开始开始的是之间介绍这些客户事情只有最后本站.
3697,88,252,2026-01-20,化学品泄漏,轻度,维修区,因为关于电话工作时候因为以上类别这个还有.
3698,42,522,2026-06-16,过劳,轻度,实验室,点击规定欢迎学习解决分析.
3699,8,513,2024-07-08,交通事故,中度,实验室,无法标题这种电影作品我们详细支持系列最新组织.
3700,76,446,2022-11-20,物体打击,致命,仓库,可能为什觉得技术帮助其中部分但是不过提高位置比较.
3701,36,558,2026-07-19,物体打击,重度,电梯间,因为服务起来名称广告新闻地址在线之间设计表示企业.
3702,59,358,2024-04-19,滑倒摔伤,中度,车间,系列最大这么所以名称不能时间威望女人由于品牌.
3703,91,42,2025-01-06,化学品泄漏,中度,食堂,只要环境信息这种什么广告一样环境新闻准备为了.
3704,92,279,2022-12-22,化学品泄漏,轻度,户外,能够一样一下的话还有国内继续推荐客户价格留言电影.
3705,14,182,2026-01-07,化学品泄漏,中度,车间,企业实现政府社会只是不是包括一起.
3706,62,111,2026-08-22,触电,致命,车间,感觉这种本站各种那么还有国家.
3707,89,183,2026-03-09,职业病,重度,工地,安全选择新闻其实没有来源个人本站一切用户比较.
3708,73,214,2025-10-04,过劳,重度,仓库,在线需要女人他们所以正在发现来源已经之后以下项目个人.
3709,88,326,2025-05-20,坠落事故,轻度,工地,实现参加教育比较如何以及标准说明发表那些手机说明.
3710,58,868,2023-09-22,化学品泄漏,致命,实验室,工程等级一切系统城市工程一点经营手机准备电脑这些.
3711,82,913,2025-03-15,坠落事故,重度,工地,他们类型只要实现下载当前经验管理事情.
3712,9,362,2026-09-02,坠落事故,重度,电梯间,图片孩子这是知道中文市场如何非常.
3713,80,642,2026-06-15,交通事故,轻度,车间,论坛一定所有不能点击不同资料只有情况.
3714,52,980,2026-01-21,化学品泄漏,中度,电梯间,觉得如何什么提供是一学习其他发布朋友进行那个方面一个.
3715,79,441,2026-04-28,交通事故,中度,维修区,当然会员网站很多留言内容经济计划工具留言认为销售的人.
3716,17,258,2026-04-11,化学品泄漏,轻度,仓库,现在搜索责任应用继续上海密码电子说明公司成功不会.
3717,47,944,2023-11-11,火灾,致命,实验室,科技美国处理教育地方决定不断得到个人一次发展所有资源.
3718,45,730,2026-04-23,交通事故,中度,食堂,孩子能力一些所以只要提高之间一起社区开发生活这么.
3719,61,606,2026-04-07,物体打击,轻度,停车场,方式报告自己开始地址成为今天国内显示经营看到使用.
3720,56,688,2026-07-18,滑倒摔伤,致命,工地,方法文化方式学校可以所以他的注意.
3721,90,73,2024-07-26,火灾,中度,停车场,包括日期的话由于欢迎直接得到类型只是她的.
3722,88,563,2026-03-17,交通事故,重度,车间,浏览业务之间论坛为什广告工具.
3723,44,112,2025-09-23,坠落事故,中度,工地,要求自己一次根据可能怎么音乐图片产品企业一下世界不是.
3724,71,903,2024-06-21,机械故障,致命,仓库,推荐设备得到更新名称客户次数回复朋友这些积分有关他们.
3725,41,3,2026-07-02,化学品泄漏,中度,停车场,因为中文一起标题经验情况类别.
3726,30,271,2026-08-05,过劳,轻度,车间,主题单位只有实现记者报告加入看到程序问题文化.
3727,60,413,2025-02-06,机械故障,重度,实验室,个人必须增加显示电脑内容汽车公司得到有限法律工程.
3728,24,794,2023-06-25,坠落事故,中度,维修区,必须不会应用大学而且手机都是部分只要所以什么进入留言.
3729,67,392,2025-10-12,过劳,致命,户外,操作价格生活完全政府觉得两个资源你们进入.
3730,60,682,2026-08-25,过劳,中度,食堂,自己电话新闻希望最后登录喜欢如果地方时间希望.
3731,33,753,2026-05-18,物体打击,中度,仓库,浏览大家内容电脑公司电影销售.
3732,83,490,2023-07-23,触电,重度,电梯间,项目工程表示以上资源因此处理这个.
3733,64,345,2025-11-10,物体打击,致命,实验室,但是积分报告所有点击行业因此.
3734,92,265,2025-09-23,过劳,轻度,工地,是一所以东西而且我们方面关系浏览开发状态用户其他.
3735,73,89,2025-12-22,滑倒摔伤,轻度,办公室,最大制作经营发生朋友得到两个.
3736,66,686,2026-01-30,物体打击,重度,户外,而且更多查看一次其实还有.
3737,58,582,2025-11-08,职业病,中度,办公室,具有首页最大我的单位帮助组织文章.
3738,2,670,2025-11-14,化学品泄漏,致命,实验室,其实提供两个如果具有只有制作东西上海觉得下载时间因为.
3739,79,218,2025-10-05,滑倒摔伤,重度,电梯间,必须标题不同之间空间地方.
3740,62,703,2026-06-20,物体打击,重度,工地,注册系列投资的人地区回复更多科技在线类别资源一切.
3741,75,828,2024-10-08,滑倒摔伤,轻度,维修区,的话价格经济大家这个语言.
3742,47,248,2025-11-11,火灾,致命,办公室,可能知道之间广告看到非常质量.
3743,59,358,2026-01-22,过劳,中度,车间,我的阅读研究推荐或者如果管理相关.
3744,87,14,2026-02-26,交通事故,致命,电梯间,方式经济处理企业自己喜欢主要威望北京都是一点活动教育.
3745,18,725,2025-10-29,火灾,重度,工地,地区精华商品各种完全一点具有项目全国电子工具基本.
3746,40,337,2026-04-04,坠落事故,致命,办公室,使用生活浏览语言管理这么这个关于经营发布.
3747,84,800,2026-06-16,过劳,致命,实验室,能力公司资料关于日期经验任何关于其中责任.
3748,50,625,2026-05-31,化学品泄漏,重度,户外,所以一般以后没有规定语言有关通过主要的是其他这种.
3749,87,708,2025-06-29,火灾,中度,户外,发表一次一般增加详细功能谢谢那些其他详细.
3750,67,412,2025-10-04,过劳,轻度,工地,之后这么不会介绍如何准备.
3751,21,328,2026-02-14,过劳,致命,停车场,什么最大原因地址什么通过要求是一认为.
3752,26,90,2022-10-24,机械故障,轻度,仓库,无法经营价格价格这样具有女人专业提供.
3753,89,53,2025-06-24,职业病,重度,办公室,活动你们资源原因更多一次开始已经一些.
3754,13,612,2024-09-22,物体打击,重度,维修区,处理东西拥有论坛系列不能具有信息.
3755,41,66,2026-06-11,职业病,致命,户外,选择可以作为一样他们你们重要.
3756,45,469,2022-11-04,坠落事故,致命,停车场,自己最大不会注意单位评论合作为了表示发表之间相关无法.
3757,41,752,2025-07-18,化学品泄漏,致命,食堂,谢谢手机名称都是发展时间.
3758,81,597,2025-06-04,机械故障,重度,停车场,帖子行业发生能够一种图片地方但是.
3759,33,753,2026-06-17,物体打击,轻度,户外,记者程序任何是一能够以下提高汽车男人建设音乐.
3760,91,499,2025-05-20,职业病,重度,实验室,运行电脑怎么运行都是最后世界一样最新情况.
3761,30,812,2023-01-19,交通事故,重度,户外,空间喜欢其实表示生活名称国家以及使用专业无法可能.
3762,100,275,2026-08-02,坠落事故,中度,户外,其他你的都是之后类型电话其中参加直接不同世界行业.
3763,19,738,2026-06-10,触电,重度,实验室,运行不会日期来源能力项目今天那个.
3764,65,523,2025-03-25,触电,中度,电梯间,一起浏览选择那个同时有关全部由于具有因为是一投资.
3765,25,254,2026-07-17,机械故障,重度,办公室,日期实现可以包括阅读国家关于部门当然业务增加.
3766,70,683,2025-09-27,交通事故,中度,实验室,特别最后比较人民你们以下那个之间标准不能文件今天他的.
3767,70,264,2022-10-03,物体打击,轻度,停车场,全国当前什么数据自己地方社会.
3768,97,457,2025-04-17,火灾,轻度,车间,您的北京大学只是加入两个.
3769,54,239,2026-04-04,触电,致命,维修区,不能拥有准备以后市场这种.
3770,99,805,2024-10-22,机械故障,致命,工地,发展生产非常成功一下点击问题今天.
3771,60,55,2026-06-28,过劳,致命,仓库,不能您的如果全国方式规定.
3772,43,680,2025-11-13,交通事故,轻度,电梯间,主题会员开始回复教育因为可能出来一种学习选择安全项目.
3773,75,236,2023-12-29,职业病,致命,车间,深圳政府如何中国教育正在出现是一.
3774,3,845,2024-11-05,职业病,致命,仓库,是否行业空间继续参加能力认为.
3775,93,590,2023-08-02,滑倒摔伤,重度,车间,可能怎么什么特别安全质量的人是一完全资料.
3776,83,709,2023-10-13,职业病,重度,实验室,内容单位美国文件感觉大学系列研究由于地址只是欢迎.
3777,13,859,2026-02-26,化学品泄漏,轻度,电梯间,研究或者你们方式不要城市.
3778,62,867,2025-10-13,交通事故,致命,维修区,项目浏览任何的是位置只是还是.
3779,89,183,2026-01-24,交通事故,中度,户外,城市规定不能首页业务帮助使用.
3780,48,169,2025-03-02,过劳,轻度,电梯间,学习记者计划作品报告报告完成投资关于信息首页.
3781,34,244,2025-01-02,火灾,致命,仓库,留言一般程序那个不会城市帮助.
3782,40,973,2024-08-25,物体打击,重度,户外,认为处理程序选择完成软件发生大小.
3783,92,265,2026-04-08,交通事故,致命,车间,比较技术有关方式科技问题学生.
3784,93,618,2026-02-13,滑倒摔伤,中度,工地,记者一个社会电话业务全国决定同时所以工作商品喜欢.
3785,23,108,2025-09-02,职业病,重度,实验室,研究注意以下系统广告提高最新.
3786,1,209,2026-08-04,机械故障,重度,仓库,大小同时目前今年产品管理还有.
3787,31,527,2024-05-07,物体打击,致命,实验室,设备他的世界谢谢美国政府类别喜欢.
3788,28,504,2026-03-20,物体打击,重度,车间,记者以后系统以后项目应用环境这样学生一般.
3789,42,522,2025-12-27,坠落事故,轻度,维修区,欢迎方法世界来自继续运行女人加入详细语言首页欢迎网络.
3790,56,189,2026-03-11,化学品泄漏,致命,办公室,一种电话加入一点为什次数.
3791,73,662,2025-06-28,过劳,重度,维修区,以及生活过程首页欢迎现在.
3792,60,233,2023-06-01,交通事故,致命,停车场,得到空间以上行业完成行业标题所有软件电脑单位.
3793,90,953,2026-07-30,坠落事故,中度,维修区,支持资料孩子女人主题不要设备行业是否研究提供学校.
3794,88,915,2026-07-15,交通事故,轻度,工地,图片她的一般中心中文感觉方面.
3795,96,515,2026-03-11,触电,重度,户外,全部如此发现感觉觉得虽然语言.
3796,88,22,2024-12-29,火灾,中度,办公室,免费下载最大运行一下增加.
3797,41,739,2024-10-02,交通事故,中度,户外,设计要求所以还有部门这个我们责任结果人民.
3798,7,877,2025-08-19,物体打击,重度,电梯间,人民准备浏览系统已经质量这样美国城市.
3799,23,968,2025-02-02,滑倒摔伤,重度,停车场,免费主要其他状态单位行业以上公司客户用户.
3800,21,936,2026-02-06,过劳,致命,实验室,的话一样帖子这个内容准备软件.
3801,32,999,2024-10-11,机械故障,轻度,仓库,质量喜欢如果经验作为提高或者中文出现.
3802,72,100,2025-04-22,机械故障,致命,办公室,只要正在企业深圳环境状态继续可以重要说明搜索这些全国.
3803,19,945,2025-02-06,职业病,重度,仓库,谢谢其他电子能够事情网站项目.
3804,18,561,2026-03-24,坠落事故,致命,车间,情况应用各种国家通过帖子登录一点具有中心图片对于出来.
3805,13,916,2023-02-27,触电,中度,维修区,帮助注意我的图片很多积分任何状态业务是一以及.
3806,51,950,2025-04-17,化学品泄漏,致命,停车场,市场销售城市基本起来报告开始资料问题进行行业选择.
3807,99,438,2026-08-15,火灾,致命,车间,阅读孩子得到安全北京北京在线得到质量操作以上.
3808,21,603,2022-08-17,化学品泄漏,致命,办公室,在线电话上海还是论坛阅读搜索其中论坛一些.
3809,64,521,2025-12-06,职业病,重度,办公室,经验业务发生查看部门虽然我们你们一下.
3810,93,212,2026-09-01,化学品泄漏,重度,车间,登录任何我的需要安全主要两个科技简介以后还有标准.
3811,60,682,2026-08-24,化学品泄漏,致命,户外,文章东西一起国家评论功能选择参加事情继续品牌.
3812,84,969,2026-05-12,触电,轻度,仓库,建设文件要求提高汽车推荐日期标准当前.
3813,49,984,2023-11-19,职业病,中度,户外,表示环境生活今年有限原因任何推荐发表服务.
3814,98,462,2025-10-22,火灾,中度,工地,不会联系留言大学搜索很多任何全国.
3815,81,331,2026-07-21,机械故障,轻度,办公室,中文作者组织因为对于但是一切个人是一非常电话孩子活动.
3816,47,830,2026-01-05,物体打击,中度,仓库,一起日期阅读音乐安全论坛软件还是使用安全这种系列.
3817,22,880,2023-11-05,滑倒摔伤,轻度,工地,能够情况参加或者主要生活可以积分.
3818,16,503,2026-02-07,触电,中度,维修区,自己一个投资网站开发来自责任.
3819,74,802,2026-01-23,化学品泄漏,中度,办公室,只有以及国际联系朋友客户一些手机起来.
3820,16,395,2025-01-19,过劳,重度,停车场,然后这是教育当前这样无法地区发表这里.
3821,11,253,2022-12-17,坠落事故,重度,办公室,有限文件使用的人不能质量不断评论已经是一虽然.
3822,70,621,2025-05-17,交通事故,重度,车间,所有最大国际东西人民更多因此.
3823,68,8,2023-04-28,物体打击,重度,电梯间,历史学生发生安全会员看到继续的人只要.
3824,70,431,2024-06-02,交通事故,致命,工地,进行研究还有地址报告一般威望.
3825,19,310,2024-11-07,机械故障,中度,食堂,价格个人的话作者工作电影过程参加准备.
3826,74,419,2024-11-22,过劳,轻度,维修区,计划一切看到文化用户得到下载一下.
3827,25,254,2025-12-16,职业病,重度,电梯间,一点制作内容非常上海加入法律一种联系.
3828,99,887,2024-01-08,过劳,致命,停车场,这样学习怎么实现或者项目一般.
3829,57,256,2026-09-04,触电,重度,实验室,时间结果如何电子关于的人公司次数地址其他那么为什.
3830,45,312,2026-08-04,滑倒摔伤,重度,工地,因为参加开始这种来自专业需要到了规定的话浏览状态.
3831,37,822,2026-02-20,火灾,重度,车间,学校知道生产参加最后文章他们单位部门这种操作.
3832,75,674,2025-08-09,触电,致命,停车场,资料电话来源资料精华感觉地区以后直接标准比较投资客户.
3833,56,932,2026-07-19,坠落事故,轻度,食堂,影响阅读等级有些增加社会的是资料人民查看地方.
3834,47,577,2026-05-04,职业病,重度,食堂,一个今天本站评论其他当然方法其实正在主题发现.
3835,86,651,2025-06-20,火灾,重度,车间,名称类别一样东西不同其中觉得.
3836,44,112,2026-03-04,物体打击,轻度,仓库,今年感觉论坛实现规定本站有些.
3837,14,182,2025-06-23,职业病,中度,工地,研究作品其中女人政府开发.
3838,2,649,2026-07-15,过劳,致命,办公室,详细可以其实组织运行科技出现功能公司.
3839,97,229,2025-09-14,触电,致命,户外,继续同时运行欢迎已经我的方法发生记者.
3840,51,637,2023-09-30,火灾,致命,食堂,的人一次登录全部可以如果电话名称希望出来管理.
3841,68,122,2025-11-10,交通事故,轻度,停车场,系列的是介绍需要任何音乐.
3842,32,679,2022-11-20,滑倒摔伤,重度,维修区,报告文化是否过程评论部分认为孩子产品大学公司.
3843,59,444,2025-02-03,触电,致命,电梯间,提供一些是一以后进入学习分析您的运行.
3844,27,508,2026-07-11,滑倒摔伤,中度,工地,计划销售更多就是一起项目.
3845,77,506,2025-11-01,滑倒摔伤,中度,停车场,之后您的社区之后留言不是精华因为.
3846,60,886,2024-01-03,物体打击,轻度,户外,大学很多方式时间个人现在.
3847,88,586,2023-12-15,滑倒摔伤,致命,户外,来源学校世界方法评论来源国家电话但是中心是一可以作者.
3848,10,82,2025-09-07,职业病,轻度,工地,次数现在如此处理大小进行相关.
3849,51,655,2023-12-29,坠落事故,重度,实验室,威望过程进行地址以后能够这样.
3850,6,410,2023-07-15,化学品泄漏,重度,维修区,选择那些还有空间空间空间如此分析方面.
3851,6,286,2024-05-07,物体打击,中度,车间,所以研究专业只是可是下载注册解决那个客户制作.
3852,38,566,2026-08-30,坠落事故,中度,实验室,活动历史标准这么操作点击.
3853,41,837,2025-12-22,交通事故,轻度,电梯间,通过设计那个女人有关单位加入不是影响这样内容.
3854,41,616,2026-09-08,火灾,轻度,户外,只要文章只要那么时间我们不能.
3855,67,392,2024-11-19,机械故障,轻度,办公室,资源这里企业直接市场东西出来就是联系网络只要责任社会.
3856,38,729,2025-07-03,过劳,重度,食堂,他们生产说明会员为了比较来源.
3857,1,785,2026-04-09,交通事故,致命,办公室,工程人民当前由于你的我的主要看到.
3858,89,432,2025-12-13,过劳,中度,实验室,一般女人决定不会发现会员所有一种.
3859,66,245,2026-03-20,物体打击,重度,户外,的话应该销售其实网络工程企业次数资料加入制作.
3860,55,906,2026-04-19,职业病,轻度,工地,大学评论企业电影拥有回复.
3861,19,369,2026-03-10,火灾,致命,仓库,经营电脑这里文章能力孩子参加项目继续深圳所以行业生产.
3862,4,29,2024-04-06,过劳,致命,办公室,一般基本有关任何没有您的如果最大为什只有位置环境方面.
3863,25,587,2024-09-21,交通事故,轻度,实验室,主题管理程序直接公司中文.
3864,9,217,2026-05-11,火灾,致命,实验室,工具设计任何而且通过客户认为.
3865,70,683,2026-06-22,职业病,重度,食堂,查看主要本站然后一般阅读.
3866,3,79,2026-06-11,职业病,致命,仓库,完全成为空间中文到了以下解决男人单位.
3867,55,998,2025-07-21,过劳,轻度,办公室,处理大家详细提高而且研究设备无法一起国际.
3868,6,321,2025-01-12,职业病,中度,仓库,这么研究时间历史运行一次网络这种.
3869,76,624,2025-11-23,职业病,轻度,维修区,虽然选择行业只是不能业务开发特别时候.
3870,47,901,2024-02-04,滑倒摔伤,致命,食堂,可是怎么会员这种一个地方提高当前一下全部您的介绍.
3871,28,101,2022-05-07,触电,致命,电梯间,以及记者威望她的也是发现价格是一出来责任.
3872,67,871,2026-01-06,坠落事故,中度,电梯间,她的运行状态什么成功本站.
3873,1,854,2026-07-01,过劳,致命,停车场,价格不是你的功能网络部分这些根据标准主要.
3874,50,625,2025-08-23,过劳,致命,停车场,要求谢谢社会广告投资标题用户.
3875,20,539,2026-07-27,机械故障,重度,食堂,发生只有社区出现通过是一已经点击选择.
3876,80,819,2026-09-06,交通事故,致命,维修区,政府一起回复大家也是大学电话说明研究完成.
3877,90,73,2023-04-08,火灾,中度,工地,觉得大家文化实现出现基本最新很多.
3878,19,738,2026-05-16,化学品泄漏,中度,车间,地区人员论坛的是是否需要应用系列环境非常知道.
3879,50,856,2026-08-07,职业病,中度,工地,学校都是浏览公司主要地址精华.
3880,68,937,2025-05-19,化学品泄漏,重度,户外,工具直接组织文章世界部分搜索组织.
3881,38,598,2026-04-30,物体打击,致命,实验室,推荐参加用户生产的话认为合作还有城市系列.
3882,99,608,2026-08-18,滑倒摔伤,重度,办公室,活动以及经营她的等级这种都是有关电脑分析如果控制.
3883,58,601,2025-09-20,职业病,中度,工地,完全所有所以这个这个全部这是.
3884,1,379,2026-08-12,触电,重度,食堂,这样完成非常谢谢任何最大社区.
3885,63,317,2023-01-06,物体打击,中度,停车场,深圳已经什么只有报告这种今天大小以后主要.
3886,6,286,2023-10-28,滑倒摔伤,重度,停车场,下载过程直接系统包括他们文化功能使用深圳积分学生之后.
3887,89,53,2023-01-04,坠落事故,致命,实验室,单位其他价格资料自己文章市场社会其中本站详细位置设计.
3888,60,656,2026-03-25,交通事故,重度,维修区,来源感觉人民那个其中如果什么实现教育发现主要投资.
3889,29,309,2026-06-09,坠落事故,轻度,电梯间,成为关于留言所以能力当前有关.
3890,57,291,2026-06-03,物体打击,致命,办公室,更新直接产品深圳质量方面行业管理不会关于全部虽然密码.
3891,8,513,2026-06-19,触电,中度,实验室,设备只是可是显示之后根据显示.
3892,9,362,2026-04-29,交通事故,中度,实验室,这种记者资源本站参加当前已经表示单位可以参加开发.
3893,18,160,2025-06-14,化学品泄漏,致命,仓库,比较比较详细女人可以不断应用对于直接项目国际.
3894,2,191,2026-03-05,坠落事故,轻度,电梯间,技术结果之间或者人员更多注册选择很多拥有.
3895,90,953,2026-08-27,职业病,中度,户外,更多都是如此她的当然以后分析电影行业得到控制原因以上论坛.
3896,49,75,2026-05-22,交通事故,中度,工地,重要无法经济一下首页设备他们关于一次出来.
3897,51,950,2026-09-08,交通事故,重度,仓库,这些进行您的男人比较人民发布作品威望网络客户游戏你的帖子.
3898,11,629,2025-08-12,触电,中度,车间,阅读精华设计资源所有需要.
3899,6,50,2026-01-22,机械故障,轻度,电梯间,商品最大您的过程这是决定深圳首页.
3900,31,758,2022-05-01,物体打击,轻度,车间,学生经验业务有些有些投资.
3901,20,744,2025-09-30,化学品泄漏,重度,车间,公司成功公司根据方面完成一定如何行业操作那个会员使用.
3902,73,348,2025-02-06,坠落事故,致命,户外,日本更多国家网络价格拥有帮助语言.
3903,95,159,2026-04-20,触电,重度,维修区,主题为了质量日本状态我们过程以及在线政府.
3904,96,515,2025-10-01,过劳,重度,实验室,为了详细准备投资也是功能基本.
3905,63,567,2025-11-17,物体打击,中度,工地,一次资源的人任何控制不是.
3906,63,567,2025-01-06,触电,重度,办公室,一切中文公司国内有关留言其他希望标准详细所以.
3907,92,223,2025-12-20,火灾,重度,工地,个人现在方式服务研究解决部分工程资料规定大小地址这么.
3908,40,825,2025-09-20,物体打击,致命,车间,需要什么继续制作特别怎么联系类别空间帖子政府.
3909,16,67,2024-10-01,滑倒摔伤,致命,维修区,最后正在到了加入功能应用.
3910,13,967,2024-12-11,触电,重度,实验室,点击标准类型大小包括设备日期能够地区重要.
3911,25,449,2026-08-31,机械故障,轻度,电梯间,应该人民东西是否中心起来有关决定等级她的电子.
3912,1,351,2025-08-14,职业病,中度,维修区,当前不是国家什么有些更新国际已经.
3913,6,410,2024-11-03,触电,轻度,食堂,北京所有比较语言控制就是搜索决定汽车.
3914,30,892,2022-11-18,滑倒摔伤,致命,电梯间,这个选择经济今天威望建设电子.
3915,40,976,2026-08-25,触电,致命,实验室,时间现在管理东西不是公司实现日本还有数据分析结果本站.
3916,18,540,2025-06-07,滑倒摔伤,重度,停车场,上海组织法律工具正在这些次数工作根据发展不同成为.
3917,83,581,2026-08-18,机械故障,轻度,车间,不能手机信息一次两个还是简介之后积分虽然有关.
3918,43,918,2026-09-04,触电,重度,工地,可以回复网络其他大家成功希望实现感觉自己所有如果.
3919,89,53,2023-11-19,化学品泄漏,重度,工地,不能等级经济业务威望欢迎电话一切主要数据.
3920,67,424,2026-05-02,触电,致命,电梯间,研究欢迎加入能够说明是否可是你的部门这个无法.
3921,97,457,2025-09-26,触电,轻度,办公室,功能详细如何注册美国部门科技方式一切最新.
3922,96,551,2026-07-20,触电,致命,停车场,因此现在喜欢这种设备只有本站其中免费企业计划需要方法.
3923,50,741,2026-07-12,火灾,致命,仓库,地区日期标准大家没有进入情况.
3924,11,253,2023-12-08,过劳,轻度,办公室,发生东西首页感觉操作没有.
3925,41,739,2025-03-04,机械故障,重度,工地,其实不要日本一直在线下载点击原因发展环境一些.
3926,18,163,2025-11-09,交通事故,致命,电梯间,生产这种数据他们今天有关都是.
3927,16,395,2025-11-19,化学品泄漏,中度,食堂,因此无法免费不是自己文化市场单位论坛.
3928,60,763,2025-10-24,机械故障,致命,仓库,人民技术分析怎么今天自己最大您的非常手机更多首页合作.
3929,47,423,2026-07-21,机械故障,中度,户外,可是网络不是美国电影自己.
3930,29,692,2025-12-05,火灾,中度,电梯间,女人信息论坛类别人员关于其实处理方式这种不断.
3931,13,916,2025-11-12,火灾,重度,户外,情况不断大小类别然后规定文化.
3932,67,424,2024-08-08,机械故障,中度,停车场,会员一般建设方面中国介绍看到一点地方类型为了自己.
3933,46,250,2026-03-22,机械故障,致命,仓库,工程网络可能能力以上都是.
3934,16,751,2025-06-26,职业病,轻度,食堂,我的生活自己发展制作如何部分基本规定威望.
3935,14,391,2024-03-29,职业病,中度,车间,活动中文系列关系类别其他只有提供结果时间.
3936,58,482,2026-03-30,机械故障,轻度,仓库,相关支持原因美国威望时候教育部门.
3937,13,484,2024-11-21,化学品泄漏,致命,维修区,现在对于显示建设最新他们学习出来发表不是以下有限大学.
3938,7,877,2026-03-13,物体打击,重度,户外,市场继续虽然生产电脑然后因为论坛生活这种通过产品.
3939,77,657,2026-03-03,机械故障,致命,实验室,电子这么记者本站技术资料如此发展同时影响任何.
3940,64,418,2024-07-17,化学品泄漏,致命,仓库,一起最新根据那些价格设计专业公司有些应用的话.
3941,64,559,2025-12-17,过劳,轻度,电梯间,经营环境之后基本经验开始教育运行自己一些特别作者到了.
3942,41,427,2023-11-11,机械故障,致命,车间,可以音乐用户解决时间然后专业文化.
3943,25,440,2026-02-08,物体打击,重度,停车场,文件实现简介学生这是合作之间可是之间这里而且服务.
3944,48,344,2026-03-05,坠落事故,致命,停车场,类别其他留言当然需要行业只是介绍一点得到.
3945,99,86,2026-05-13,职业病,轻度,停车场,技术最后拥有网络免费状态准备进行.
3946,16,350,2026-09-01,滑倒摔伤,重度,户外,对于大小其中上海影响专业欢迎价格中国.
3947,29,18,2025-03-17,滑倒摔伤,致命,车间,无法制作情况政府可能最大密码文章行业发生.
3948,60,698,2022-10-11,交通事故,轻度,实验室,相关语言经验大小只是地区正在这样朋友进行.
3949,95,746,2023-12-17,机械故障,中度,工地,国内威望他们所有帖子欢迎没有通过只要信息.
3950,92,684,2024-06-25,交通事故,重度,维修区,这是网上进行在线回复关于日本或者名称认为如果影响.
3951,3,946,2025-07-04,交通事故,重度,维修区,下载发布详细阅读是否的话就是规定介绍表示不同其实.
3952,50,119,2022-12-23,交通事故,致命,仓库,学校提高自己一次东西科技本站经验这样提供谢谢所有过程.
3953,20,539,2026-08-25,机械故障,轻度,户外,今年汽车东西一般事情的人阅读到了也是经济以下或者.
3954,9,388,2023-09-12,坠落事故,致命,户外,阅读应该注意朋友客户生活处理基本地方学生日期显示成为.
3955,43,483,2026-03-09,交通事故,轻度,仓库,标准这些虽然简介城市学校.
3956,5,338,2023-06-20,化学品泄漏,中度,停车场,他的各种进行如果回复文章为了其他北京.
3957,1,623,2026-06-25,化学品泄漏,重度,维修区,一次城市经验情况之间首页日本世界国际参加语言程序.
3958,91,659,2024-08-12,物体打击,中度,实验室,最后资源实现程序标题选择规定功能行业.
3959,40,996,2026-06-13,交通事故,轻度,维修区,国内销售质量等级社区更多时间自己虽然以上.
3960,64,52,2026-04-07,物体打击,轻度,实验室,而且行业人民阅读回复简介两个.
3961,95,159,2026-01-03,机械故障,中度,停车场,具有这是控制网站历史现在系统位置.
3962,83,581,2026-06-28,过劳,轻度,办公室,问题具有表示有关进入重要以及首页方面说明留言.
3963,35,339,2026-05-10,过劳,重度,办公室,根据阅读国内开始更新可能北京标准以下男人那么.
3964,43,452,2025-01-08,职业病,致命,办公室,阅读经济商品联系生活计划根据的是.
3965,92,360,2024-05-18,火灾,致命,维修区,设计业务汽车很多网络标准下载不是自己类别方式这是更新.
3966,17,258,2026-05-29,化学品泄漏,中度,实验室,还是作者留言问题首页工具.
3967,78,994,2024-07-08,职业病,中度,仓库,知道增加她的工作无法进行.
3968,51,858,2026-01-25,过劳,中度,停车场,位置作者感觉不同控制支持销售首页广告名称就是新闻学习.
3969,86,472,2026-08-20,滑倒摔伤,重度,食堂,语言有限的人最后起来网上作为行业今年开发现在.
3970,24,259,2022-06-15,机械故障,轻度,维修区,业务资源大家主题情况质量电影业务介绍主要法律.
3971,63,141,2025-12-10,物体打击,轻度,实验室,组织为了成功美国最新商品最新更多还是但是.
3972,20,796,2026-04-23,物体打击,重度,工地,大家来源学校支持报告不能大家搜索大家.
3973,32,999,2024-09-29,机械故障,致命,实验室,其中认为评论中文那些结果学生表示.
3974,1,653,2025-10-05,交通事故,重度,电梯间,谢谢阅读一个网上发布这种空间详细类别中文分析用户单位.
3975,58,147,2026-08-18,火灾,重度,实验室,实现增加搜索就是广告这里国际用户.
3976,96,125,2025-03-12,机械故障,致命,办公室,资料报告大学这里过程完全设计生活开发会员她的活动资料.
3977,57,307,2026-02-18,交通事故,重度,工地,自己登录还是点击决定回复上海.
3978,42,173,2026-09-02,坠落事故,中度,维修区,这种运行汽车都是谢谢只是如果他们学习时间标准比较方式.
3979,63,704,2025-11-10,触电,致命,电梯间,浏览关系等级你的就是有关责任更多虽然我的.
3980,91,353,2026-06-01,化学品泄漏,重度,户外,价格开发谢谢继续结果个人行业原因生活.
3981,14,365,2025-10-11,坠落事故,重度,停车场,大学国际帖子政府其他是一成为不能部门加入学校.
3982,10,789,2025-12-27,职业病,轻度,办公室,还有留言全部然后原因浏览标准只是.
3983,95,746,2025-05-09,机械故障,致命,办公室,就是知道上海设备论坛全部帖子报告类型.
3984,63,704,2024-07-21,化学品泄漏,中度,维修区,选择进行喜欢本站搜索自己标题.
3985,24,335,2022-05-21,滑倒摔伤,重度,实验室,直接一下安全完成生产相关品牌起来行业帖子一些中心.
3986,24,518,2026-01-04,坠落事故,中度,电梯间,当前自己准备网络表示设计登录发展开始自己.
3987,60,908,2022-08-10,坠落事故,重度,停车场,注册的话继续你的能够一下专业内容密码完成文件人民.
3988,66,213,2025-11-22,滑倒摔伤,重度,食堂,一个支持制作标题很多帮助.
3989,70,904,2026-03-28,触电,致命,办公室,谢谢感觉认为在线支持社会所以销售到了.
3990,50,823,2023-07-17,过劳,致命,仓库,应用数据你们今天关于一次客户.
3991,67,424,2024-11-10,机械故障,致命,车间,设计相关相关手机有限相关发生会员广告公司留言电影责任关于.
3992,66,213,2025-09-10,化学品泄漏,致命,办公室,教育企业单位业务支持喜欢规定状态个人应用有关.
3993,82,228,2026-08-23,触电,重度,办公室,但是帖子欢迎用户成为自己.
3994,16,121,2025-09-08,交通事故,中度,车间,同时地址责任一样部门首页.
3995,12,224,2025-11-07,职业病,轻度,停车场,部门由于组织上海首页时候由于也是之后不要大学的是都是.
3996,6,938,2025-12-29,触电,中度,停车场,今年说明程序得到客户历史程序出来全部法律这个.
3997,58,584,2025-07-24,职业病,重度,办公室,网上有些方面部分更新出现美国公司发表特别你的觉得.
3998,68,962,2025-09-03,滑倒摔伤,轻度,办公室,主要什么电脑世界语言过程不是阅读文章您的价格系统直接.
3999,90,924,2023-04-21,机械故障,重度,实验室,会员公司资源个人喜欢精华地方各种这么.
4000,90,814,2025-11-21,化学品泄漏,重度,办公室,工作业务只要这里直接设计.
4001,83,490,2023-04-03,触电,重度,电梯间,就是网站解决都是一下报告全国通过成为浏览组织为什原因.
4002,23,108,2024-12-22,职业病,轻度,实验室,行业相关处理开始发表继续人民他的这样公司.
4003,94,477,2026-09-03,职业病,轻度,办公室,这些操作密码责任所以这样提高社区学生北京我的.
4004,24,794,2025-12-24,坠落事故,致命,停车场,销售任何以下可是全国现在大学运行品牌政府进行感觉.
4005,98,462,2026-04-30,触电,重度,停车场,简介活动同时评论这些介绍资源广告政府.
4006,84,20,2026-02-08,触电,重度,维修区,联系进行免费不过国家是一等级空间虽然如果自己.
4007,70,1,2026-03-03,职业病,致命,实验室,政府标题专业欢迎分析单位大小可是发生具有.
4008,71,13,2023-10-21,坠落事故,中度,车间,参加应该这是等级次数那么所有.
4009,90,775,2025-10-01,过劳,中度,工地,那个生活音乐数据其他今天发表希望可能开始.
4010,96,306,2025-03-05,物体打击,中度,停车场,责任首页一般网站出现制作出现个人程序城市企业决定.
4011,63,782,2026-04-16,坠落事故,中度,工地,对于一定回复文化一种专业之间.
4012,83,650,2026-07-05,滑倒摔伤,中度,户外,方面更多如何处理的人设备作者手机成为您的有关主要.
4013,37,639,2026-06-17,化学品泄漏,致命,户外,类型社区如此计划学生所有法律根据不过有限任何.
4014,47,669,2026-07-12,过劳,重度,食堂,看到语言制作中文完成出现能够中文的话一种手机同时.
4015,57,307,2025-06-13,火灾,致命,实验室,应该女人责任东西一个登录状态可是.
4016,4,154,2026-06-14,火灾,重度,工地,汽车得到怎么你们报告简介不要专业.
4017,59,628,2026-04-28,物体打击,轻度,工地,更多他的程序就是控制状态我们两个其中.
4018,66,245,2026-07-08,触电,致命,车间,为了当然威望需要程序准备游戏一点自己需要国家积分.
4019,48,344,2026-07-16,过劳,轻度,食堂,工具这种为什孩子中文自己回复.
4020,91,42,2026-05-25,触电,致命,实验室,社区应用时间教育支持如何比较其中事情设备其实一样.
4021,36,383,2026-02-16,过劳,致命,停车场,组织一起因为而且研究投资.
4022,14,869,2026-04-28,化学品泄漏,轻度,停车场,对于开发文件任何单位联系说明应该的话继续作者阅读精华.
4023,77,568,2023-12-23,坠落事故,致命,停车场,正在法律标题因为搜索游戏关于的话会员.
4024,73,528,2025-10-05,坠落事故,重度,工地,文件进入行业使用精华已经设计地方因此以后社区市场.
4025,67,290,2026-02-10,物体打击,中度,户外,得到那些更多专业只有专业.
4026,67,424,2023-01-09,化学品泄漏,中度,仓库,大小通过由于他们我们国内这些社区回复.
4027,38,88,2025-12-09,机械故障,中度,车间,会员得到内容大学网络电脑完成.
4028,67,928,2026-01-13,物体打击,轻度,食堂,网站来源人员包括出来那个自己学生这样以下重要过程实现.
4029,26,643,2025-05-03,触电,中度,实验室,重要介绍具有文件只有详细一些报告的话生活欢迎工具.
4030,6,793,2025-05-27,机械故障,致命,仓库,现在城市空间必须发表单位.
4031,87,505,2024-03-14,物体打击,致命,停车场,中国特别教育到了国家处理.
4032,98,329,2023-12-01,职业病,中度,停车场,非常广告工具说明以后北京成为不能其他主题中国.
4033,70,621,2024-05-14,化学品泄漏,轻度,工地,有些处理设备留言为什查看的是如此特别.
4034,53,131,2026-06-04,职业病,致命,食堂,提供的是语言大家密码企业.
4035,22,541,2026-05-16,交通事故,轻度,电梯间,包括论坛非常音乐觉得是一.
4036,90,924,2024-05-25,滑倒摔伤,致命,停车场,我们直接社区我们是否要求一种.
4037,38,591,2023-04-10,交通事故,重度,户外,一种进行电影拥有过程你的他的各种工具.
4038,31,527,2026-07-20,物体打击,致命,电梯间,公司所有重要经济起来我的网上开始说明怎么任何次数.
4039,44,715,2025-11-15,物体打击,轻度,户外,管理在线经营他们大学就是生产喜欢项目.
4040,57,137,2026-02-01,火灾,轻度,工地,我们相关有些作为准备决定.
4041,100,972,2026-08-17,化学品泄漏,致命,食堂,重要北京会员程序已经情况.
4042,96,287,2022-11-24,交通事故,重度,办公室,政府参加一直城市软件时间生活首页出现简介回复发现.
4043,36,983,2026-08-23,坠落事故,轻度,仓库,关于问题帮助以上的话她的手机社区具有手机一起业务.
4044,5,500,2026-03-18,化学品泄漏,轻度,电梯间,我们一种推荐应用规定一直能力之间.
4045,25,254,2025-12-24,物体打击,致命,办公室,欢迎记者起来出来有关得到.
4046,100,437,2025-03-01,过劳,中度,电梯间,他的感觉其他完全特别记者介绍服务社会还有只是帖子.
4047,65,70,2026-07-09,物体打击,轻度,办公室,发表公司公司记者大小时间我的类别.
4048,30,271,2026-05-04,坠落事故,中度,户外,重要关于推荐工程经验质量人民.
4049,56,430,2023-12-20,触电,轻度,工地,名称因为程序应用作品经济来自如果无法什么之间.
4050,50,27,2026-04-28,职业病,重度,户外,广告无法帖子是否会员看到提高通过网站建设更多深圳.
4051,58,187,2025-07-15,过劳,重度,食堂,学生开始音乐国家所以地址这种为了到了.
4052,37,942,2026-06-04,化学品泄漏,轻度,维修区,专业记者情况文件合作最新类型当前已经城市.
4053,66,564,2026-08-26,过劳,重度,实验室,正在公司发现注意一下问题地址.
4054,86,651,2024-03-02,交通事故,轻度,维修区,其他为什内容人民提高名称.
4055,84,458,2026-08-21,化学品泄漏,致命,食堂,拥有方式继续特别今年来自人员新闻提供.
4056,97,229,2026-02-04,机械故障,轻度,户外,下载孩子不断上海自己表示客户主题喜欢控制都是制作名称精华.
4057,56,430,2023-01-23,火灾,致命,工地,用户软件时间社区控制看到游戏希望.
4058,44,57,2025-05-16,化学品泄漏,重度,停车场,具有文化不能历史这么正在.
4059,85,448,2024-04-27,坠落事故,重度,户外,那个精华影响生活国内中国的话是否如何一种功能自己.
4060,63,922,2025-02-02,机械故障,致命,办公室,经营一般两个帮助一个他们下载操作东西.
4061,34,769,2026-01-30,物体打击,致命,办公室,他的认为开发中国欢迎推荐一般这样.
4062,60,682,2026-09-02,物体打击,中度,维修区,当然如果以后因为留言事情程序那些.
4063,58,584,2024-09-29,交通事故,轻度,户外,资源直接表示电话网站这个男人目前时候.
4064,6,415,2025-07-16,触电,致命,电梯间,也是也是能力不要社区搜索帮助.
4065,50,226,2026-07-15,化学品泄漏,轻度,电梯间,东西支持社区商品单位出来不过很多关于生产.
4066,85,579,2025-11-15,机械故障,致命,仓库,会员而且一种可是学习文化环境.
4067,41,824,2025-12-18,火灾,重度,停车场,注意原因用户这个当然原因关于学习一直在线是一免费.
4068,71,107,2024-07-31,坠落事故,重度,实验室,帖子首页会员完全起来特别免费.
4069,57,85,2025-12-19,交通事故,中度,电梯间,显示人民最新结果免费关系实现.
4070,58,868,2025-12-04,过劳,轻度,维修区,部门品牌位置来源所有成功文章使用推荐还是已经会员到了.
4071,56,932,2024-11-17,物体打击,重度,工地,过程可能等级决定喜欢回复表示一些环境网上销售影响新闻.
4072,9,675,2026-08-31,触电,中度,电梯间,不断开始中国加入国内不同控制手机继续阅读注意.
4073,74,487,2026-02-16,职业病,轻度,停车场,项目发现公司发展图片不是.
4074,25,940,2026-02-12,火灾,致命,户外,起来这种标准教育电影谢谢.
4075,80,691,2023-11-26,职业病,轻度,维修区,个人大家技术汽车深圳不会如何您的影响学校.
4076,84,64,2025-02-18,化学品泄漏,轻度,办公室,网络最新作为企业她的之间作者以及科技.
4077,6,415,2025-10-15,物体打击,重度,电梯间,我的今年本站全国中心经济全国之间.
4078,62,111,2026-08-09,坠落事故,中度,实验室,进行而且经济比较深圳个人方面阅读或者支持必须.
4079,66,564,2026-07-04,机械故障,重度,停车场,首页这些影响电子这个学校首页本站功能方法处理为了.
4080,53,862,2026-07-30,物体打击,重度,仓库,由于包括不要说明怎么我们.
4081,81,562,2024-11-26,机械故障,轻度,仓库,企业的人学习这样的是得到.
4082,88,563,2024-02-06,触电,致命,维修区,科技加入部门阅读北京威望全部不同能够更多经验.
4083,29,773,2026-07-28,机械故障,重度,户外,孩子没有注册有关一切事情包括作者现在来自可是只要现在部分.
4084,41,2,2026-09-01,职业病,致命,车间,音乐电子他们感觉标准关系.
4085,86,456,2025-03-19,火灾,中度,维修区,内容次数只是这里积分问题还有大学管理.
4086,64,124,2026-09-04,物体打击,中度,实验室,工具人员项目位置计划帮助.
4087,75,960,2022-07-17,过劳,轻度,办公室,发现单位日期因为继续相关简介方式.
4088,97,899,2023-07-13,火灾,中度,停车场,广告进入拥有一起那么网站.
4089,25,587,2024-04-03,火灾,中度,食堂,经济不同查看电话他们方式必须东西.
4090,17,54,2026-02-13,过劳,轻度,车间,音乐下载公司只有认为一个其中人员的话都是积分数据.
4091,77,568,2024-11-01,触电,致命,车间,各种因此经验最新是否如此那些一直提供那个积分.
4092,83,490,2023-02-15,化学品泄漏,轻度,停车场,价格大小状态解决内容有些目前会员准备服务.
4093,25,648,2024-07-12,物体打击,致命,车间,可能内容功能可是过程还是环境日本这里一次.
4094,16,120,2026-03-12,滑倒摔伤,轻度,仓库,文化全部看到搜索影响这里起来大家.
4095,85,579,2026-01-08,触电,重度,工地,文化继续对于完成这是功能程序就是功能会员.
4096,51,637,2023-01-14,职业病,轻度,电梯间,解决情况美国其他以上两个名称解决位置电话商品数据.
4097,73,528,2024-08-23,火灾,轻度,实验室,论坛评论那个但是都是那些完全软件可能帮助.
4098,52,478,2024-05-06,机械故障,致命,办公室,资料游戏不过其实人民选择联系新闻虽然不要日期.
4099,92,265,2026-08-18,触电,致命,停车场,出现名称东西图片设备企业应该之后.
4100,27,699,2026-01-31,化学品泄漏,重度,电梯间,特别只是加入责任这个他们当然一起.
4101,27,166,2026-07-06,化学品泄漏,重度,仓库,准备一起国内业务首页公司进行无法发表直接操作语言介绍.
4102,92,959,2026-07-05,职业病,重度,车间,不断日期一起大家帮助电话.
4103,30,842,2024-12-24,职业病,轻度,户外,工程法律完成大家方式政府产品回复开发个人是一以上怎么.
4104,55,439,2024-06-30,交通事故,轻度,食堂,项目今年来源地方还是空间系列大家问题.
4105,43,324,2026-03-04,交通事故,中度,停车场,法律更新方面品牌地址登录推荐其实最大感觉看到就是.
4106,42,138,2026-07-19,触电,致命,电梯间,手机全部日期地区方式只有以后音乐.
4107,78,322,2026-01-16,过劳,致命,实验室,不断欢迎最后公司不能全国的是的话.
4108,9,465,2022-09-25,滑倒摔伤,重度,仓库,实现工作的话进行汽车事情日期一样问题那个.
4109,66,197,2025-10-22,过劳,重度,户外,最新作为等级为了技术上海的话男人看到这么怎么.
4110,37,942,2025-11-06,滑倒摔伤,轻度,工地,设备数据方式推荐时候经营也是人员为了经济无法.
4111,62,44,2025-11-08,职业病,中度,办公室,虽然详细有些文化情况一点可以由于日期.
4112,30,636,2024-01-06,触电,致命,户外,控制介绍之后评论结果为什比较影响图片自己.
4113,53,862,2026-03-14,化学品泄漏,中度,维修区,一次网络女人生活当然如此情况得到发布不同孩子教育.
4114,44,817,2024-04-11,滑倒摔伤,致命,食堂,对于文件之间孩子只有过程很多参加简介情况发现方式看到.
4115,49,75,2025-04-10,坠落事故,中度,电梯间,方面类型当前你的同时关于.
4116,35,225,2024-11-16,过劳,中度,工地,的人提供社会发布增加出来还是技术.
4117,19,846,2025-10-12,化学品泄漏,中度,食堂,电子评论质量深圳手机介绍.
4118,43,185,2025-06-21,过劳,致命,电梯间,而且经验登录您的只是实现美国中心用户到了喜欢.
4119,52,980,2026-01-26,滑倒摔伤,中度,仓库,而且要求专业进入一点提供之后社区工作首页推荐.
4120,61,234,2022-07-19,职业病,中度,停车场,责任如果位置汽车决定可以销售当前责任全部不要.
4121,90,775,2024-12-12,火灾,致命,仓库,然后为了完全注册可能联系增加开发新闻希望工具情况.
4122,93,212,2026-03-13,交通事故,中度,实验室,分析那个城市地方软件电话之后.
4123,81,597,2026-08-29,化学品泄漏,重度,户外,更多那个如此学习可以文化更多在线全国关系这么.
4124,4,459,2024-08-19,火灾,重度,实验室,一种数据出现科技资料对于作者部门自己发现.
4125,40,665,2026-07-08,滑倒摔伤,致命,办公室,不能之后组织这样各种重要不过比较学生研究信息需要电影.
4126,49,117,2025-10-04,滑倒摔伤,重度,电梯间,提供以及成功生活进行经营历史名称以下状态服务经验计划.
4127,56,430,2021-12-24,坠落事故,致命,维修区,政府不能无法电影同时表示.
4128,34,374,2024-04-11,坠落事故,轻度,户外,美国威望而且图片程序这个我们我的文化名称显示时间.
4129,9,388,2024-08-12,物体打击,致命,仓库,所有表示使用也是学生就是网站公司以下.
4130,64,971,2026-07-10,过劳,中度,停车场,活动日本服务完全详细图片建设更新销售.
4131,90,470,2025-12-03,坠落事故,轻度,车间,可能产品发布情况之后更多原因.
4132,96,991,2026-07-23,坠落事故,重度,工地,然后运行网上发生以后对于.
4133,6,410,2024-04-19,物体打击,重度,仓库,状态学校主要电话部分记者不断对于自己文章文化.
4134,47,577,2025-09-07,交通事故,中度,办公室,当前网络那么最后电子位置更新决定两个.
4135,65,574,2026-08-22,触电,中度,车间,支持不是能力以上留言位置认为日本设备运行公司的人.
4136,72,644,2026-06-19,过劳,中度,实验室,不是认为也是您的发布作为就是经验支持.
4137,19,846,2026-02-09,机械故障,中度,户外,如何内容全国工程也是通过发表.
4138,96,287,2026-03-19,滑倒摔伤,重度,仓库,完成选择一起是否空间设计程序方式您的.
4139,40,866,2025-06-19,滑倒摔伤,轻度,食堂,但是很多的是你们或者如此单位状态登录人民新闻.
4140,71,903,2022-12-21,化学品泄漏,致命,实验室,搜索阅读语言留言本站完全这是经营任何什么一直技术合作.
4141,12,386,2025-12-10,过劳,轻度,办公室,社会您的阅读一些教育什么投资.
4142,73,130,2025-11-11,坠落事故,重度,停车场,以上各种希望希望结果地方得到管理汽车注册价格女人.
4143,10,297,2025-03-01,机械故障,致命,食堂,不同作品城市经营密码游戏作者这种然后大小.
4144,34,769,2025-01-29,交通事故,中度,维修区,专业完全免费本站一切如此建设.
4145,61,548,2022-10-26,物体打击,致命,食堂,以下语言联系处理她的中国女人.
4146,6,774,2026-03-08,坠落事故,轻度,食堂,说明使用所有不会具有需要客户只有.
4147,25,764,2026-05-31,坠落事故,中度,实验室,这么因为生活控制这个支持觉得两个.
4148,6,286,2023-12-14,化学品泄漏,中度,办公室,只是学生文化知道或者处理不会经济精华数据事情部分城市.
4149,76,382,2026-02-01,火灾,致命,电梯间,不要登录城市国际我的只要关系选择.
4150,65,935,2024-01-19,过劳,轻度,食堂,能够过程为了最新是一以下评论品牌成为显示规定质量以下.
4151,61,116,2025-07-21,交通事故,致命,户外,文化要求回复解决看到感觉产品.
4152,89,183,2025-05-17,机械故障,轻度,电梯间,计划显示系列方法根据包括教育客户.
4153,42,181,2024-12-23,滑倒摔伤,中度,户外,自己增加开始下载之后免费免费名称帖子价格一些一点为什解决.
4154,50,226,2025-10-14,交通事故,轻度,办公室,部分认为如果完成当然详细生活其中北京.
4155,96,125,2025-10-16,化学品泄漏,致命,车间,环境不过使用人员各种位置安全只是销售音乐成为教育如此.
4156,85,550,2025-10-30,职业病,重度,仓库,经验全国朋友上海参加电话责任组织精华开发留言国家.
4157,5,332,2026-04-19,化学品泄漏,重度,电梯间,记者两个登录正在积分关系业务选择积分.
4158,35,225,2026-01-22,物体打击,重度,实验室,如何留言一样成为人员制作感觉.
4159,13,484,2022-05-13,职业病,轻度,办公室,来自基本首页一定目前的是.
4160,10,789,2025-05-29,交通事故,重度,车间,在线相关资料那个过程学生北京那些选择所以.
4161,22,658,2023-12-03,机械故障,轻度,户外,网站电子发展知道主要登录有关免费安全记者.
4162,44,363,2025-12-24,交通事故,中度,户外,当然计划男人非常不是上海我的处理密码销售系统.
4163,51,734,2026-08-07,触电,中度,办公室,支持结果您的新闻投资其实.
4164,63,782,2026-08-15,物体打击,轻度,电梯间,帮助销售更多等级中国注意报告个人进行.
4165,97,200,2026-03-11,滑倒摔伤,中度,实验室,位置作品什么由于虽然关系一样工程音乐销售.
4166,39,607,2026-08-30,交通事故,致命,工地,设计全国首页国内专业同时帮助学校要求名称免费产品关于.
4167,85,579,2025-09-13,化学品泄漏,轻度,停车场,企业广告文章只有结果完成全部.
4168,68,8,2023-01-19,交通事故,中度,车间,之后报告以及中文有关质量一点.
4169,58,187,2025-04-24,滑倒摔伤,重度,工地,当然女人进行包括由于广告上海.
4170,21,196,2024-04-16,滑倒摔伤,轻度,办公室,国家重要的话我的作为分析.
4171,80,642,2026-06-18,机械故障,轻度,电梯间,免费管理包括这个中国到了图片北京国内首页.
4172,6,433,2026-05-29,机械故障,重度,户外,评论能够知道报告一种或者设备.
4173,93,618,2026-08-25,坠落事故,轻度,办公室,情况建设帮助由于责任公司发现免费.
4174,64,345,2024-12-26,火灾,中度,车间,评论所以孩子状态以上帮助当前.
4175,67,406,2026-03-14,职业病,致命,食堂,男人不要没有两个规定操作管理很多知道有限.
4176,73,662,2025-08-30,坠落事故,致命,实验室,生活行业时候阅读部门觉得地方分析.
4177,54,239,2025-05-20,职业病,重度,车间,之后一些程序今天关系比较生活发展非常之后.
4178,41,660,2026-07-25,机械故障,致命,车间,得到运行科技得到联系事情所以具有.
4179,47,901,2025-01-04,物体打击,致命,仓库,这个有关欢迎选择东西地区那些孩子下载大学销售.
4180,32,679,2023-04-20,过劳,中度,电梯间,能力都是还有完成只要设备得到今天时间注意.
4181,94,781,2022-05-21,滑倒摔伤,中度,仓库,两个也是论坛管理进行大家国际但是回复欢迎为了.
4182,28,101,2026-06-14,坠落事故,重度,办公室,地区事情首页比较大学成功名称留言记者.
4183,92,223,2025-01-01,化学品泄漏,轻度,户外,同时一次电脑注册一起精华大学没有语言可是.
4184,14,617,2025-10-15,机械故障,中度,实验室,喜欢怎么有些今天网络服务中文政府重要一种.
4185,65,92,2024-05-26,滑倒摔伤,轻度,户外,开发部门必须更新比较出来是否朋友已经出来.
4186,7,292,2025-05-11,滑倒摔伤,中度,户外,为了设计品牌商品上海欢迎合作地址更多免费.
4187,53,417,2025-11-09,交通事故,致命,食堂,研究方面认为制作这是什么.
4188,23,968,2024-08-20,物体打击,致命,食堂,这么单位开始帮助以下男人市场标准为了新闻等级中心.
4189,24,881,2026-08-28,交通事故,致命,车间,留言作者一些免费电脑现在用户最大部分系统.
4190,8,552,2025-02-18,坠落事故,重度,实验室,进入密码起来自己等级进入不同.
4191,34,420,2026-02-26,过劳,致命,户外,如此销售发现密码大小可以能力人员科技非常简介.
4192,81,273,2026-05-11,职业病,重度,办公室,安全留言学校当前价格经济方法制作.
4193,73,17,2026-02-04,坠落事故,致命,工地,关于以下但是内容这么今年你的不要.
4194,14,480,2026-05-27,机械故障,致命,电梯间,开发这里以后工作今年简介已经设计记者社会.
4195,14,391,2026-07-31,坠落事故,中度,工地,什么生活正在计划目前分析学生学校学习最大结果.
4196,90,73,2026-04-30,滑倒摔伤,中度,电梯间,觉得中心也是具有管理客户类别空间.
4197,42,847,2026-02-09,化学品泄漏,重度,电梯间,以上论坛回复不是知道市场情况成功名称可能怎么显示政府.
4198,41,304,2025-10-25,物体打击,重度,户外,比较孩子可以更多到了计划他们这个美国地区起来活动.
4199,30,127,2025-11-30,职业病,中度,户外,关于注册学习控制程序价格.
4200,72,303,2026-01-16,坠落事故,轻度,维修区,社会准备价格点击开始的是需要.
4201,87,450,2024-11-04,化学品泄漏,重度,工地,孩子等级的人还是网站联系事情计划活动手机表示经营.
4202,6,50,2025-12-06,火灾,重度,维修区,任何国内大学经济一起类型.
4203,35,749,2025-11-22,触电,重度,车间,教育当然结果这里基本同时专业相关操作.
4204,53,992,2026-08-04,滑倒摔伤,轻度,停车场,什么类型更多事情经营美国记者由于次数语言虽然之后等级.
4205,31,831,2024-10-31,火灾,致命,停车场,那么学生能力音乐威望中文搜索名称.
4206,30,842,2024-05-17,触电,轻度,食堂,发布大学发布进入可能一点解决所有等级最后.
4207,50,823,2025-08-15,过劳,轻度,车间,信息企业现在之间需要为了这些世界中心作为.
4208,88,860,2026-07-09,物体打击,中度,办公室,北京方式资料结果位置支持当然政府.
4209,32,667,2024-09-17,物体打击,重度,车间,对于孩子详细新闻发生最后项目成为简介音乐说明朋友.
4210,81,747,2024-11-17,化学品泄漏,轻度,办公室,这里任何帖子个人制作价格需要操作一样最后.
4211,2,670,2024-08-22,火灾,中度,户外,运行表示全部登录公司数据最后联系实现对于新闻的是作品.
4212,90,792,2026-02-22,火灾,中度,停车场,也是进行那个不断应用如此不会地址可以单位时候.
4213,41,220,2026-02-14,职业病,致命,户外,这些有些不同公司提高继续.
4214,97,200,2026-05-27,火灾,轻度,办公室,搜索经济之后控制如此应该以上需要管理下载根据设计所以.
4215,3,232,2024-08-24,物体打击,重度,户外,有关北京或者电脑内容必须.
4216,44,363,2025-06-21,机械故障,致命,工地,当然论坛用户最后然后空间浏览直接注意管理生产为了中文.
4217,95,87,2024-08-24,触电,致命,工地,如果使用说明内容表示组织生产如此原因.
4218,29,773,2026-09-02,物体打击,致命,工地,中心看到但是学校密码推荐的人必须日期.
4219,41,377,2024-11-21,坠落事故,中度,户外,一下觉得技术精华都是品牌.
4220,100,275,2025-11-26,交通事故,重度,电梯间,可能我们只要服务如何产品标题法律运行方面.
4221,44,817,2026-05-13,物体打击,中度,食堂,以及精华自己科技最大自己密码.
4222,92,959,2026-01-09,火灾,致命,实验室,本站事情规定但是程序加入之后.
4223,66,308,2023-03-27,火灾,致命,车间,这种要求进入拥有以及基本记者客户在线法律精华朋友生活现在.
4224,33,957,2026-06-27,交通事故,中度,仓库,日期最后美国的话特别投资单位.
4225,86,152,2025-05-27,交通事故,中度,食堂,所有系列影响浏览正在我的.
4226,35,985,2026-03-02,过劳,重度,户外,必须工具大学教育通过当然点击而且出来.
4227,2,191,2024-02-23,坠落事故,重度,车间,能力完成行业一直等级图片标准你们处理或者规定运行实现手机.
4228,14,341,2024-05-13,触电,轻度,停车场,知道解决有些标准东西发表责任提供标准发表非常更多.
4229,25,648,2023-09-06,过劳,重度,食堂,孩子男人关系开发积分能够来自如果谢谢行业.
4230,18,779,2024-06-22,火灾,重度,停车场,一样评论完成这种认为重要之后学生类型.
4231,58,717,2026-04-22,职业病,中度,办公室,对于开发业务政府提供怎么根据您的方法简介回复朋友.
4232,71,912,2025-02-16,机械故障,轻度,办公室,一次资料系列一样查看经营出现.
4233,53,578,2024-03-19,过劳,致命,仓库,工作专业经济发现一种实现可是能够位置联系的话.
4234,15,411,2026-07-14,触电,中度,仓库,名称不断大小电子注册社区任何音乐人民.
4235,43,324,2026-05-07,化学品泄漏,中度,维修区,出现环境注册教育帮助学生威望组织主题朋友最新.
4236,6,415,2025-06-06,过劳,轻度,工地,标准资源的人女人教育生产认为因此.
4237,83,155,2025-10-18,火灾,致命,办公室,已经详细也是现在产品投资部门国家作者要求朋友下载软件.
4238,66,245,2025-09-04,触电,轻度,车间,为了重要看到一些以后公司网络非常什么今年.
4239,41,220,2024-06-19,机械故障,轻度,仓库,城市电脑责任应用就是发表.
4240,40,36,2025-11-30,机械故障,中度,车间,销售之间增加研究虽然只有也是.
4241,50,850,2022-12-03,物体打击,重度,办公室,研究看到今天记者成功这个方法部分发布.
4242,45,727,2026-08-13,火灾,致命,实验室,选择一点影响主要品牌单位介绍社会工具生活感觉没有.
4243,27,732,2026-08-18,触电,重度,食堂,这种最后能力还有个人提供正在现在关于人员图片喜欢责任相关.
4244,97,200,2025-10-24,交通事故,中度,办公室,管理不能结果在线中文社会人员时候会员.
4245,45,666,2026-09-05,机械故障,中度,食堂,不同今天大学管理语言一次特别你的的人没有网上推荐.
4246,15,411,2026-02-09,火灾,中度,实验室,浏览活动国家经济其中可能空间网上管理不是回复.
4247,84,231,2026-03-19,坠落事故,重度,维修区,网络大家技术网上专业成功.
4248,6,415,2025-10-09,火灾,重度,车间,拥有查看主要在线资源应用免费经营应该各种.
4249,88,860,2025-09-20,滑倒摔伤,重度,仓库,所有北京问题这么特别只是操作作品能够.
4250,33,193,2026-01-27,滑倒摔伤,致命,实验室,电脑参加情况日期其中注意我的大家比较这样介绍目前.
4251,5,300,2026-05-13,触电,中度,户外,地方研究觉得查看控制免费一般.
4252,57,307,2025-01-01,坠落事故,中度,电梯间,的是这种同时建设浏览不同文件地方男人国内首页而且.
4253,48,754,2026-06-18,滑倒摔伤,致命,维修区,东西来源汽车学习同时事情.
4254,47,923,2024-12-23,职业病,中度,办公室,市场这么标准一般价格没有表示.
4255,54,184,2025-12-25,机械故障,中度,车间,合作文件由于是否情况非常合作实现.
4256,6,712,2026-09-07,机械故障,中度,车间,表示其实这个当前管理或者点击已经.
4257,42,181,2026-07-06,物体打击,中度,仓库,就是点击日本经济论坛网络信息发生音乐非常.
4258,71,987,2025-10-02,物体打击,中度,工地,发现也是管理管理必须其中因为全国注册也是.
4259,61,116,2025-05-22,触电,中度,车间,正在只是研究分析记者进入投资设备一起决定关系.
4260,79,218,2025-08-13,滑倒摔伤,中度,实验室,质量很多之间全国回复比较国内这种一定因此网络.
4261,75,828,2026-08-11,职业病,轻度,停车场,有关各种中心运行能够下载有些这个语言很多一个.
4262,86,832,2026-09-07,火灾,中度,车间,情况专业标准操作主题出来要求准备不同.
4263,80,489,2026-07-09,火灾,中度,仓库,发现这里注册过程系列类别.
4264,79,65,2024-06-20,触电,中度,办公室,介绍不过组织电影不过起来规定生产事情觉得情况加入.
4265,25,254,2025-11-04,火灾,轻度,电梯间,阅读没有看到等级学生出现软件完全所有推荐业务.
4266,46,572,2024-10-24,火灾,致命,电梯间,销售人员如何中国我们次数.
4267,36,383,2026-08-14,物体打击,中度,车间,最大问题这么分析次数世界状态学校应该自己免费.
4268,82,701,2023-11-15,坠落事故,中度,实验室,法律已经单位成为活动对于成为她的.
4269,66,978,2026-05-06,化学品泄漏,轻度,户外,规定项目点击但是行业工作最后进行国家威望但是或者加入.
4270,13,804,2026-06-20,滑倒摔伤,重度,仓库,参加关于方式认为控制已经方面标准简介国家帮助进行设备.
4271,64,971,2026-08-16,坠落事故,轻度,仓库,希望正在还有帮助只是有限公司计划.
4272,21,603,2023-04-22,坠落事故,致命,车间,软件什么各种发展他的两个操作进入今天.
4273,88,22,2026-08-17,坠落事故,轻度,实验室,怎么是否大家环境目前为什可是.
4274,24,259,2025-05-07,触电,轻度,电梯间,系列技术其实事情任何关于开始在线首页只有企业.
4275,52,237,2026-02-14,火灾,重度,工地,的人进行应该信息是一成为.
4276,88,915,2025-08-15,滑倒摔伤,重度,工地,电子发生工具免费密码部分不同部分所以.
4277,3,573,2025-12-30,坠落事故,轻度,食堂,深圳产品发现增加可能不会那么合作计划成为业务政府发生.
4278,95,159,2026-06-04,触电,致命,食堂,这个中文或者这样责任只要个人然后学校新闻.
4279,24,518,2025-05-08,坠落事故,重度,实验室,无法就是必须目前决定方法上海重要行业精华.
4280,63,704,2025-10-21,机械故障,重度,仓库,如此由于阅读以及部门具有所以认为你的.
4281,83,320,2025-06-04,触电,致命,办公室,产品设备类别系列他们设备以后还有.
4282,51,858,2026-02-12,滑倒摔伤,致命,办公室,需要日本怎么手机类型国内影响方式为什组织.
4283,57,372,2025-12-28,滑倒摔伤,致命,车间,全部原因开始程序能够一直应该今天作者内容.
4284,35,749,2026-04-09,物体打击,重度,实验室,发表手机以下为什出来类别这些根据提供.
4285,44,63,2025-12-16,触电,中度,工地,图片来自网站也是以上由于你的喜欢企业.
4286,90,73,2025-05-01,过劳,重度,办公室,时间最新政府得到经济时候部分音乐影响.
4287,25,440,2026-04-02,触电,中度,车间,为了起来我的到了喜欢两个联系方式电脑.
4288,42,138,2026-06-23,职业病,轻度,食堂,帮助原因作品电话影响以及国内完成不能工程发展朋友应该.
4289,84,64,2026-04-09,触电,重度,办公室,处理一定有些地址研究大小生活通过拥有今天能力能够.
4290,4,409,2026-08-20,物体打击,轻度,食堂,信息不断网站经营准备必须品牌都是主题更新生活这个不会.
4291,76,11,2024-11-08,过劳,致命,停车场,重要重要是一欢迎自己信息以及广告最后这里不会.
4292,8,396,2026-07-19,机械故障,致命,食堂,信息看到下载组织出来会员.
4293,58,717,2026-07-13,滑倒摔伤,轻度,食堂,没有这个开始继续北京文章留言他的精华.
4294,72,809,2026-09-01,交通事故,重度,工地,欢迎比较更新无法说明一次加入出现以后组织.
4295,82,977,2024-07-16,机械故障,重度,仓库,系统能够是一会员之间部门主题.
4296,80,855,2024-05-19,化学品泄漏,重度,食堂,环境我们主要那么游戏情况.
4297,24,794,2025-08-19,职业病,中度,办公室,系列电影大学国际最后登录客户或者日期以上日本应用今天.
4298,100,275,2026-01-04,职业病,重度,办公室,手机点击因为或者进入全部得到这些价格过程只是网上国际.
4299,62,44,2022-07-22,火灾,中度,办公室,继续方式其他有些管理只是的人.
4300,36,558,2026-04-10,机械故障,重度,仓库,设备作品电脑经济基本类型查看不过原因情况本站帖子就是.
4301,65,70,2026-04-17,过劳,中度,工地,应用不断技术专业最新单位价格包括大小欢迎国家上海商品.
4302,19,277,2025-02-23,物体打击,中度,实验室,世界品牌文章只是觉得这个工作那么计划.
4303,62,867,2025-11-18,触电,致命,停车场,成功这种而且管理的人管理以后不断时候首页销售东西完全.
4304,76,761,2026-01-21,化学品泄漏,中度,电梯间,计划作者那么深圳表示手机类型本站状态城市.
4305,62,429,2026-05-08,机械故障,致命,电梯间,如此点击增加所有设计一起其中为了欢迎方面关于网上.
4306,83,650,2025-08-04,机械故障,轻度,仓库,为什只要都是拥有对于信息商品网站.
4307,60,233,2026-04-15,化学品泄漏,中度,工地,个人公司阅读介绍公司会员包括用户内容.
4308,54,827,2025-12-26,化学品泄漏,重度,实验室,联系不能关于各种浏览资源还有任何大小情况重要.
4309,11,742,2026-01-30,坠落事故,轻度,维修区,作者这里系统完成注意得到一直.
4310,48,169,2024-11-01,滑倒摔伤,中度,车间,技术同时国家朋友次数支持加入名称其中环境.
4311,18,561,2025-11-02,触电,重度,户外,只要怎么因此最后那个帮助时候不过系统中文女人影响.
4312,83,243,2026-02-17,机械故障,重度,电梯间,世界还是网站或者积分还是经济内容.
4313,32,249,2026-01-02,交通事故,中度,车间,她的语言留言注意还有最后所有计划经验.
4314,6,343,2022-05-06,滑倒摔伤,重度,车间,怎么简介方式类型喜欢所有所以分析下载你的.
4315,12,710,2026-07-13,过劳,致命,实验室,美国也是使用支持本站名称.
4316,48,169,2023-01-23,化学品泄漏,重度,办公室,首页拥有需要文化服务不要最大参加.
4317,30,342,2025-07-29,机械故障,重度,办公室,有限然后决定还是同时需要.
4318,67,424,2025-09-18,物体打击,中度,食堂,类别非常如何评论希望影响.
4319,11,575,2023-05-15,火灾,中度,办公室,会员上海投资他的作品方式你们记者成功游戏应用教育继续.
4320,58,482,2026-05-20,触电,轻度,户外,中国法律行业得到工具因此运行日本公司安全社区.
4321,58,582,2025-12-20,化学品泄漏,中度,实验室,一直两个经济可能在线大家出来提供.
4322,95,455,2025-11-28,机械故障,轻度,停车场,可是喜欢大家目前选择准备重要都是地址工程标题增加为了.
4323,97,899,2023-09-23,职业病,致命,工地,这么关系说明之后当然这个环境具有经济.
4324,63,442,2025-09-01,火灾,致命,车间,报告联系两个详细需要为了经营特别知道介绍最大有关怎么.
4325,69,677,2026-06-12,物体打击,轻度,维修区,帖子就是地方公司安全经营组织什么网络工程活动.
4326,31,314,2026-02-13,触电,中度,食堂,经营如此同时需要资料然后以后文化无法就是.
4327,5,332,2022-10-12,火灾,重度,停车场,合作加入上海大学参加浏览这些设计我的类型.
4328,76,778,2026-02-28,火灾,重度,办公室,详细专业不会由于学校语言.
4329,30,32,2024-05-05,化学品泄漏,中度,维修区,国内两个的话大学您的控制那么解决而且的话浏览音乐.
4330,79,65,2024-07-19,物体打击,重度,电梯间,工程全部方面日本那么可以.
4331,30,58,2026-03-19,交通事故,中度,食堂,作品能力因此结果城市法律.
4332,92,387,2026-05-06,化学品泄漏,致命,维修区,那么广告对于电影怎么系列点击查看提高免费.
4333,30,127,2024-10-17,火灾,重度,食堂,是一目前公司日期成为目前来源还有电子免费广告.
4334,19,333,2025-10-04,触电,轻度,车间,资源评论技术更新研究包括.
4335,39,872,2025-08-07,滑倒摔伤,重度,仓库,其他地方免费学习一定如果比较.
4336,80,620,2026-04-07,滑倒摔伤,重度,食堂,非常广告谢谢你们两个中心所以精华注册很多.
4337,79,65,2026-06-12,坠落事故,致命,户外,有关生活其中加入起来出现分析目前就是游戏.
4338,67,928,2026-03-20,滑倒摔伤,中度,车间,中国一点拥有工作深圳这么参加为什大小地区应该图片网上.
4339,52,834,2026-07-01,滑倒摔伤,轻度,办公室,全部设备如此很多虽然注意发展网上这样一个市场对于影响.
4340,85,62,2022-09-18,交通事故,中度,停车场,只有状态学生知道当前之后只是具有密码类别方式点击.
4341,98,875,2025-03-25,滑倒摔伤,重度,电梯间,有些的人浏览觉得研究关于只要专业.
4342,80,642,2026-04-17,滑倒摔伤,中度,户外,城市企业为什地址来源用户.
4343,11,253,2026-03-20,物体打击,中度,实验室,手机以及而且正在会员电子.
4344,90,611,2025-02-02,坠落事故,轻度,仓库,管理大家地址对于知道但是能够无法无法阅读资源方式.
4345,12,376,2025-09-02,火灾,重度,仓库,建设必须这样说明浏览名称本站自己相关一个阅读时候.
4346,75,645,2026-08-14,坠落事故,中度,停车场,成为有些以后有些类别标准一切发展但是最大地方语言.
4347,53,833,2024-06-19,机械故障,致命,工地,应该应该觉得环境开始使用或者孩子有关.
4348,86,554,2025-09-06,化学品泄漏,中度,仓库,其他很多也是可以情况工作的人.
4349,28,897,2025-09-25,化学品泄漏,重度,户外,关于发展报告服务信息次数主要系列中文使用孩子显示以上.
4350,13,612,2026-08-06,物体打击,轻度,车间,方法阅读方法不断最后客户.
4351,63,782,2025-12-26,职业病,中度,仓库,商品在线网络查看业务作者.
4352,61,516,2024-04-25,交通事故,中度,停车场,可能是一帖子但是电子最新类型特别开发谢谢组织.
4353,82,492,2026-09-07,交通事故,致命,实验室,经营一定情况日期系统浏览.
4354,49,986,2025-10-21,物体打击,轻度,维修区,完全他的但是业务更多游戏最大日期.
4355,91,799,2026-01-22,交通事故,致命,维修区,设备企业以下社区文章更新对于.
4356,45,727,2026-07-11,火灾,中度,停车场,欢迎全国注意没有成功会员时间科技首页城市简介不同网上.
4357,100,302,2022-10-12,火灾,中度,实验室,注意进行女人那些表示广告.
4358,58,187,2025-12-15,坠落事故,轻度,停车场,经济一次密码那些东西音乐会员更新联系中国发生通过还有.
4359,53,417,2026-08-12,机械故障,致命,办公室,来自国内文化浏览发表社会一样主题当然开发很多目前.
4360,52,237,2026-02-15,火灾,致命,车间,同时电话认为技术有些人员研究项目制作你们提高工程.
4361,6,415,2025-08-18,化学品泄漏,中度,户外,现在任何完成今天位置时间如此成功分析.
4362,53,417,2025-08-20,化学品泄漏,轻度,户外,客户一定关于环境法律如果起来.
4363,62,870,2026-04-21,火灾,致命,停车场,只要类型国际图片得到状态时候工具以上.
4364,73,707,2026-03-12,物体打击,轻度,维修区,搜索显示一点解决单位介绍男人可以网络科技.
4365,2,295,2026-08-21,交通事故,致命,实验室,主要专业所有最后来自决定经验.
4366,90,733,2026-04-14,触电,致命,办公室,决定出来文件教育这么广告知道那么.
4367,96,991,2026-09-07,职业病,重度,户外,精华到了正在任何客户影响主题其实决定.
4368,42,402,2025-12-19,职业病,重度,车间,拥有其实就是市场通过人员她的.
4369,28,647,2024-08-20,触电,重度,实验室,发布全部所有环境个人完成因为.
4370,87,450,2024-11-05,过劳,重度,维修区,精华设计今天之间注册记者合作或者相关.
4371,100,557,2024-01-23,触电,轻度,停车场,评论支持女人一个提高发展学习他们主要.
4372,19,839,2024-04-10,机械故障,轻度,仓库,也是时候对于部分城市对于觉得方面经验资源.
4373,50,246,2026-05-08,坠落事故,重度,停车场,当然类别怎么不是全部教育评论由于深圳他们事情的话人员.
4374,86,161,2026-03-01,交通事故,轻度,维修区,标准作品发展本站更多为什的是部门东西组织.
4375,59,358,2025-01-08,职业病,重度,办公室,学校所有特别因此工作主题游戏时间记者.
4376,21,936,2025-08-04,过劳,致命,电梯间,建设个人社区他们已经加入.
4377,38,88,2026-02-24,交通事故,轻度,电梯间,一定选择根据技术全部那些.
4378,68,8,2025-01-06,化学品泄漏,中度,仓库,一个其中喜欢加入原因有限更新密码.
4379,13,804,2025-05-30,物体打击,轻度,户外,最新进入起来文件投资学习文章使用本站其中.
4380,45,469,2024-02-24,火灾,重度,电梯间,论坛信息市场一下孩子当然个人更新分析一定主题广告文件.
4381,85,128,2024-08-01,触电,致命,停车场,完成价格原因公司如此相关中心得到最新.
4382,34,244,2026-05-22,物体打击,重度,工地,全国都是感觉必须服务只有具有.
4383,3,946,2026-07-15,火灾,中度,停车场,你们大学自己之间控制过程喜欢经营是否国家以下评论能够.
4384,29,773,2026-08-11,化学品泄漏,重度,食堂,一定资源一些没有产品加入业务看到.
4385,40,114,2026-09-06,过劳,轻度,维修区,网络是一深圳业务喜欢感觉.
4386,15,298,2023-03-01,物体打击,中度,办公室,推荐这个网络类型人员如果这些就是是一.
4387,57,307,2025-08-21,火灾,致命,维修区,投资今天资源电话发现人员有限.
4388,39,507,2025-11-19,坠落事故,中度,户外,也是为什信息历史一些都是选择合作一般方面.
4389,17,750,2023-03-02,滑倒摔伤,致命,仓库,女人技术简介方法详细大学男人包括.
4390,62,956,2024-11-25,职业病,中度,工地,所有企业这里威望这种名称到了图片地区.
4391,47,340,2026-08-29,过劳,中度,工地,自己所以广告这里登录新闻经济关系这样设计.
4392,12,288,2025-01-09,物体打击,致命,停车场,过程作者方面国际程序只是有关这个.
4393,86,832,2026-08-18,交通事故,中度,仓库,企业规定怎么网上用户阅读出现进行世界你们浏览目前.
4394,13,484,2024-08-23,火灾,中度,办公室,政府本站的话是否比较成功功能.
4395,47,177,2026-06-05,职业病,致命,办公室,公司美国在线功能处理内容您的拥有无法.
4396,50,246,2024-07-16,火灾,轻度,停车场,部分程序或者资料教育然后.
4397,6,433,2024-06-08,机械故障,轻度,办公室,实现音乐搜索时间所有社会中国主要类型服务.
4398,50,27,2025-11-09,物体打击,轻度,仓库,处理电话目前作为作品这里加入历史资料设计还是大小地址.
4399,81,597,2025-07-22,滑倒摔伤,中度,工地,威望实现一下应用关系拥有可是也是得到国家上海电话项目.
4400,57,372,2025-03-03,交通事故,重度,维修区,您的已经要求标题重要地区决定有些那些他们感觉根据.
4401,73,652,2025-01-20,火灾,重度,车间,问题支持阅读事情类别深圳朋友同时基本.
4402,39,627,2024-10-14,机械故障,重度,工地,可以那个非常名称软件运行开发提高起来他们学校.
4403,77,770,2026-06-17,火灾,重度,食堂,电影环境来源认为产品更新简介国际不会最后比较.
4404,44,817,2026-03-20,物体打击,重度,电梯间,下载今天男人决定工程经验所以详细起来因此原因这样.
4405,9,388,2025-01-08,交通事故,重度,实验室,东西记者增加联系准备不能次数美国系列特别.
4406,91,659,2026-08-08,火灾,重度,食堂,政府因为推荐中国决定男人学生学校一点制作已经.
4407,50,246,2026-07-02,交通事故,中度,停车场,标准所有积分销售当然还是.
4408,75,943,2024-12-27,触电,致命,仓库,文章作者回复不断深圳成为.
4409,60,55,2026-08-11,触电,轻度,食堂,如果游戏一般品牌的话能够原因.
4410,36,416,2024-11-27,火灾,轻度,户外,还有各种经济文化电子看到有关积分的人网上留言资源.
4411,33,836,2026-04-09,机械故障,轻度,仓库,还是也是当然或者所有学习学生任何.
4412,69,40,2022-09-08,火灾,中度,工地,有些政府不是系列工作质量.
4413,38,88,2024-08-25,过劳,致命,实验室,一下我的孩子市场经验就是科技.
4414,9,857,2026-06-15,滑倒摔伤,致命,办公室,一下客户成功只有正在方面方式都是.
4415,43,483,2026-04-10,职业病,中度,办公室,为什的人最新人员欢迎完成语言行业网上留言网站.
4416,47,132,2023-12-16,过劳,轻度,维修区,然后空间朋友文化我们价格一样由于.
4417,7,878,2026-02-12,过劳,重度,电梯间,设计怎么重要经验中文喜欢就是在线介绍国内.
4418,6,712,2026-09-06,滑倒摔伤,致命,实验室,由于一切地址以后个人具有事情.
4419,47,132,2026-01-12,物体打击,致命,停车场,完成使用可能因为任何完成市场不是帖子结果客户方法工具.
4420,40,976,2024-08-14,滑倒摔伤,重度,电梯间,经营国际发现广告美国游戏人员已经.
4421,83,155,2024-05-05,火灾,轻度,工地,当前很多搜索主要得到全部关于不要网上项目但是部门.
4422,13,916,2023-11-13,机械故障,重度,停车场,专业任何必须如果增加实现一下显示积分处理出来中国.
4423,6,434,2026-09-02,坠落事故,中度,车间,因为经验组织可以他们法律网上方法国际.
4424,7,296,2026-04-20,过劳,重度,维修区,帖子设计位置网站结果管理这种通过方法等级您的.
4425,88,915,2024-10-27,火灾,中度,实验室,产品您的中文任何开发社区拥有生活你们如果发展首页.
4426,39,607,2026-09-02,化学品泄漏,致命,车间,这样地方相关信息组织全部自己网络城市.
4427,2,113,2026-07-14,触电,重度,电梯间,可以生产这些今天今天留言提供功能.
4428,84,777,2024-05-22,滑倒摔伤,重度,维修区,自己一切关于类型只有评论结果看到.
4429,68,962,2026-02-06,触电,中度,户外,进行表示已经产品时候一直.
4430,10,789,2022-10-08,职业病,轻度,车间,提供主题的话空间文化品牌首页销售一个这么最新.
4431,23,589,2024-08-29,过劳,重度,停车场,都是工作同时销售电子最新那个留言内容全国那个经营业务.
4432,90,934,2026-08-30,触电,轻度,车间,只有阅读地址一些社会图片那么中文不同同时管理.
4433,92,546,2023-03-28,过劳,轻度,维修区,市场也是来自浏览可以应用表示地方.
4434,5,500,2026-06-06,机械故障,中度,停车场,不要她的经济地区他们应该知道发表欢迎合作.
4435,18,725,2026-08-31,职业病,致命,停车场,今年数据注册自己通过是否虽然城市解决广告.
4436,67,392,2026-01-14,职业病,重度,仓库,生活下载文化那些经济主题城市不断类别.
4437,92,959,2026-02-17,过劳,中度,停车场,有些次数技术游戏完成最大作品你们我们当前谢谢发展情况.
4438,11,806,2026-07-21,交通事故,致命,停车场,比较在线根据出现得到安全教育投资运行如果自己合作人员.
4439,64,414,2024-03-19,机械故障,致命,车间,其他语言广告部分表示政府成功一种人员标题.
4440,70,683,2026-07-25,职业病,中度,工地,认为开始人员表示基本计划电话还有论坛处理大小.
4441,17,54,2024-09-23,过劳,轻度,办公室,是否位置进行就是朋友主要根据在线报告历史大学世界浏览.
4442,76,778,2026-06-06,交通事故,致命,车间,因为所以帖子系列作者希望一切.
4443,75,645,2026-09-06,火灾,重度,实验室,环境市场已经本站威望您的具有.
4444,65,693,2023-11-02,物体打击,中度,车间,世界其中认为要求人民正在解决.
4445,52,478,2023-12-10,交通事故,轻度,仓库,单位介绍设备情况电影但是.
4446,6,808,2026-05-04,职业病,重度,维修区,个人怎么一种方式这是解决也是下载东西同时不能.
4447,83,155,2025-05-07,触电,中度,办公室,必须加入东西目前主要他的我的威望知道生产.
4448,92,425,2026-06-22,职业病,轻度,仓库,最大电脑到了手机记者那个孩子任何城市首页.
4449,47,944,2026-07-17,机械故障,中度,户外,喜欢作为出现直接信息直接还有一直建设应该手机.
4450,69,677,2025-03-31,火灾,重度,停车场,搜索那么地区他们这是由于部门孩子.
4451,93,740,2026-07-22,职业病,中度,食堂,个人单位建设设计无法更多最新继续任何的是能力来源之间类别.
4452,43,375,2026-05-06,交通事故,重度,工地,她的各种搜索可是基本所有.
4453,9,675,2026-01-15,滑倒摔伤,轻度,电梯间,日本怎么社区规定全部主题论坛社会.
4454,40,337,2026-03-11,滑倒摔伤,重度,户外,能力深圳历史文章因为环境规定直接自己一些.
4455,19,277,2024-05-18,过劳,致命,车间,密码网站一下教育原因所有帮助中国各种处理已经情况.
4456,69,40,2024-04-25,坠落事故,重度,工地,因为通过搜索国际还是什么操作.
4457,30,892,2023-01-16,机械故障,中度,电梯间,日本的话一个那么登录关于我们文章的话结果工作合作比较.
4458,10,748,2024-01-03,坠落事故,致命,维修区,文章支持各种一些表示一样帖子相关评论电子学校文化.
4459,55,98,2022-08-22,职业病,轻度,办公室,研究直接下载增加参加准备新闻当然.
4460,24,305,2025-11-05,职业病,重度,实验室,得到两个各种对于环境到了没有时候阅读文件学习由于.
4461,29,255,2026-07-08,坠落事故,重度,停车场,表示因为工程人民设备很多一直.
4462,85,460,2026-08-11,坠落事故,轻度,食堂,本站公司发布标准管理什么.
4463,24,518,2025-10-23,职业病,中度,车间,觉得文章继续威望你的行业不同网站次数相关.
4464,32,249,2025-10-26,机械故障,中度,户外,开发经济客户大小一个认为中心一些人民之后发生.
4465,64,418,2024-03-07,交通事故,致命,维修区,方法业务阅读朋友他的详细作为不同提高.
4466,64,559,2024-10-18,交通事故,重度,车间,那个具有男人应该具有资源作品.
4467,46,826,2026-01-21,交通事故,轻度,停车场,规定自己现在深圳拥有音乐法律准备更多但是对于为了.
4468,4,154,2025-11-13,化学品泄漏,重度,户外,这个点击系列电子电话登录管理作品计划你的一定工作只有.
4469,8,513,2026-01-23,滑倒摔伤,重度,仓库,人民来源大学帖子信息都是市场其中这里.
4470,8,396,2026-07-24,机械故障,轻度,电梯间,最大不会一直有些出来自己什么威望各种感觉语言品牌.
4471,37,822,2025-04-24,物体打击,轻度,停车场,登录过程历史美国两个有关.
4472,53,417,2025-07-22,触电,中度,办公室,来源谢谢看到虽然还是商品选择工程准备音乐特别由于这么.
4473,63,141,2025-11-19,物体打击,中度,车间,加入用户更新帖子就是影响出来商品开发品牌大小开始次数.
4474,3,573,2026-02-22,物体打击,重度,电梯间,组织文化得到新闻价格包括可以只有有限以后标准那些.
4475,63,704,2024-02-29,交通事故,轻度,实验室,影响那些品牌这么都是成功积分很多首页关于因为经营不会.
4476,16,110,2026-08-05,职业病,轻度,电梯间,之间参加主要类别免费不过一样全国深圳一切那些主题行业.
4477,84,771,2026-07-27,过劳,重度,户外,系统经营结果用户研究不是.
4478,53,417,2026-02-22,滑倒摔伤,中度,车间,设计之后查看建设对于实现文件继续方法根据不断.
4479,84,633,2024-11-30,滑倒摔伤,中度,办公室,注意那么有关学校只是到了.
4480,80,642,2026-04-27,机械故障,致命,车间,论坛的是觉得男人控制公司.
4481,28,713,2026-06-28,职业病,重度,仓库,更新资料发生完全但是质量系统国内.
4482,60,760,2025-08-09,滑倒摔伤,轻度,食堂,拥有音乐一下系列作者其中国内教育以及游戏用户下载.
4483,17,385,2025-01-29,火灾,重度,电梯间,更新还有发生能够为什全国世界因为进入.
4484,79,65,2025-05-11,火灾,轻度,仓库,部分要求部门单位报告位置完全世界.
4485,82,534,2025-09-27,滑倒摔伤,重度,车间,您的等级他的公司经营一样结果你的主题.
4486,71,987,2025-09-19,过劳,轻度,电梯间,时间论坛到了之后这里管理经验这么一些人民国际.
4487,2,670,2026-07-02,职业病,致命,实验室,能力服务音乐下载两个北京一定以及女人.
4488,6,938,2024-03-29,触电,致命,工地,产品通过建设帖子电脑不过或者今天法律客户.
4489,60,698,2025-08-09,坠落事故,中度,户外,不过电话位置一样部门增加而且进入制作这种登录.
4490,72,718,2026-08-05,滑倒摔伤,中度,实验室,内容不要以及这样为什组织你的数据产品公司本站支持.
4491,40,114,2025-09-13,滑倒摔伤,轻度,户外,评论建设无法介绍质量注册系统还是世界特别管理生产.
4492,92,387,2025-01-30,火灾,中度,实验室,不断更新提高必须美国其他可是认为帖子.
4493,43,185,2026-07-11,交通事故,致命,停车场,单位最大这样这么查看不同她的.
4494,66,197,2025-11-04,触电,致命,工地,科技企业继续国际表示很多时间会员开始到了来自.
4495,31,422,2024-01-29,过劳,轻度,停车场,搜索工作看到我的出现一般国家生活电子.
4496,33,753,2026-05-16,火灾,致命,实验室,今天政府我的中文网络必须功能市场你的这里留言网上.
4497,41,660,2026-08-20,机械故障,重度,食堂,价格我们网站直接不同我的只是以及非常.
4498,52,478,2025-03-19,过劳,重度,食堂,到了其他其他这个位置一点目前因为欢迎事情任何.
4499,100,972,2024-01-06,职业病,重度,车间,科技威望觉得一切资料登录一次行业他们北京活动文章地方拥有.
4500,86,161,2026-05-06,触电,轻度,仓库,标题联系名称重要国际产品之间显示电影的人.
4501,80,489,2023-05-12,火灾,致命,电梯间,怎么应用大学品牌选择在线不能更新.
4502,40,996,2026-05-27,坠落事故,致命,仓库,如何设计需要工程以下方法学习研究谢谢选择但是.
4503,28,504,2026-04-12,职业病,重度,车间,阅读更新留言这里根据公司本站内容标准.
4504,23,108,2025-05-12,化学品泄漏,致命,办公室,喜欢但是可是电子行业网站信息.
4505,97,899,2023-11-03,滑倒摔伤,中度,停车场,网站准备类别今天以上社会关系建设单位我们.
4506,35,749,2025-07-19,坠落事故,致命,工地,客户已经不要一般作品发现这个很多自己.
4507,45,727,2026-06-15,坠落事故,轻度,办公室,大家这里进行教育信息点击人民品牌.
4508,76,556,2026-08-12,滑倒摔伤,致命,食堂,操作学校自己我的出现文件状态她的到了一般谢谢本站.
4509,16,395,2025-11-06,职业病,重度,户外,那个拥有运行希望具有等级一些.
4510,93,590,2025-07-23,坠落事故,中度,办公室,查看记者一直日期没有质量.
4511,53,578,2025-08-06,火灾,中度,仓库,解决更多发生名称朋友喜欢上海那些.
4512,27,732,2026-02-01,交通事故,中度,工地,其中开发以上作为投资用户注册分析.
4513,88,915,2025-12-13,滑倒摔伤,中度,实验室,出现威望来源非常状态成为图片.
4514,89,53,2024-06-08,触电,中度,工地,男人今年用户一些根据生产时候.
4515,56,932,2022-12-25,火灾,致命,办公室,国内这里行业怎么进行是否.
4516,28,504,2026-05-01,火灾,致命,实验室,图片点击应该能力音乐计划企业比较一定社会软件.
4517,45,885,2026-05-12,触电,轻度,户外,活动最后增加主要学习认为朋友完全这种.
4518,74,419,2026-08-31,机械故障,中度,仓库,喜欢如何登录部分来源价格名称帖子系列电影这是.
4519,99,438,2026-08-20,滑倒摔伤,轻度,工地,很多软件因为可是希望时间电影地址影响.
4520,85,43,2025-08-10,物体打击,中度,仓库,只有资源女人城市用户分析公司论坛.
4521,84,800,2026-07-13,滑倒摔伤,致命,仓库,目前文件世界不会今年而且数据经营一定回复.
4522,68,937,2024-05-09,触电,轻度,仓库,感觉到了就是虽然那么网站.
4523,49,75,2024-09-20,化学品泄漏,轻度,实验室,有些中心浏览实现部门环境.
4524,24,494,2024-01-22,物体打击,中度,办公室,得到已经使用这么不过城市.
4525,38,313,2026-05-12,滑倒摔伤,轻度,食堂,以后日期准备一样正在联系最后不断所以.
4526,5,500,2024-05-31,火灾,轻度,户外,这种有限规定有关控制必须.
4527,18,779,2023-04-26,化学品泄漏,轻度,工地,这些同时他的最大注册日期历史深圳.
4528,100,437,2024-11-10,火灾,重度,办公室,文件重要同时时候质量本站看到.
4529,28,897,2024-08-17,火灾,致命,工地,这些只要过程大小社区加入社区在线.
4530,6,938,2023-10-27,机械故障,致命,办公室,实现网络应该发表问题为什密码首页加入国家中国而且那么.
4531,47,349,2026-08-24,职业病,致命,户外,网上回复电影制作最大任何开发发现资料单位回复.
4532,9,687,2026-01-16,交通事故,中度,停车场,企业设备非常希望北京包括.
4533,72,100,2026-08-19,化学品泄漏,中度,食堂,图片公司最后知道出来标准合作处理程序操作.
4534,1,614,2024-04-20,坠落事故,重度,办公室,设备如果进入最后专业同时所以.
4535,52,478,2026-04-18,触电,重度,实验室,国家一般工具一般之后历史作为选择.
4536,61,548,2025-11-05,坠落事故,中度,食堂,系列关系重要发表已经合作所有选择政府回复.
4537,4,29,2023-09-27,化学品泄漏,重度,电梯间,来自没有主要无法已经可以.
4538,85,576,2025-07-09,职业病,致命,户外,工程什么制作根据但是重要设备解决之间关系电话希望之后.
4539,90,924,2025-07-14,职业病,轻度,实验室,不同评论时间她的以下积分内容.
4540,1,785,2025-07-17,物体打击,轻度,电梯间,作品网络不要项目应用科技社区个人.
4541,26,230,2023-11-12,坠落事故,中度,车间,希望系统首页一般单位提供一下类别语言.
4542,66,978,2026-02-03,坠落事故,重度,维修区,其实说明有限关于已经资料你们活动信息无法不同本站.
4543,72,718,2026-05-20,职业病,中度,仓库,能力注意网络登录组织大小.
4544,51,858,2025-12-07,滑倒摔伤,轻度,电梯间,过程他们价格帮助完成进行全国制作关系比较所以标题.
4545,34,769,2025-05-02,交通事故,中度,食堂,学校精华威望社会相关论坛标准都是帖子个人投资.
4546,16,26,2023-10-17,坠落事故,中度,维修区,是一也是控制来源这么报告.
4547,3,232,2024-09-17,物体打击,重度,实验室,开始商品广告可能大学单位方面中国东西这里中国类型原因.
4548,79,65,2024-01-08,过劳,重度,仓库,开始因为能力工作搜索什么现在语言.
4549,24,190,2026-07-01,坠落事故,轻度,维修区,实现状态要求当前介绍地址加入电话对于如果国际.
4550,71,13,2026-02-07,触电,致命,仓库,因此地址两个环境推荐她的问题中国因为.
4551,84,41,2024-01-23,物体打击,轻度,工地,这是成为包括不会可是所有生产其实一直阅读增加说明各种.
4552,76,446,2025-08-19,物体打击,重度,维修区,类型不是认为之后科技这样能力.
4553,28,536,2025-09-09,物体打击,轻度,办公室,发展最后公司行业女人业务回复出来是一管理其中.
4554,1,623,2026-07-29,职业病,中度,车间,音乐建设喜欢企业我的还有状态显示.
4555,83,155,2026-02-21,火灾,致命,维修区,重要认为质量帖子可以历史需要发生具有.
4556,63,442,2025-09-30,滑倒摔伤,致命,仓库,提高生活计划只有以后今年资料.
4557,25,254,2025-11-07,化学品泄漏,重度,仓库,类型所有标准今天最大美国她的音乐.
4558,87,735,2025-10-14,化学品泄漏,重度,电梯间,今年更多相关一切那个操作国内还有生活介绍.
4559,11,742,2026-04-29,机械故障,致命,停车场,分析研究日期汽车上海国际用户很多参加的人自己.
4560,46,724,2024-02-26,物体打击,轻度,维修区,拥有最后以后功能自己名称情况有限方面发表可能.
4561,50,595,2025-09-13,触电,重度,办公室,威望全国游戏男人不是只有之后关系世界任何怎么系统.
4562,25,106,2026-03-08,过劳,中度,停车场,学校中心因此搜索下载研究应用市场实现完全.
4563,82,534,2024-12-31,过劳,中度,维修区,国家完成电话使用环境那么日本主要最后.
4564,35,339,2025-07-14,交通事故,重度,食堂,管理一样会员在线增加文章活动语言也是日期研究市场.
4565,6,963,2026-06-24,滑倒摔伤,轻度,停车场,电影责任作品可能作者看到相关登录女人标准记者今年大学.
4566,52,834,2026-08-25,火灾,致命,维修区,发布参加责任网络由于本站出来支持新闻这么首页.
4567,76,556,2026-09-07,机械故障,轻度,维修区,成功标准的话今年评论计划.
4568,29,773,2026-09-06,机械故障,致命,办公室,新闻发布感觉能够一种日期操作其中.
4569,2,670,2024-05-02,职业病,轻度,仓库,可能法律这里完全当前音乐单位.
4570,84,15,2024-10-15,物体打击,重度,仓库,实现出来有些拥有美国自己.
4571,45,730,2026-02-07,触电,重度,仓库,会员活动起来成功程序还有时间这里精华责任喜欢基本所以.
4572,93,815,2025-11-21,物体打击,重度,办公室,对于具有通过客户功能电子电脑.
4573,6,774,2025-08-04,过劳,轻度,仓库,解决能力今年方面其实会员网络系统不是希望比较生产.
4574,6,712,2026-09-02,化学品泄漏,中度,电梯间,或者发生北京帖子完全没有情况其中女人图片可能.
4575,75,236,2026-07-22,职业病,重度,电梯间,通过以后一下主要文件点击首页谢谢.
4576,6,325,2024-05-30,火灾,轻度,实验室,没有任何大学提高发展因此所有根据等级社会.
4577,28,504,2025-12-10,触电,致命,车间,信息主要有关服务国内得到来源说明得到市场.
4578,1,102,2025-11-07,机械故障,中度,工地,一般状态使用安全帖子到了.
4579,22,541,2026-07-30,火灾,轻度,户外,留言然后情况环境大学最后.
4580,17,54,2024-04-09,火灾,重度,实验室,教育具有一个工具方式操作情况电子这是之间经营.
4581,52,467,2023-05-25,职业病,中度,工地,的话应用数据发布学校如此.
4582,95,159,2026-04-10,滑倒摔伤,轻度,停车场,市场表示组织制作北京开发投资浏览电子只是处理设计.
4583,73,214,2026-05-28,触电,轻度,仓库,电子建设类型喜欢北京有限行业之间专业.
4584,9,362,2026-08-29,触电,中度,电梯间,工具成为时间规定次数介绍这是全国.
4585,98,610,2026-07-04,交通事故,重度,电梯间,其中推荐支持开发介绍作者参加投资学校客户今天产品怎么.
4586,92,387,2026-02-12,交通事故,致命,食堂,今年文化一个行业不是信息来源查看城市不同专业.
4587,59,723,2026-03-23,火灾,轻度,实验室,的是不会所有当前历史最新.
4588,22,541,2026-02-01,机械故障,重度,办公室,文章他的本站只要游戏人员但是都是注意需要准备.
4589,76,624,2025-11-12,触电,轻度,仓库,部分新闻事情管理也是使用任何地区最后.
4590,34,420,2026-08-12,触电,轻度,仓库,男人应用系统软件本站您的只要结果这些自己.
4591,27,166,2026-09-01,交通事故,轻度,停车场,数据情况组织情况状态世界加入城市更多公司可是简介.
4592,19,646,2026-09-06,滑倒摔伤,轻度,停车场,产品到了程序更新认为最大已经.
4593,96,287,2023-10-06,滑倒摔伤,中度,实验室,所以一直方式支持社会网上社会组织大小回复觉得学校.
4594,41,66,2026-07-30,物体打击,中度,工地,音乐显示特别全国回复语言的话市场最大开始.
4595,60,760,2025-04-28,交通事故,致命,工地,市场科技科技主要能够这是历史比较销售说明得到完成以后任何.
4596,30,127,2025-03-16,化学品泄漏,轻度,食堂,帮助的是您的女人来自要求上海.
4597,66,686,2024-09-10,化学品泄漏,轻度,食堂,学生实现专业不过这里专业所有但是显示最后.
4598,73,397,2024-12-19,火灾,重度,车间,相关阅读一种方法其他销售操作要求全部规定时候.
4599,96,287,2024-12-09,过劳,致命,户外,以后包括基本还是结果就是谢谢当然能够系统是否下载网站.
4600,65,935,2026-05-01,物体打击,轻度,食堂,技术出来拥有全部特别如何男人作为.
4601,24,494,2024-01-11,职业病,中度,工地,不会应该可是计划环境情况一直特别进行.
4602,2,191,2024-07-04,职业病,轻度,户外,正在操作搜索以下能力功能.
4603,20,403,2026-04-14,坠落事故,致命,仓库,类别女人有些时间是一可是地址日本最后设备.
4604,49,986,2026-02-05,过劳,致命,实验室,下载地址单位看到作为支持留言标准帖子空间技术服务.
4605,57,137,2025-11-26,过劳,重度,食堂,公司主题系列实现单位一般生活手机记者.
4606,18,160,2026-01-27,过劳,重度,实验室,标题女人问题看到加入不要手机产品我们功能中文企业时间.
4607,60,615,2026-08-07,火灾,中度,仓库,新闻不同资源提供特别不是工作新闻论坛拥有类别地址.
4608,98,329,2025-12-06,机械故障,致命,维修区,首页学习决定朋友认为经济.
4609,87,664,2026-01-10,过劳,轻度,食堂,我的之后合作阅读关系生活地方相关是否关系所以然后.
4610,37,356,2026-05-28,火灾,中度,车间,朋友自己不能图片到了系统的话法律各种点击基本处理社会.
4611,7,964,2026-07-21,交通事故,重度,食堂,不会语言新闻地区下载一种大学教育直接有关也是投资.
4612,76,446,2025-03-21,触电,轻度,电梯间,其他需要社会推荐次数经验上海更多电话注册完成注意这些.
4613,68,122,2025-11-19,过劳,重度,实验室,系统中国今天搜索这么处理.
4614,33,193,2026-08-23,过劳,重度,食堂,喜欢必须地方所有孩子根据数据更新学习使用没有进入.
4615,60,262,2024-07-14,触电,中度,食堂,这样地址人员之后今天工作信息帖子感觉报告.
4616,92,84,2026-05-20,化学品泄漏,致命,户外,需要文化全部地方包括有限这么方面全国到了.
4617,61,116,2024-12-11,化学品泄漏,轻度,实验室,表示以上只有其中搜索人民研究作品.
4618,5,300,2023-01-18,机械故障,中度,办公室,广告全部关于时间政府网站只是登录怎么更多成为自己品牌.
4619,64,559,2025-08-31,滑倒摔伤,中度,电梯间,以后根据不同使用游戏品牌看到个人今天进行标准标题.
4620,19,310,2024-12-27,职业病,重度,实验室,质量然后科技网络登录推荐.
4621,51,843,2026-03-18,交通事故,中度,户外,业务次数最新人民起来服务设备合作最后关系建设个人标准.
4622,91,526,2025-08-13,触电,致命,办公室,电子国内有限安全能力产品参加的是知道不能都是她的数据.
4623,27,634,2022-09-10,化学品泄漏,致命,电梯间,提高制作产品支持位置计划图片服务选择支持日本.
4624,38,498,2026-08-24,触电,轻度,户外,之间各种之间作品开始进入电话来自中文部分的话.
4625,27,508,2025-12-13,触电,中度,工地,空间销售城市点击服务支持应用.
4626,86,404,2025-07-21,过劳,轻度,停车场,目前这么认为相关中文拥有相关一直地区客户社会不会或者.
4627,84,205,2026-08-22,化学品泄漏,中度,仓库,注册原因什么认为经济汽车论坛有些全部城市作者.
4628,47,80,2024-10-25,化学品泄漏,中度,维修区,出来现在只有工程一下更新什么社区中文其实东西.
4629,33,836,2026-04-12,化学品泄漏,轻度,电梯间,最后准备选择他们为什加入一次一起情况.
4630,34,769,2026-01-29,滑倒摔伤,重度,食堂,能够那么提高类别环境广告学生提供质量状态增加.
4631,18,561,2026-07-21,物体打击,重度,电梯间,广告密码学习方法地方标准作者以及只是情况大家运行能力.
4632,76,883,2023-12-21,职业病,重度,电梯间,电脑工具业务城市作者方式合作这种今天公司国内个人可能.
4633,63,442,2025-09-30,过劳,轻度,维修区,中心生活地区发表相关联系我们男人.
4634,61,234,2026-08-11,火灾,轻度,车间,位置已经他们怎么一次但是专业经验方法在线.
4635,92,546,2025-05-11,物体打击,致命,维修区,系统是一看到时候问题标题全部任何那个.
4636,94,204,2025-09-23,物体打击,中度,车间,一直已经起来无法当然任何.
4637,52,38,2026-04-13,滑倒摔伤,中度,维修区,数据法律技术可能作品之后继续网络.
4638,42,517,2025-04-02,机械故障,重度,车间,支持实现显示系列只有以及注意工程完成控制不会问题社区不能.
4639,54,784,2024-01-29,职业病,重度,食堂,法律会员一定还是标题也是.
4640,99,133,2026-08-20,职业病,致命,工地,学生控制联系自己不会内容一切你们质量事情经验要求设备.
4641,87,711,2025-12-29,物体打击,中度,车间,设备为什当前两个注册等级没有得到进入程序谢谢帮助.
4642,14,93,2026-01-05,火灾,中度,实验室,搜索软件而且名称地区城市积分继续的人标准发表.
4643,1,379,2026-05-24,过劳,轻度,维修区,工程学习以下以下知道美国公司网站的人地址国际推荐.
4644,98,94,2025-06-30,火灾,轻度,实验室,虽然当前企业然后她的出现加入之间学生提供.
4645,7,296,2026-03-04,物体打击,轻度,电梯间,公司的是不断他的大学只要应用中文图片有些.
4646,29,692,2026-05-16,滑倒摔伤,重度,仓库,怎么程序要求注意有关能够历史.
4647,3,995,2026-04-06,触电,致命,食堂,一些一些你们什么她的国内内容.
4648,50,625,2025-07-22,交通事故,重度,办公室,个人精华深圳地区因此发现是一使用日本.
4649,3,890,2025-08-20,化学品泄漏,轻度,停车场,但是提高用户由于决定积分是一质量什么以上企业希望公司.
4650,67,290,2026-03-24,触电,轻度,停车场,可能有关无法日期具有目前注意认为支持这样评论作为发布注意.
4651,97,588,2026-07-02,物体打击,轻度,户外,法律是否北京评论能力的话.
4652,45,863,2026-08-23,滑倒摔伤,重度,实验室,积分欢迎深圳也是那些帖子.
4653,81,331,2025-12-14,职业病,中度,办公室,具有一个一下一些不会最大.
4654,11,575,2025-11-09,坠落事故,致命,户外,部分运行浏览怎么经营深圳网上深圳数据设备怎么回复深圳.
4655,48,585,2026-01-21,物体打击,致命,电梯间,公司基本如何登录特别用户支持系统成为如果如何.
4656,79,65,2025-02-12,火灾,中度,工地,那个自己必须深圳等级影响.
4657,76,813,2025-03-04,职业病,致命,户外,学习国家这些市场发展那么合作程序.
4658,44,715,2026-08-20,机械故障,轻度,仓库,进入在线系统今年这些如此显示看到.
4659,14,215,2024-07-01,物体打击,中度,工地,通过系统帮助事情日期一种今天能力他的.
4660,67,424,2024-09-15,滑倒摔伤,致命,车间,地区北京作者查看经营因为大家的话所有.
4661,42,354,2023-06-04,交通事故,重度,车间,汽车以及就是设备商品部分谢谢功能活动空间网站简介中国.
4662,2,841,2026-07-26,交通事故,中度,电梯间,设计各种以后加入设备程序.
4663,77,373,2026-01-01,过劳,致命,户外,比较继续科技城市价格我们.
4664,76,982,2026-03-04,机械故障,中度,户外,系统因此美国电子相关东西不过一下程序市场数据规定朋友.
4665,1,399,2025-05-21,滑倒摔伤,中度,维修区,国际单位积分介绍很多觉得类型特别你的看到起来.
4666,6,343,2024-04-24,过劳,轻度,实验室,一个作者投资个人进入自己学习原因标题首页个人一次.
4667,82,701,2024-09-04,滑倒摔伤,致命,工地,我们继续然后之后程序工具为什阅读使用问题很多帖子.
4668,72,316,2025-03-29,物体打击,致命,停车场,今年学习标题中心一次这个密码.
4669,49,984,2024-11-08,触电,中度,户外,质量由于语言事情自己各种但是作者通过来自点击.
4670,64,951,2024-10-08,交通事故,重度,户外,根据可能城市全国其中开始系列.
4671,87,450,2025-12-04,交通事故,中度,办公室,时间类别新闻品牌开发业务一定结果.
4672,50,334,2026-06-22,过劳,中度,车间,报告程序结果日期设备单位相关.
4673,10,726,2024-01-05,物体打击,致命,户外,品牌介绍专业你的解决作者语言电脑价格.
4674,89,183,2025-12-29,机械故障,轻度,户外,完成美国学校应用电话汽车.
4675,6,963,2026-07-04,物体打击,中度,户外,下载这些提供只是相关关系使用活动组织而且推荐系统.
4676,17,109,2021-11-29,交通事故,致命,食堂,数据来自音乐工作应用音乐以上类型.
4677,1,785,2025-04-04,火灾,轻度,办公室,标准主题积分各种科技位置语言如何.
4678,56,118,2025-12-08,物体打击,致命,停车场,密码次数怎么电影其中程序能够一直次数品牌欢迎.
4679,85,206,2025-01-12,化学品泄漏,致命,停车场,项目搜索深圳类别组织如果.
4680,75,645,2026-05-18,过劳,重度,户外,类别不过认为你的投资国家使用大小公司国内.
4681,44,817,2025-04-11,过劳,中度,电梯间,其他行业会员一种自己来源因为.
4682,9,388,2026-02-26,滑倒摔伤,致命,食堂,系统男人通过这样搜索电脑.
4683,100,302,2023-07-08,机械故障,中度,食堂,信息关于教育教育你们经济一直.
4684,96,306,2025-08-19,过劳,重度,停车场,工具开发一般密码问题然后社会文章简介管理业务最新目前.
4685,59,444,2026-08-12,机械故障,重度,停车场,文章来源大家具有上海提供电影一样重要是一这个应该.
4686,27,508,2026-03-23,物体打击,中度,电梯间,地方这里显示建设位置或者日本部门比较作者一个有关不会方法.
4687,47,577,2025-11-19,物体打击,轻度,工地,他的要求学生不要广告推荐论坛地址自己任何说明.
4688,30,158,2024-11-15,过劳,中度,办公室,责任一次增加关系因此具有不能我们推荐汽车.
4689,84,231,2026-07-24,坠落事故,重度,工地,或者类别可是国家他的语言出现会员.
4690,65,70,2026-01-09,化学品泄漏,轻度,食堂,一点记者知道来自的话关于你们最后技术发现.
4691,9,687,2025-07-16,化学品泄漏,重度,工地,工具名称什么价格密码的人生产其中因此.
4692,94,622,2026-05-19,交通事故,致命,办公室,历史发表标题公司由于法律是否美国实现回复.
4693,3,890,2025-04-06,坠落事故,中度,仓库,标准中文已经客户或者方法如此市场中文设备.
4694,9,388,2025-07-28,火灾,重度,仓库,不过开始用户地址语言教育出现所有次数系列方法这个运行.
4695,2,191,2022-06-18,交通事故,中度,电梯间,要求方面本站单位任何处理一定朋友密码注册.
4696,73,130,2022-08-31,机械故障,重度,车间,电话帮助用户今天她的价格也是的话.
4697,86,456,2025-07-11,交通事故,重度,办公室,地址她的有关合作所有当前社会朋友.
4698,95,45,2025-09-09,物体打击,重度,维修区,是否或者网站完成非常一样只要以后在线这些更多规定.
4699,53,833,2024-12-12,交通事故,致命,食堂,位置地区活动经济为了建设作品状态为了.
4700,61,56,2026-02-23,过劳,致命,停车场,设备生产孩子他们商品建设表示这里自己地方单位他们.
4701,12,216,2025-03-16,机械故障,轻度,工地,学校市场政府根据图片支持发现网络.
4702,73,17,2025-03-17,化学品泄漏,中度,户外,介绍最新技术制作来源国际那个软件程序我们.
4703,45,469,2025-05-31,化学品泄漏,轻度,维修区,建设那些目前开发开始标题注册类型作者之后投资.
4704,20,744,2025-03-31,滑倒摔伤,致命,维修区,国内研究直接欢迎虽然要求准备什么.
4705,75,674,2026-08-08,坠落事故,重度,食堂,次数文化责任电子管理决定投资技术发表建设地址使用.
4706,96,865,2023-06-27,滑倒摔伤,重度,食堂,比较经营他的非常商品全国他们.
4707,47,944,2024-05-09,物体打击,致命,实验室,其中不过资源支持的话要求最后一定解决或者有关.
4708,65,681,2026-05-26,化学品泄漏,重度,办公室,计划我的帖子社会推荐出来部分有限基本当然经营觉得生活.
4709,48,754,2026-07-22,滑倒摔伤,重度,维修区,为了日本最新能力具有使用提供起来的话这是制作可以今天.
4710,69,40,2025-11-17,职业病,中度,工地,时间他们方法以及喜欢品牌加入使用.
4711,60,760,2025-03-16,交通事故,致命,工地,希望大小报告推荐表示设计虽然当然论坛状态建设文化不同.
4712,47,248,2026-08-16,机械故障,中度,办公室,历史会员世界信息个人不能无法回复希望大家解决.
4713,23,745,2026-07-16,坠落事故,重度,户外,是否日期文章历史标题以上北京本站一点社会所以中心增加.
4714,59,51,2022-10-28,火灾,重度,仓库,出现会员位置发现成为一次空间.
4715,90,924,2024-09-30,坠落事故,致命,工地,手机有些您的免费一下标准不能地方关于以上.
4716,75,941,2025-08-24,滑倒摔伤,轻度,食堂,会员更新国内浏览没有浏览还是这些.
4717,9,293,2024-11-06,交通事故,轻度,实验室,实现我们组织都是怎么方面一样影响企业经济.
4718,92,223,2026-08-19,化学品泄漏,轻度,电梯间,有关次数音乐出来一次朋友作为语言一点同时密码其中.
4719,19,945,2026-07-28,职业病,致命,办公室,国际只是留言到了这样广告情况.
4720,10,726,2025-03-26,物体打击,轻度,实验室,孩子只有没有事情一点来自音乐继续文件产品谢谢.
4721,79,218,2024-02-12,触电,致命,实验室,数据用户投资控制网站目前特别.
4722,93,212,2026-09-06,火灾,致命,工地,之后他们科技男人由于一些知道可能直接完成提供女人.
4723,52,788,2026-02-03,坠落事故,轻度,电梯间,因为那个能够实现用户有关电子能够日期.
4724,28,504,2026-08-17,交通事故,轻度,停车场,这个一般您的继续大小规定.
4725,37,638,2024-01-22,过劳,致命,办公室,两个时间有限系统详细作者直接那么信息资料.
4726,72,718,2026-09-08,化学品泄漏,致命,户外,已经学生分析你们操作方式首页免费国内方面具有之后来自.
4727,28,897,2026-01-01,火灾,致命,办公室,文化其中研究法律根据决定建设一定.
4728,85,576,2022-02-20,交通事故,致命,维修区,日期价格网站都是如果技术当前品牌使用完成.
4729,40,665,2026-07-27,滑倒摔伤,轻度,办公室,项目具有正在这么同时公司如果下载信息责任当然中文生产.
4730,50,334,2026-08-03,火灾,致命,仓库,得到新闻也是到了公司而且以后之后就是为什.
4731,20,744,2025-02-23,坠落事故,重度,仓库,学校留言等级城市程序活动分析威望.
4732,53,131,2026-07-26,滑倒摔伤,轻度,食堂,公司深圳当然直接解决就是.
4733,64,52,2026-08-18,坠落事故,中度,停车场,这样不能起来数据说明运行今天资源电影出现经济关于.
4734,30,812,2024-05-06,过劳,轻度,仓库,出来学习一次大学同时通过这么经验已经目前的人认为.
4735,39,507,2026-07-03,坠落事故,轻度,工地,之后学习客户资料电影销售之间首页解决不是.
4736,49,75,2026-03-27,过劳,重度,实验室,你们不断如何得到为什推荐.
4737,76,294,2025-02-01,过劳,重度,车间,选择需要点击以后业务密码.
4738,11,575,2023-08-16,滑倒摔伤,重度,维修区,客户主要环境国际他的这里人民同时.
4739,57,256,2023-12-21,化学品泄漏,中度,车间,价格密码文化起来根据无法因为网上分析然后之后教育质量.
4740,20,931,2026-07-09,交通事故,致命,仓库,过程单位工程建设还是介绍应用现在人员介绍您的汽车其中.
4741,9,857,2026-06-06,物体打击,重度,电梯间,业务最后帖子次数上海自己手机这么开始以后.
4742,61,282,2026-06-04,火灾,致命,食堂,手机你们帮助语言科技一起全国两个非常资料说明.
4743,12,224,2025-07-07,物体打击,重度,工地,参加包括软件提高我们价格.
4744,50,334,2026-07-21,滑倒摔伤,致命,维修区,搜索女人用户实现是一政府什么之间工程设备业务.
4745,80,642,2026-05-23,化学品泄漏,重度,车间,最后必须有限完成我的电话选择文化注册工作.
4746,91,799,2026-08-13,交通事故,致命,停车场,中心发表经营要求社区最新加入研究简介完全活动一点.
4747,96,287,2022-12-11,职业病,重度,车间,管理本站详细设备经验不断一次有些实现不是喜欢帮助.
4748,31,527,2025-04-13,职业病,轻度,工地,的人公司现在觉得解决任何控制学校.
4749,41,208,2024-08-12,滑倒摔伤,致命,电梯间,商品感觉投资文件手机介绍应用感觉决定开发科技规定因为.
4750,22,702,2026-04-30,职业病,重度,停车场,一起联系地区国际这个可是这里.
4751,34,244,2025-07-08,交通事故,致命,工地,大学还有成功主题一下功能地区那个标题其他出来其中.
4752,82,492,2026-03-22,过劳,轻度,维修区,有些看到资源安全如何成为作品.
4753,94,491,2026-08-05,化学品泄漏,中度,停车场,阅读时候发展不会学校谢谢这些.
4754,22,136,2022-12-07,滑倒摔伤,轻度,办公室,希望来源一切一切评论显示软件相关这些个人.
4755,11,253,2026-02-17,物体打击,致命,实验室,一种选择完全比较具有加入客户成功本站已经.
4756,27,501,2025-03-27,物体打击,重度,仓库,最大北京但是点击个人感觉完成.
4757,43,988,2025-10-13,触电,致命,电梯间,而且数据品牌地址使用直接运行一种.
4758,30,812,2024-01-22,触电,轻度,维修区,应用一起产品浏览密码教育目前简介有关在线国家社区电话.
4759,73,947,2024-11-11,化学品泄漏,致命,维修区,基本网络这里状态市场成功增加点击.
4760,34,420,2026-06-18,交通事故,轻度,车间,安全完成或者觉得需要他的是否发展一个一切或者责任活动.
4761,34,570,2026-03-08,火灾,重度,工地,帖子发表留言中文一个网站手机资料投资生产品牌影响过程.
4762,30,271,2024-08-12,坠落事故,致命,仓库,最新以及全国你们首页没有.
4763,73,652,2025-03-28,坠落事故,中度,停车场,主题品牌电影特别发现生产如此只是.
4764,30,812,2024-06-24,交通事故,致命,实验室,说明环境美国名称所以到了原因企业不断能力开发已经任何.
4765,50,850,2022-08-21,交通事故,重度,食堂,会员只是到了联系商品首页研究如此部门大学.
4766,16,6,2023-08-01,火灾,重度,食堂,报告什么的话帖子中国情况.
4767,73,323,2026-02-05,过劳,致命,办公室,事情大家本站制作提供规定发展以下手机社会.
4768,31,447,2026-06-27,坠落事故,轻度,停车场,说明各种建设选择质量女人系列.
4769,46,572,2026-02-23,坠落事故,重度,食堂,她的然后报告这个那些一样.
4770,10,384,2025-03-22,火灾,中度,实验室,简介介绍但是网站而且活动来自介绍.
4771,96,357,2026-04-02,滑倒摔伤,重度,实验室,通过孩子国际然后使用我们信息首页计划密码电脑.
4772,4,174,2026-08-27,坠落事故,中度,维修区,免费注册来源各种而且事情.
4773,30,636,2025-08-12,滑倒摔伤,中度,仓库,系统情况特别美国设计一直今天要求推荐名称工作然后那么.
4774,31,502,2024-07-28,火灾,重度,维修区,广告觉得中国活动不断文件一个来源电话怎么一个文件.
4775,52,834,2025-12-12,化学品泄漏,致命,停车场,认为经济回复查看选择用户.
4776,83,678,2026-05-23,过劳,致命,维修区,国际相关项目之后数据地区资料男人不同软件大小.
4777,56,430,2023-05-22,物体打击,轻度,车间,下载首页业务注意事情比较人民.
4778,14,895,2026-08-18,机械故障,致命,停车场,阅读关系那些进入标准最新觉得但是.
4779,47,349,2026-09-04,火灾,致命,车间,个人对于以后公司文件日本活动完成成为运行不要作者.
4780,17,407,2026-06-22,火灾,致命,工地,如何可是内容成为主题以后.
4781,87,711,2026-01-12,过劳,中度,户外,中文那个方法任何注意投资不过学习行业首页.
4782,91,175,2025-05-01,化学品泄漏,重度,仓库,她的电子进行以下简介根据提供之后.
4783,73,543,2026-04-11,职业病,轻度,电梯间,北京开始只有直接任何现在搜索您的今天.
4784,36,383,2025-10-06,触电,中度,车间,全国教育他们音乐语言人民全部喜欢中心本站.
4785,22,954,2026-08-16,火灾,中度,停车场,之间公司专业时候相关网上.
4786,16,67,2025-02-12,坠落事故,中度,户外,包括全部会员有些电脑相关留言名称帖子.
4787,68,8,2026-08-07,交通事故,轻度,工地,人员这样感觉如何因为拥有学习一种实现人民系列留言.
4788,85,62,2025-06-11,滑倒摔伤,致命,停车场,就是文化价格完成正在的是大小教育价格技术增加.
4789,16,26,2022-10-14,过劳,重度,电梯间,可以文件登录直接出来新闻应用帖子她的汽车显示方法.
4790,1,351,2026-08-09,触电,重度,电梯间,类别北京帖子大小的是帖子生活任何只是科技图片电话数据.
4791,59,149,2026-08-10,职业病,中度,维修区,使用需要国内自己文化不要继续帮助.
4792,11,629,2025-12-22,触电,重度,食堂,欢迎感觉积分销售电影设计类别准备原因.
4793,47,31,2025-12-07,火灾,重度,工地,处理具有系统方式电脑推荐.
4794,94,807,2024-05-07,滑倒摔伤,致命,实验室,市场制作服务学生能够评论生活分析留言更多日期特别.
4795,70,431,2023-08-03,坠落事故,轻度,维修区,处理能够时候积分增加精华社会.
4796,70,683,2026-03-30,火灾,致命,停车场,查看东西原因更新电脑大学标题男人相关.
4797,70,264,2022-12-02,物体打击,致命,停车场,发展成功大小时间全部文化简介任何方法操作.
4798,97,229,2025-04-19,机械故障,中度,电梯间,客户积分经营谢谢可以一次.
4799,41,208,2025-08-01,化学品泄漏,轻度,维修区,历史进行一定是否中文内容系统.
4800,96,849,2026-07-22,滑倒摔伤,中度,电梯间,的人这种会员国内看到环境知道语言方法注册一个.
4801,69,949,2025-10-14,火灾,致命,实验室,功能搜索部分只是进行不过网络事情社会一切会员主题论坛.
4802,24,222,2026-06-01,过劳,重度,维修区,过程可能环境只有程序还是结果今天为了中心如何深圳政府.
4803,61,83,2025-04-12,坠落事故,中度,工地,加入服务孩子而且是否如何资源所以一点人民一样研究.
4804,28,897,2025-03-25,交通事故,重度,停车场,系列公司用户处理解决以下要求包括产品.
4805,98,610,2026-08-16,火灾,重度,实验室,直接应该管理人员设备全部简介其中服务不同出来.
4806,19,170,2024-12-27,化学品泄漏,重度,电梯间,历史国际企业以后更多中文.
4807,41,220,2024-06-06,坠落事故,致命,仓库,品牌怎么用户记者研究学习只是她的.
4808,45,730,2026-01-09,物体打击,重度,车间,完全一起回复企业是一她的欢迎情况电脑功能.
4809,10,82,2025-02-03,触电,轻度,食堂,中文时间发现深圳介绍东西朋友所以.
4810,68,150,2026-01-06,物体打击,中度,仓库,广告专业孩子只是现在开始一种一下文章怎么作品帮助一样.
4811,37,822,2025-03-10,机械故障,轻度,停车场,内容大小最大如此会员提供您的更多组织为什学习市场男人.
4812,97,352,2025-08-05,化学品泄漏,致命,工地,积分日期工具这个这里最新次数论坛方式方式.
4813,76,778,2024-06-10,职业病,致命,车间,得到以后市场公司还是类别公司都是开始人员成功以后.
4814,3,995,2022-06-22,化学品泄漏,重度,办公室,我们经济大小日期基本品牌.
4815,65,574,2026-08-24,物体打击,致命,仓库,价格如果如何阅读觉得之间经济环境谢谢这里对于的人.
4816,41,66,2026-09-05,化学品泄漏,中度,食堂,成为软件名称单位我们组织结果.
4817,25,940,2026-03-07,过劳,致命,车间,知道介绍是否名称城市发生直接政府.
4818,87,820,2025-07-30,滑倒摔伤,致命,户外,一样以后为什表示经营今天规定以下销售功能成为大学政府.
4819,11,806,2023-09-18,交通事故,重度,实验室,女人系列继续广告过程联系企业.
4820,9,687,2025-10-28,机械故障,重度,户外,事情东西留言女人学习回复其实必须一种知道北京参加其中.
4821,6,808,2025-06-23,职业病,致命,车间,一次美国你的部分根据投资喜欢以下有些工具项目下载虽然.
4822,87,721,2024-10-08,坠落事故,轻度,办公室,来源任何那些具有关于结果企业这些安全而且程序产品.
4823,23,955,2025-12-12,过劳,重度,仓库,觉得不过可是联系文件这是这种等级最大作品欢迎内容.
4824,84,777,2026-08-31,触电,中度,维修区,很多网络国内经验可能建设业务销售就是.
4825,59,444,2025-01-30,化学品泄漏,重度,实验室,一个已经准备为什所以很多孩子成为进入什么.
4826,37,96,2026-08-10,物体打击,致命,维修区,直接作为实现类型能够市场当前来自能够美国设备.
4827,25,902,2025-08-31,职业病,轻度,办公室,成功经营有关可能介绍上海不能威望次数类型一次电话建设之间.
4828,54,184,2025-11-30,触电,致命,仓库,产品手机或者显示你们类型城市完全工作根据过程地址.
4829,76,982,2026-07-25,职业病,轻度,仓库,用户深圳提供她的地址电话重要一种生产都是.
4830,9,362,2026-04-12,火灾,致命,工地,空间北京手机点击可以完成影响作者单位这样觉得之后什么.
4831,47,604,2026-05-09,火灾,轻度,办公室,会员大小支持文件商品完全资料搜索不能.
4832,99,805,2025-12-21,职业病,致命,办公室,游戏方式简介阅读的话说明同时浏览人民提供发表业务.
4833,81,49,2025-01-12,过劳,重度,车间,查看全部简介部门希望品牌她的.
4834,40,337,2025-12-21,过劳,致命,电梯间,只要如何设备类别的人原因可能用户浏览积分无法.
4835,12,376,2026-03-27,职业病,中度,电梯间,当然各种发表准备一种合作来自有限表示因为应用有关.
4836,80,691,2023-12-02,火灾,重度,实验室,可以世界科技如此一个之间那些基本这种评论学校国家.
4837,40,996,2026-07-31,过劳,轻度,停车场,要求可以不断时间可能教育人员行业.
4838,14,391,2025-11-09,火灾,致命,停车场,有限选择网上由于开发欢迎历史一些精华以及这是以及.
4839,79,879,2023-05-07,坠落事故,重度,户外,这个手机公司图片是否网上男人可是重要责任电话.
4840,96,865,2025-02-20,化学品泄漏,重度,食堂,最新过程自己可是人员来自.
4841,35,695,2025-04-18,物体打击,中度,仓库,手机网上类别产品无法公司不同.
4842,42,180,2025-05-23,过劳,轻度,仓库,具有功能电话这样功能世界.
4843,60,698,2025-11-20,化学品泄漏,重度,维修区,北京不会首页信息一次网络一般或者这是以后方面产品市场.
4844,55,743,2025-04-06,交通事故,轻度,电梯间,都是详细留言有些任何提高设备.
4845,32,999,2025-09-06,物体打击,致命,实验室,部分详细准备中文比较一点直接以上.
4846,8,396,2026-08-25,过劳,致命,户外,日本地址有些这种各种法律时间论坛很多一些计划积分.
4847,18,525,2025-10-21,火灾,致命,办公室,质量搜索要求时间这样我的.
4848,84,771,2026-08-15,过劳,致命,维修区,能够一切那么科技能力显示方面上海.
4849,71,801,2026-01-29,过劳,致命,工地,发布谢谢自己情况两个出现当然质量.
4850,73,882,2023-11-23,物体打击,重度,仓库,那么一样觉得参加具有责任因为详细方面操作时候.
4851,10,789,2024-09-20,火灾,重度,电梯间,特别所以为了到了单位不断如何孩子成功作者标准.
4852,57,256,2024-01-19,物体打击,重度,办公室,作者类型中文处理过程社会.
4853,51,843,2024-11-06,职业病,轻度,工地,空间问题这些资源不断同时.
4854,42,173,2025-11-12,机械故障,重度,维修区,各种拥有出来出现他们到了所有相关个人.
4855,80,489,2025-02-02,火灾,轻度,工地,注册一直类别地址那么北京一样不要合作成功生产音乐.
4856,67,412,2025-08-06,化学品泄漏,致命,办公室,分析语言如此系列原因关系.
4857,41,837,2025-05-01,过劳,轻度,车间,因此或者企业不过有些人员类别知道.
4858,98,238,2024-03-01,物体打击,中度,车间,一些行业点击人员或者位置一次可是不能这么.
4859,32,667,2025-01-03,火灾,中度,实验室,设计个人一定评论到了得到因此价格各种大小网上.
4860,84,800,2026-04-09,职业病,致命,实验室,因此提供一般出现帮助其实显示语言一个经济.
4861,25,648,2023-11-20,火灾,中度,户外,其实你们资源网站这是留言设备.
4862,17,61,2026-08-02,交通事故,轻度,实验室,经营回复继续自己能力需要注意目前控制一下销售当然.
4863,40,825,2024-05-04,过劳,重度,车间,回复自己只是质量积分一起帮助个人到了安全分析.
4864,24,494,2025-11-22,物体打击,重度,电梯间,要求很多发布的话在线无法.
4865,86,404,2025-05-16,机械故障,致命,仓库,以及介绍以下组织影响历史为了不过.
4866,61,56,2023-05-08,滑倒摔伤,轻度,维修区,的人新闻具有过程密码制作今天作为.
4867,10,789,2023-05-17,过劳,轻度,食堂,继续注意什么比较知道什么.
4868,68,150,2026-02-16,物体打击,轻度,车间,完成欢迎但是这些但是你的希望一次学习.
4869,71,933,2022-11-06,化学品泄漏,致命,实验室,如何得到以后也是觉得需要问题这是进行中文的人我们.
4870,12,386,2025-10-04,机械故障,致命,维修区,评论这样这么一样这样中文全国开发程序专业信息地址喜欢.
4871,67,392,2025-03-04,交通事故,致命,食堂,用户朋友因为加入社区北京阅读上海为什学生.
4872,37,822,2026-01-10,职业病,轻度,工地,经营建设完成内容一些北京设备状态处理部分开始实现空间.
4873,98,238,2026-08-07,坠落事故,致命,停车场,完全一定开始相关首页继续数据过程.
4874,85,19,2024-10-20,机械故障,重度,车间,您的注册科技知道特别怎么安全包括人民日期一定学习.
4875,35,339,2026-09-05,化学品泄漏,轻度,停车场,经验一个文章之间免费时间不能可是得到学习城市点击的人.
4876,6,712,2026-09-06,过劳,重度,户外,一种帖子学生一点这是专业功能日期注意全国.
4877,58,187,2026-04-04,机械故障,致命,维修区,有关建设全国北京留言能够你们上海更新应该两个以及.
4878,9,569,2025-12-23,火灾,重度,实验室,一起然后运行根据不过更新国际威望认为.
4879,11,575,2025-10-19,滑倒摔伤,轻度,停车场,销售女人使用世界特别手机文件图片.
4880,88,22,2023-02-22,职业病,重度,仓库,事情那么说明建设来源事情由于不同.
4881,92,921,2025-06-14,触电,致命,户外,女人谢谢程序中国更新提供.
4882,43,464,2024-02-28,坠落事故,轻度,食堂,更新比较可能组织事情空间.
4883,43,452,2025-01-06,化学品泄漏,轻度,户外,市场加入自己日期查看技术关于状态.
4884,16,443,2025-12-07,火灾,重度,电梯间,之间浏览详细注意文化规定.
4885,31,758,2022-03-11,过劳,重度,车间,生活拥有新闻论坛任何产品关系提高单位孩子为了.
4886,48,153,2023-01-30,触电,重度,电梯间,教育都是电话生产他的由于一种信息结果情况.
4887,64,52,2026-02-17,火灾,重度,食堂,电影有些威望报告专业只要那么进行文件特别还有.
4888,7,964,2025-07-30,职业病,中度,车间,你们不能包括方面的话价格.
4889,36,558,2026-02-11,坠落事故,轻度,户外,特别她的包括重要大家音乐显示工具加入说明.
4890,91,42,2024-03-14,触电,中度,车间,东西特别比较但是方式已经.
4891,10,257,2024-04-22,交通事故,致命,食堂,处理精华论坛只是社区市场记者标准.
4892,98,283,2026-06-16,交通事故,重度,工地,查看这样发布自己信息组织.
4893,42,173,2025-08-10,滑倒摔伤,致命,维修区,社会网络大学更多只要下载设备发现什么.
4894,1,451,2026-08-10,火灾,中度,车间,标题不要推荐详细影响工具为了主要.
4895,47,923,2023-10-07,职业病,致命,车间,汽车报告应该控制环境一个就是还有重要.
4896,11,445,2025-07-11,交通事故,中度,仓库,而且自己人民专业程序现在来自方式东西使用目前销售北京.
4897,93,740,2026-08-04,坠落事故,致命,食堂,进行教育人员法律地方世界其中积分威望谢谢汽车内容.
4898,75,371,2026-02-28,火灾,重度,户外,起来游戏关于标题地方看到通过论坛开始相关.
4899,9,486,2026-06-29,机械故障,致命,车间,图片如此可以科技感觉欢迎注册正在不是工具品牌其实.
4900,8,920,2026-03-21,坠落事故,中度,车间,怎么北京你们电影个人电子日本出现.
4901,76,813,2025-01-17,过劳,轻度,工地,由于单位程序中心说明合作标题.
4902,84,134,2026-07-17,化学品泄漏,致命,实验室,能够市场说明业务重要你的.
4903,6,963,2026-08-07,滑倒摔伤,重度,停车场,最大历史今天以上日本提供生活为了.
4904,92,425,2025-10-29,坠落事故,轻度,停车场,要求重要然后生产如何更新当然作为.
4905,80,691,2022-10-18,火灾,中度,维修区,服务不同直接当然开始一点最新.
4906,31,314,2024-12-08,过劳,重度,仓库,中国要求关于评论文章自己那么重要他的上海虽然影响.
4907,8,396,2026-08-17,化学品泄漏,重度,办公室,免费决定如果美国发生或者人民也是计划必须应用目前上海.
4908,53,979,2026-04-09,滑倒摔伤,重度,办公室,他的能力公司专业简介使用品牌记者设备报告科技.
4909,33,957,2026-08-31,滑倒摔伤,中度,食堂,没有朋友本站教育解决技术.
4910,73,130,2023-05-10,过劳,中度,工地,还是要求方法责任自己教育影响不能的是设备.
4911,26,203,2026-06-26,化学品泄漏,中度,食堂,管理软件资料这些位置那些影响运行这样.
4912,64,414,2024-10-20,火灾,轻度,户外,女人如果感觉责任管理管理运行语言这些可能.
4913,42,181,2025-10-01,物体打击,重度,实验室,一起这是都是有些行业影响其中谢谢程序东西.
4914,30,158,2024-05-15,火灾,重度,电梯间,对于日期他们出现能力上海发布以下中国很多当前密码.
4915,90,470,2026-03-30,火灾,重度,办公室,这是日期的人下载城市这是.
4916,48,344,2026-03-15,化学品泄漏,轻度,户外,状态文件品牌人员所有孩子只是.
4917,6,793,2024-09-30,机械故障,轻度,仓库,文件经济有些本站一般城市这个.
4918,55,98,2025-02-06,机械故障,轻度,食堂,那些进行回复需要自己程序.
4919,83,709,2022-12-29,物体打击,致命,工地,要求部门增加大家投资工程出现.
4920,53,672,2024-06-16,触电,轻度,工地,国内当然觉得美国情况发生中文有些认为自己由于增加论坛.
4921,68,150,2024-10-30,坠落事故,重度,维修区,很多如何图片浏览专业开发知道.
4922,12,224,2026-01-05,物体打击,轻度,办公室,北京语言国家社会必须城市认为地址.
4923,60,760,2025-05-15,过劳,轻度,车间,人员功能分析回复项目起来必须公司参加一种不会工程.
4924,88,326,2025-12-17,交通事故,重度,实验室,投资得到分析更新包括他的不会自己经济实现为了教育系统.
4925,35,697,2026-08-29,火灾,重度,户外,不要有关点击这么相关介绍商品感觉运行由于搜索.
4926,64,521,2024-09-21,火灾,致命,工地,实现活动程序虽然系统密码.
4927,56,932,2022-04-30,职业病,重度,办公室,当然制作经济应用专业发表积分只要程序自己目前文化.
4928,95,45,2024-09-06,火灾,中度,食堂,进入支持这个资料一定合作市场.
4929,12,376,2025-05-10,过劳,轻度,维修区,全部投资这些控制论坛以及帖子其他生产数据.
4930,20,539,2026-08-31,物体打击,重度,实验室,最新内容相关因此朋友为了特别深圳威望.
4931,6,415,2025-09-22,物体打击,重度,维修区,搜索是一之后之间而且程序社区影响功能目前一个知道现在.
4932,25,940,2023-02-22,物体打击,轻度,车间,状态科技工具应用作者网络一些支持今天.
4933,100,783,2025-11-12,滑倒摔伤,轻度,食堂,当前大学地区回复来自研究决定不是大小你们.
4934,3,946,2024-06-19,坠落事故,致命,停车场,在线商品工作精华具有数据参加东西.
4935,33,495,2025-03-19,滑倒摔伤,轻度,实验室,评论安全一些这样工具这些那些还是日期处理大学.
4936,24,335,2023-09-12,化学品泄漏,轻度,车间,学习这样对于事情根据操作.
4937,84,389,2024-09-20,机械故障,重度,食堂,您的地址教育运行一种那个类别中文研究国际.
4938,17,359,2026-08-21,物体打击,重度,维修区,日本大家也是日本空间论坛是一美国知道音乐发现标准.
4939,26,230,2024-03-29,交通事故,重度,工地,问题发生其中详细法律对于.
4940,22,880,2024-09-21,坠落事故,重度,电梯间,大小今天网络工程之间但是历史.
4941,11,445,2025-07-13,触电,中度,维修区,而且没有产品首页安全要求商品上海政府工程为什欢迎.
4942,86,161,2025-11-07,火灾,轻度,停车场,实现音乐威望留言国内单位.
4943,61,56,2025-05-14,物体打击,致命,食堂,大学重要下载方式现在发生上海他们经营来自.
4944,24,1000,2026-08-06,火灾,致命,停车场,直接建设注意本站发展价格登录名称但是文化日期.
4945,87,221,2026-01-31,机械故障,轻度,办公室,重要的人威望作为如何最新.
4946,81,562,2024-10-25,过劳,致命,办公室,位置直接根据地区问题两个社区.
4947,99,274,2026-07-10,物体打击,中度,仓库,知道标准威望女人关于文件得到.
4948,16,6,2024-12-28,职业病,重度,停车场,过程日期要求这样网络社会的人任何朋友法律以后程序广告.
4949,65,762,2024-01-24,坠落事故,轻度,电梯间,浏览重要可能影响阅读来自详细然后推荐标题两个应用.
4950,99,755,2025-03-31,火灾,轻度,停车场,参加政府人民相关这个网站进行以上教育解决决定我的精华.
4951,18,561,2026-07-11,机械故障,致命,停车场,进入登录经济如此个人中国帮助就是方式记者需要这样.
4952,31,447,2026-07-24,交通事故,致命,车间,只要今天类别发生学校科技就是两个网上各种国家研究时间.
4953,60,233,2025-07-12,化学品泄漏,轻度,维修区,大小登录用户因此全部情况.
4954,27,501,2022-11-06,触电,中度,车间,这里说明方法个人是一过程位置不能作者.
4955,45,666,2026-05-03,坠落事故,致命,电梯间,深圳关系威望表示中文为了国际都是商品活动可以.
4956,90,792,2025-12-30,交通事故,中度,车间,准备建设大家空间一次查看信息一个产品.
4957,41,660,2026-08-28,触电,轻度,车间,教育大家什么本站感觉具有今天经济标题使用论坛行业就是.
4958,85,448,2024-07-20,机械故障,中度,食堂,到了所有其实安全推荐有关重要.
4959,16,99,2024-11-12,机械故障,致命,仓库,生活标准得到影响中国也是原因有些一定女人.
4960,43,452,2025-12-23,交通事故,中度,工地,地址希望下载男人教育希望成为.
4961,10,297,2025-03-15,滑倒摔伤,致命,食堂,以上能够感觉等级使用你们虽然你们其实新闻投资有关.
4962,99,86,2022-09-15,物体打击,重度,工地,同时提供就是重要只要参加类型登录事情加入阅读标题组织.
4963,41,304,2026-07-22,坠落事故,轻度,工地,详细都是大学重要帮助比较他们他的什么操作.
4964,84,800,2026-01-17,坠落事故,致命,仓库,之间解决方式网上今天之后品牌科技决定系列这是设计.
4965,10,789,2025-10-14,触电,中度,电梯间,科技准备不要运行国际也是他的是否.
4966,56,118,2026-05-19,滑倒摔伤,重度,电梯间,以及事情这些工具人员学习直接今年回复密码.
4967,78,816,2024-04-18,交通事故,中度,车间,地址标题回复手机重要次数感觉决定数据根据人员.
4968,22,702,2025-06-14,滑倒摔伤,轻度,维修区,过程需要所以作品觉得问题信息地方部门感觉全部这么.
4969,80,547,2024-09-18,交通事故,致命,户外,一起特别一个其他谢谢一点我们工作您的留言作为标准以下.
4970,1,351,2026-02-10,机械故障,重度,户外,自己标准网站今年社会制作你们.
4971,41,837,2024-02-01,火灾,致命,实验室,同时所以其中两个知道用户其中他的增加不同进行我的.
4972,27,508,2026-07-02,滑倒摔伤,致命,仓库,一定经济然后一定由于登录游戏.
4973,15,411,2026-07-05,职业病,轻度,车间,产品过程其他当前到了因此本站这种孩子由于可以这里根据.
4974,29,929,2024-05-13,化学品泄漏,重度,电梯间,一些进行建设当然空间但是.
4975,47,31,2023-11-03,机械故障,重度,停车场,两个无法中文个人回复最后希望重要最大的人两个自己谢谢.
4976,100,408,2024-09-25,过劳,中度,办公室,只是系列技术上海帮助记者.
4977,40,772,2026-08-29,滑倒摔伤,致命,办公室,或者更新计划你们问题状态国内销售不要这么浏览.
4978,84,800,2026-04-07,火灾,重度,食堂,应该免费产品单位一种如果操作不同.
4979,76,382,2026-05-11,机械故障,中度,实验室,他的那么问题看到欢迎发展一样已经管理进行只是搜索公司.
4980,76,982,2025-11-29,坠落事故,重度,停车场,商品不要教育自己标题类型方式完成他们.
4981,57,307,2025-11-08,触电,中度,仓库,我的汽车标准人员系统如此基本所有.
4982,49,117,2023-09-24,物体打击,中度,车间,业务文章成为如何更新功能一般会员客户大学中心中国.
4983,97,583,2026-04-30,滑倒摔伤,中度,仓库,能够空间都是密码只是结果地方个人的话详细一个密码生产.
4984,60,698,2024-01-11,机械故障,轻度,办公室,表示所以具有来源开始公司.
4985,83,155,2024-02-21,职业病,致命,食堂,文化责任规定而且需要电脑会员标题资料.
4986,28,536,2026-06-01,职业病,重度,工地,更新程序一切计划根据发现客户.
4987,92,265,2026-03-14,坠落事故,重度,工地,大家信息不会学习不会选择.
4988,95,87,2024-10-26,化学品泄漏,重度,电梯间,比较工作深圳帖子有些一种.
4989,34,374,2025-07-03,触电,轻度,电梯间,解决地方地址过程能力知道.
4990,39,627,2022-06-09,职业病,中度,办公室,继续服务生产深圳都是他们这种.
4991,47,669,2026-07-10,物体打击,致命,实验室,然后能力那么查看系列制作看到.
4992,87,708,2025-06-16,触电,重度,维修区,内容设备新闻今年目前积分下载责任怎么希望进行方法很多.
4993,67,406,2021-12-01,火灾,中度,食堂,因为当然销售地区觉得使用广告中心如果制作社区搜索.
4994,73,17,2025-10-28,职业病,致命,维修区,关于喜欢技术中心目前关于同时部门不会.
4995,84,64,2025-10-30,职业病,重度,维修区,今天通过社区是一汽车密码一切不会谢谢.
4996,84,969,2023-03-29,机械故障,轻度,车间,孩子技术业务法律大学专业自己网上社会制作为了社区游戏.
4997,56,430,2026-02-21,交通事故,致命,实验室,表示论坛状态文章语言注意最后各种点击的是大家最新教育.
4998,30,705,2026-03-23,火灾,致命,停车场,还是来源不会完全产品只要更新主要觉得觉得喜欢怎么.
4999,6,50,2026-04-10,滑倒摔伤,中度,电梯间,安全联系城市网站其他电脑有限影响.
5000,19,646,2026-09-06,滑倒摔伤,重度,车间,以后根据建设为了当前功能日本以上制作下载可能方法最大.
